v 30.33351 11.23267 -72.48163
v 30.11171 14.06933 -73.79697
v 32.89978 13.65184 -75.16746
v 33.12158 10.81519 -73.85213
v 34.53698 12.08208 -71.35862
v 34.31518 14.91873 -72.67396
v 31.52711 15.33622 -71.30346
v 31.74891 12.49956 -69.98813
v 33.12158 10.81519 -73.85213
v 34.53698 12.08208 -71.35862
v 31.74891 12.49956 -69.98813
v 30.33351 11.23267 -72.48163
v 30.11171 14.06933 -73.79697
v 31.52711 15.33622 -71.30346
v 34.31518 14.91873 -72.67396
v 32.89978 13.65184 -75.16746
v 32.89978 13.65184 -75.16746
v 34.31518 14.91873 -72.67396
v 34.53698 12.08208 -71.35862
v 33.12158 10.81519 -73.85213
v 30.33351 11.23267 -72.48163
v 31.74891 12.49956 -69.98813
v 31.52711 15.33622 -71.30346
v 30.11171 14.06933 -73.79697
v 31.36804 10.25867 -71.43290
v 31.17404 11.45969 -71.81515
v 31.67074 11.17708 -72.95516
v 31.86474 9.97607 -72.57290
v 33.02312 10.29839 -72.14810
v 32.82912 11.49940 -72.53036
v 32.33242 11.78201 -71.39035
v 32.52642 10.58099 -71.00809
v 31.86474 9.97607 -72.57290
v 33.02312 10.29839 -72.14810
v 32.52642 10.58099 -71.00809
v 31.36804 10.25867 -71.43290
v 31.17404 11.45969 -71.81515
v 32.33242 11.78201 -71.39035
v 32.82912 11.49940 -72.53036
v 31.67074 11.17708 -72.95516
v 31.67074 11.17708 -72.95516
v 32.82912 11.49940 -72.53036
v 33.02312 10.29839 -72.14810
v 31.86474 9.97607 -72.57290
v 31.36804 10.25867 -71.43290
v 32.52642 10.58099 -71.00809
v 32.33242 11.78201 -71.39035
v 31.17404 11.45969 -71.81515
v 32.71159 8.87514 -71.86916
v 32.76493 9.53627 -71.84872
v 32.46493 9.54217 -71.25683
v 32.41159 8.88104 -71.27728
v 31.82208 8.93786 -71.57664
v 31.87543 9.59899 -71.55620
v 32.17543 9.59309 -72.14808
v 32.12208 8.93196 -72.16852
v 32.41159 8.88104 -71.27728
v 31.82208 8.93786 -71.57664
v 32.12208 8.93196 -72.16852
v 32.71159 8.87514 -71.86916
v 32.76493 9.53627 -71.84872
v 32.17543 9.59309 -72.14808
v 31.87543 9.59899 -71.55620
v 32.46493 9.54217 -71.25683
v 32.46493 9.54217 -71.25683
v 31.87543 9.59899 -71.55620
v 31.82208 8.93786 -71.57664
v 32.41159 8.88104 -71.27728
v 32.71159 8.87514 -71.86916
v 32.12208 8.93196 -72.16852
v 32.17543 9.59309 -72.14808
v 32.76493 9.53627 -71.84872
v 30.17988 8.64221 -74.30873
v 29.56932 9.83955 -74.83977
v 29.80357 10.51582 -73.58431
v 30.41414 9.31848 -73.05327
v 29.12544 8.87413 -72.57346
v 28.51487 10.07147 -73.10450
v 28.28062 9.39520 -74.35996
v 28.89118 8.19786 -73.82892
v 30.41414 9.31848 -73.05327
v 29.12544 8.87413 -72.57346
v 28.89118 8.19786 -73.82892
v 30.17988 8.64221 -74.30873
v 29.56932 9.83955 -74.83977
v 28.28062 9.39520 -74.35996
v 28.51487 10.07147 -73.10450
v 29.80357 10.51582 -73.58431
v 29.80357 10.51582 -73.58431
v 28.51487 10.07147 -73.10450
v 29.12544 8.87413 -72.57346
v 30.41414 9.31848 -73.05327
v 30.17988 8.64221 -74.30873
v 28.89118 8.19786 -73.82892
v 28.28062 9.39520 -74.35996
v 29.56932 9.83955 -74.83977
v 69.00514 18.21656 39.93982
v 67.55631 20.36126 39.88201
v 67.50287 20.39492 42.47010
v 68.95170 18.25022 42.52791
v 66.80688 16.80063 42.50248
v 65.35805 18.94533 42.44467
v 65.41149 18.91167 39.85657
v 66.86032 16.76696 39.91439
v 68.95170 18.25022 42.52791
v 66.80688 16.80063 42.50248
v 66.86032 16.76696 39.91439
v 69.00514 18.21656 39.93982
v 67.55631 20.36126 39.88201
v 65.41149 18.91167 39.85657
v 65.35805 18.94533 42.44467
v 67.50287 20.39492 42.47010
v 67.50287 20.39492 42.47010
v 65.35805 18.94533 42.44467
v 66.80688 16.80063 42.50248
v 68.95170 18.25022 42.52791
v 69.00514 18.21656 39.93982
v 66.86032 16.76696 39.91439
v 65.41149 18.91167 39.85657
v 67.55631 20.36126 39.88201
v 67.29080 20.92397 40.95012
v 67.53126 21.53836 41.00053
v 66.93665 21.75524 41.19350
v 66.69619 21.14085 41.14310
v 66.53353 21.25627 40.51218
v 66.77399 21.87066 40.56259
v 67.36860 21.65378 40.36961
v 67.12814 21.03939 40.31920
v 66.69619 21.14085 41.14310
v 66.53353 21.25627 40.51218
v 67.12814 21.03939 40.31920
v 67.29080 20.92397 40.95012
v 67.53126 21.53836 41.00053
v 67.36860 21.65378 40.36961
v 66.77399 21.87066 40.56259
v 66.93665 21.75524 41.19350
v 66.93665 21.75524 41.19350
v 66.77399 21.87066 40.56259
v 66.53353 21.25627 40.51218
v 66.69619 21.14085 41.14310
v 67.29080 20.92397 40.95012
v 67.12814 21.03939 40.31920
v 67.36860 21.65378 40.36961
v 67.53126 21.53836 41.00053
v 66.16983 20.15645 42.94369
v 66.24014 21.06380 43.19567
v 65.42559 21.24919 42.75537
v 65.35529 20.34184 42.50340
v 65.82782 20.52641 41.70692
v 65.89813 21.43376 41.95890
v 66.71267 21.24837 42.39920
v 66.64237 20.34102 42.14722
v 65.35529 20.34184 42.50340
v 65.82782 20.52641 41.70692
v 66.64237 20.34102 42.14722
v 66.16983 20.15645 42.94369
v 66.24014 21.06380 43.19567
v 66.71267 21.24837 42.39920
v 65.89813 21.43376 41.95890
v 65.42559 21.24919 42.75537
v 65.42559 21.24919 42.75537
v 65.89813 21.43376 41.95890
v 65.82782 20.52641 41.70692
v 65.35529 20.34184 42.50340
v 66.16983 20.15645 42.94369
v 66.64237 20.34102 42.14722
v 66.71267 21.24837 42.39920
v 66.24014 21.06380 43.19567
v 65.76189 16.95692 43.21767
v 65.12493 18.27774 43.46106
v 65.17826 18.57178 42.00496
v 65.81522 17.25096 41.76157
v 67.15722 17.86618 41.93496
v 66.52026 19.18701 42.17834
v 66.46693 18.89297 43.63445
v 67.10389 17.57215 43.39106
v 65.81522 17.25096 41.76157
v 67.15722 17.86618 41.93496
v 67.10389 17.57215 43.39106
v 65.76189 16.95692 43.21767
v 65.12493 18.27774 43.46106
v 66.46693 18.89297 43.63445
v 66.52026 19.18701 42.17834
v 65.17826 18.57178 42.00496
v 65.17826 18.57178 42.00496
v 66.52026 19.18701 42.17834
v 67.15722 17.86618 41.93496
v 65.81522 17.25096 41.76157
v 65.76189 16.95692 43.21767
v 67.10389 17.57215 43.39106
v 66.46693 18.89297 43.63445
v 65.12493 18.27774 43.46106
v 67.02523 16.31716 39.79756
v 66.59516 17.50921 40.23132
v 67.80328 17.75447 40.75514
v 68.23335 16.56242 40.32138
v 67.84659 16.00299 41.47531
v 67.41652 17.19504 41.90907
v 66.20840 16.94978 41.38525
v 66.63847 15.75773 40.95149
v 68.23335 16.56242 40.32138
v 67.84659 16.00299 41.47531
v 66.63847 15.75773 40.95149
v 67.02523 16.31716 39.79756
v 66.59516 17.50921 40.23132
v 66.20840 16.94978 41.38525
v 67.41652 17.19504 41.90907
v 67.80328 17.75447 40.75514
v 67.80328 17.75447 40.75514
v 67.41652 17.19504 41.90907
v 67.84659 16.00299 41.47531
v 68.23335 16.56242 40.32138
v 67.02523 16.31716 39.79756
v 66.63847 15.75773 40.95149
v 66.20840 16.94978 41.38525
v 66.59516 17.50921 40.23132
v -39.55226 18.56640 -69.30352
v -39.35368 20.49360 -68.51525
v -37.77691 20.87157 -69.83655
v -37.97549 18.94437 -70.62482
v -36.61561 18.22470 -69.20788
v -36.41704 20.15190 -68.41961
v -37.99381 19.77392 -67.09832
v -38.19238 17.84672 -67.88658
v -37.97549 18.94437 -70.62482
v -36.61561 18.22470 -69.20788
v -38.19238 17.84672 -67.88658
v -39.55226 18.56640 -69.30352
v -39.35368 20.49360 -68.51525
v -37.99381 19.77392 -67.09832
v -36.41704 20.15190 -68.41961
v -37.77691 20.87157 -69.83655
v -37.77691 20.87157 -69.83655
v -36.41704 20.15190 -68.41961
v -36.61561 18.22470 -69.20788
v -37.97549 18.94437 -70.62482
v -39.55226 18.56640 -69.30352
v -38.19238 17.84672 -67.88658
v -37.99381 19.77392 -67.09832
v -39.35368 20.49360 -68.51525
v -38.66307 16.31144 -69.09098
v -38.24382 17.28504 -69.16458
v -37.26779 16.86498 -69.16155
v -37.68704 15.89138 -69.08794
v -37.66072 15.96018 -68.02792
v -37.24147 16.93378 -68.10152
v -38.21749 17.35385 -68.10455
v -38.63675 16.38025 -68.03095
v -37.68704 15.89138 -69.08794
v -37.66072 15.96018 -68.02792
v -38.63675 16.38025 -68.03095
v -38.66307 16.31144 -69.09098
v -38.24382 17.28504 -69.16458
v -38.21749 17.35385 -68.10455
v -37.24147 16.93378 -68.10152
v -37.26779 16.86498 -69.16155
v -37.26779 16.86498 -69.16155
v -37.24147 16.93378 -68.10152
v -37.66072 15.96018 -68.02792
v -37.68704 15.89138 -69.08794
v -38.66307 16.31144 -69.09098
v -38.63675 16.38025 -68.03095
v -38.21749 17.35385 -68.10455
v -38.24382 17.28504 -69.16458
v -40.57767 16.44925 -67.82712
v -40.71745 17.41305 -67.74378
v -39.82069 17.51056 -67.36736
v -39.68090 16.54676 -67.45070
v -40.04375 16.41647 -66.55251
v -40.18353 17.38027 -66.46917
v -41.08030 17.28276 -66.84558
v -40.94052 16.31896 -66.92892
v -39.68090 16.54676 -67.45070
v -40.04375 16.41647 -66.55251
v -40.94052 16.31896 -66.92892
v -40.57767 16.44925 -67.82712
v -40.71745 17.41305 -67.74378
v -41.08030 17.28276 -66.84558
v -40.18353 17.38027 -66.46917
v -39.82069 17.51056 -67.36736
v -39.82069 17.51056 -67.36736
v -40.18353 17.38027 -66.46917
v -40.04375 16.41647 -66.55251
v -39.68090 16.54676 -67.45070
v -40.57767 16.44925 -67.82712
v -40.94052 16.31896 -66.92892
v -41.08030 17.28276 -66.84558
v -40.71745 17.41305 -67.74378
v -37.63653 14.83231 -68.97440
v -37.26254 15.77028 -69.34681
v -36.96917 16.04925 -68.34958
v -37.34316 15.11127 -67.97717
v -38.30878 15.55931 -67.81842
v -37.93479 16.49729 -68.19084
v -38.22816 16.21833 -69.18807
v -38.60216 15.28035 -68.81566
v -37.34316 15.11127 -67.97717
v -38.30878 15.55931 -67.81842
v -38.60216 15.28035 -68.81566
v -37.63653 14.83231 -68.97440
v -37.26254 15.77028 -69.34681
v -38.22816 16.21833 -69.18807
v -37.93479 16.49729 -68.19084
v -36.96917 16.04925 -68.34958
v -36.96917 16.04925 -68.34958
v -37.93479 16.49729 -68.19084
v -38.30878 15.55931 -67.81842
v -37.34316 15.11127 -67.97717
v -37.63653 14.83231 -68.97440
v -38.60216 15.28035 -68.81566
v -38.22816 16.21833 -69.18807
v -37.26254 15.77028 -69.34681
v -66.48369 15.31668 46.45519
v -67.30149 18.06644 44.82383
v -64.35294 18.06393 43.34148
v -63.53514 15.31416 44.97283
v -62.29878 17.13902 47.42897
v -63.11658 19.88879 45.79762
v -66.06513 19.89130 47.27997
v -65.24733 17.14154 48.91133
v -63.53514 15.31416 44.97283
v -62.29878 17.13902 47.42897
v -65.24733 17.14154 48.91133
v -66.48369 15.31668 46.45519
v -67.30149 18.06644 44.82383
v -66.06513 19.89130 47.27997
v -63.11658 19.88879 45.79762
v -64.35294 18.06393 43.34148
v -64.35294 18.06393 43.34148
v -63.11658 19.88879 45.79762
v -62.29878 17.13902 47.42897
v -63.53514 15.31416 44.97283
v -66.48369 15.31668 46.45519
v -65.24733 17.14154 48.91133
v -66.06513 19.89130 47.27997
v -67.30149 18.06644 44.82383
v -64.87344 13.21533 44.47122
v -64.32518 14.50879 44.88948
v -63.18508 13.82566 45.50757
v -63.73333 12.53220 45.08932
v -64.47368 12.43807 46.35090
v -63.92542 13.73153 46.76915
v -65.06553 14.41465 46.15105
v -65.61379 13.12120 45.73280
v -63.73333 12.53220 45.08932
v -64.47368 12.43807 46.35090
v -65.61379 13.12120 45.73280
v -64.87344 13.21533 44.47122
v -64.32518 14.50879 44.88948
v -65.06553 14.41465 46.15105
v -63.92542 13.73153 46.76915
v -63.18508 13.82566 45.50757
v -63.18508 13.82566 45.50757
v -63.92542 13.73153 46.76915
v -64.47368 12.43807 46.35090
v -63.73333 12.53220 45.08932
v -64.87344 13.21533 44.47122
v -65.61379 13.12120 45.73280
v -65.06553 14.41465 46.15105
v -64.32518 14.50879 44.88948
v -65.93734 14.17838 43.62080
v -65.23296 15.33135 43.66022
v -64.08041 14.62603 43.69503
v -64.78479 13.47306 43.65562
v -64.83506 13.45760 45.00628
v -64.13067 14.61057 45.04570
v -65.28322 15.31588 45.01088
v -65.98760 14.16292 44.97146
v -64.78479 13.47306 43.65562
v -64.83506 13.45760 45.00628
v -65.98760 14.16292 44.97146
v -65.93734 14.17838 43.62080
v -65.23296 15.33135 43.66022
v -65.28322 15.31588 45.01088
v -64.13067 14.61057 45.04570
v -64.08041 14.62603 43.69503
v -64.08041 14.62603 43.69503
v -64.13067 14.61057 45.04570
v -64.83506 13.45760 45.00628
v -64.78479 13.47306 43.65562
v -65.93734 14.17838 43.62080
v -65.98760 14.16292 44.97146
v -65.28322 15.31588 45.01088
v -65.23296 15.33135 43.66022
v -65.62661 16.73572 43.26355
v -66.12774 17.79330 43.48223
v -65.04899 18.29486 43.52867
v -64.54786 17.23729 43.30999
v -64.49699 17.01960 44.47937
v -64.99812 18.07718 44.69805
v -66.07687 17.57561 44.65161
v -65.57573 16.51803 44.43293
v -64.54786 17.23729 43.30999
v -64.49699 17.01960 44.47937
v -65.57573 16.51803 44.43293
v -65.62661 16.73572 43.26355
v -66.12774 17.79330 43.48223
v -66.07687 17.57561 44.65161
v -64.99812 18.07718 44.69805
v -65.04899 18.29486 43.52867
v -65.04899 18.29486 43.52867
v -64.99812 18.07718 44.69805
v -64.49699 17.01960 44.47937
v -64.54786 17.23729 43.30999
v -65.62661 16.73572 43.26355
v -65.57573 16.51803 44.43293
v -66.07687 17.57561 44.65161
v -66.12774 17.79330 43.48223
v -64.79288 13.28990 44.27423
v -65.09836 13.84825 44.42337
v -65.65585 13.60801 44.18086
v -65.35037 13.04966 44.03172
v -65.19804 13.29017 43.44328
v -65.50353 13.84853 43.59242
v -64.94603 14.08877 43.83492
v -64.64055 13.53041 43.68578
v -65.35037 13.04966 44.03172
v -65.19804 13.29017 43.44328
v -64.64055 13.53041 43.68578
v -64.79288 13.28990 44.27423
v -65.09836 13.84825 44.42337
v -64.94603 14.08877 43.83492
v -65.50353 13.84853 43.59242
v -65.65585 13.60801 44.18086
v -65.65585 13.60801 44.18086
v -65.50353 13.84853 43.59242
v -65.19804 13.29017 43.44328
v -65.35037 13.04966 44.03172
v -64.79288 13.28990 44.27423
v -64.64055 13.53041 43.68578
v -64.94603 14.08877 43.83492
v -65.09836 13.84825 44.42337
v 79.75134 7.18717 -3.41190
v 80.66087 9.81739 -2.87703
v 80.72876 9.23028 -0.10538
v 79.81922 6.60007 -0.64025
v 77.13604 7.47680 -0.38882
v 78.04557 10.10701 0.14605
v 77.97769 10.69411 -2.62560
v 77.06815 8.06390 -3.16047
v 79.81922 6.60007 -0.64025
v 77.13604 7.47680 -0.38882
v 77.06815 8.06390 -3.16047
v 79.75134 7.18717 -3.41190
v 80.66087 9.81739 -2.87703
v 77.97769 10.69411 -2.62560
v 78.04557 10.10701 0.14605
v 80.72876 9.23028 -0.10538
v 80.72876 9.23028 -0.10538
v 78.04557 10.10701 0.14605
v 77.13604 7.47680 -0.38882
v 79.81922 6.60007 -0.64025
v 79.75134 7.18717 -3.41190
v 77.06815 8.06390 -3.16047
v 77.97769 10.69411 -2.62560
v 80.66087 9.81739 -2.87703
v 78.74798 5.71369 -4.84131
v 79.20995 6.60530 -5.47693
v 79.26996 7.27352 -4.49598
v 78.80799 6.38191 -3.86036
v 77.71466 6.79532 -4.07509
v 78.17663 7.68693 -4.71071
v 78.11662 7.01870 -5.69166
v 77.65465 6.12710 -5.05604
v 78.80799 6.38191 -3.86036
v 77.71466 6.79532 -4.07509
v 77.65465 6.12710 -5.05604
v 78.74798 5.71369 -4.84131
v 79.20995 6.60530 -5.47693
v 78.11662 7.01870 -5.69166
v 78.17663 7.68693 -4.71071
v 79.26996 7.27352 -4.49598
v 79.26996 7.27352 -4.49598
v 78.17663 7.68693 -4.71071
v 77.71466 6.79532 -4.07509
v 78.80799 6.38191 -3.86036
v 78.74798 5.71369 -4.84131
v 77.65465 6.12710 -5.05604
v 78.11662 7.01870 -5.69166
v 79.20995 6.60530 -5.47693
v 77.78513 7.80238 -4.86291
v 77.73716 8.45940 -5.03361
v 78.25310 8.38349 -5.47083
v 78.30108 7.72646 -5.30013
v 78.74223 7.88670 -4.80736
v 78.69426 8.54372 -4.97806
v 78.17832 8.61964 -4.54084
v 78.22629 7.96262 -4.37015
v 78.30108 7.72646 -5.30013
v 78.74223 7.88670 -4.80736
v 78.22629 7.96262 -4.37015
v 77.78513 7.80238 -4.86291
v 77.73716 8.45940 -5.03361
v 78.17832 8.61964 -4.54084
v 78.69426 8.54372 -4.97806
v 78.25310 8.38349 -5.47083
v 78.25310 8.38349 -5.47083
v 78.69426 8.54372 -4.97806
v 78.74223 7.88670 -4.80736
v 78.30108 7.72646 -5.30013
v 77.78513 7.80238 -4.86291
v 78.22629 7.96262 -4.37015
v 78.17832 8.61964 -4.54084
v 77.73716 8.45940 -5.03361
v -77.66928 9.55674 -3.17363
v -76.95176 12.23637 -3.66719
v -79.64402 13.01215 -3.36928
v -80.36154 10.33252 -2.87572
v -80.78076 9.93678 -5.63371
v -80.06324 12.61641 -6.12727
v -77.37098 11.84063 -6.42518
v -78.08850 9.16100 -5.93162
v -80.36154 10.33252 -2.87572
v -80.78076 9.93678 -5.63371
v -78.08850 9.16100 -5.93162
v -77.66928 9.55674 -3.17363
v -76.95176 12.23637 -3.66719
v -77.37098 11.84063 -6.42518
v -80.06324 12.61641 -6.12727
v -79.64402 13.01215 -3.36928
v -79.64402 13.01215 -3.36928
v -80.06324 12.61641 -6.12727
v -80.78076 9.93678 -5.63371
v -80.36154 10.33252 -2.87572
v -77.66928 9.55674 -3.17363
v -78.08850 9.16100 -5.93162
v -77.37098 11.84063 -6.42518
v -76.95176 12.23637 -3.66719
v -78.72503 12.62242 -4.89615
v -79.13587 13.43213 -4.96356
v -78.67075 13.60457 -5.72705
v -78.25991 12.79485 -5.65963
v -77.59369 13.17380 -5.16818
v -78.00454 13.98352 -5.23560
v -78.46965 13.81108 -4.47211
v -78.05881 13.00137 -4.40470
v -78.25991 12.79485 -5.65963
v -77.59369 13.17380 -5.16818
v -78.05881 13.00137 -4.40470
v -78.72503 12.62242 -4.89615
v -79.13587 13.43213 -4.96356
v -78.46965 13.81108 -4.47211
v -78.00454 13.98352 -5.23560
v -78.67075 13.60457 -5.72705
v -78.67075 13.60457 -5.72705
v -78.00454 13.98352 -5.23560
v -77.59369 13.17380 -5.16818
v -78.25991 12.79485 -5.65963
v -78.72503 12.62242 -4.89615
v -78.05881 13.00137 -4.40470
v -78.46965 13.81108 -4.47211
v -79.13587 13.43213 -4.96356
v -78.11080 8.97961 -5.87925
v -77.78455 9.76465 -5.53943
v -77.65836 9.36077 -4.72755
v -77.98461 8.57573 -5.06736
v -78.83068 8.81821 -4.81523
v -78.50442 9.60325 -4.47542
v -78.63062 10.00713 -5.28730
v -78.95687 9.22209 -5.62712
v -77.98461 8.57573 -5.06736
v -78.83068 8.81821 -4.81523
v -78.95687 9.22209 -5.62712
v -78.11080 8.97961 -5.87925
v -77.78455 9.76465 -5.53943
v -78.63062 10.00713 -5.28730
v -78.50442 9.60325 -4.47542
v -77.65836 9.36077 -4.72755
v -77.65836 9.36077 -4.72755
v -78.50442 9.60325 -4.47542
v -78.83068 8.81821 -4.81523
v -77.98461 8.57573 -5.06736
v -78.11080 8.97961 -5.87925
v -78.95687 9.22209 -5.62712
v -78.63062 10.00713 -5.28730
v -77.78455 9.76465 -5.53943
v -78.62238 12.28217 -8.60064
v -78.92292 13.25780 -9.05069
v -77.85868 13.59230 -9.03623
v -77.55814 12.61667 -8.58619
v -77.70572 13.04208 -7.56542
v -78.00626 14.01771 -8.01546
v -79.07050 13.68320 -8.02992
v -78.76996 12.70757 -7.57988
v -77.55814 12.61667 -8.58619
v -77.70572 13.04208 -7.56542
v -78.76996 12.70757 -7.57988
v -78.62238 12.28217 -8.60064
v -78.92292 13.25780 -9.05069
v -79.07050 13.68320 -8.02992
v -78.00626 14.01771 -8.01546
v -77.85868 13.59230 -9.03623
v -77.85868 13.59230 -9.03623
v -78.00626 14.01771 -8.01546
v -77.70572 13.04208 -7.56542
v -77.55814 12.61667 -8.58619
v -78.62238 12.28217 -8.60064
v -78.76996 12.70757 -7.57988
v -79.07050 13.68320 -8.02992
v -78.92292 13.25780 -9.05069
v -77.90447 10.53895 -2.78755
v -77.98810 11.83308 -2.55948
v -77.53601 11.64683 -1.33690
v -77.45239 10.35271 -1.56497
v -78.68624 10.19675 -1.13247
v -78.76987 11.49088 -0.90440
v -79.22196 11.67713 -2.12698
v -79.13833 10.38300 -2.35505
v -77.45239 10.35271 -1.56497
v -78.68624 10.19675 -1.13247
v -79.13833 10.38300 -2.35505
v -77.90447 10.53895 -2.78755
v -77.98810 11.83308 -2.55948
v -79.22196 11.67713 -2.12698
v -78.76987 11.49088 -0.90440
v -77.53601 11.64683 -1.33690
v -77.53601 11.64683 -1.33690
v -78.76987 11.49088 -0.90440
v -78.68624 10.19675 -1.13247
v -77.45239 10.35271 -1.56497
v -77.90447 10.53895 -2.78755
v -79.13833 10.38300 -2.35505
v -79.22196 11.67713 -2.12698
v -77.98810 11.83308 -2.55948
v 10.78381 4.76944 77.64451
v 10.30106 6.96501 77.18741
v 10.45189 7.46331 79.42157
v 10.93464 5.26774 79.87867
v 8.69706 4.82764 80.12789
v 8.21431 7.02321 79.67079
v 8.06348 6.52491 77.43663
v 8.54623 4.32934 77.89373
v 10.93464 5.26774 79.87867
v 8.69706 4.82764 80.12789
v 8.54623 4.32934 77.89373
v 10.78381 4.76944 77.64451
v 10.30106 6.96501 77.18741
v 8.06348 6.52491 77.43663
v 8.21431 7.02321 79.67079
v 10.45189 7.46331 79.42157
v 10.45189 7.46331 79.42157
v 8.21431 7.02321 79.67079
v 8.69706 4.82764 80.12789
v 10.93464 5.26774 79.87867
v 10.78381 4.76944 77.64451
v 8.54623 4.32934 77.89373
v 8.06348 6.52491 77.43663
v 10.30106 6.96501 77.18741
v 12.66876 3.33836 78.46133
v 12.29121 4.44404 78.01597
v 13.44920 4.67346 77.60387
v 13.82675 3.56779 78.04923
v 14.10945 4.10469 79.14249
v 13.73189 5.21036 78.69713
v 12.57391 4.98093 79.10924
v 12.95146 3.87526 79.55460
v 13.82675 3.56779 78.04923
v 14.10945 4.10469 79.14249
v 12.95146 3.87526 79.55460
v 12.66876 3.33836 78.46133
v 12.29121 4.44404 78.01597
v 12.57391 4.98093 79.10924
v 13.73189 5.21036 78.69713
v 13.44920 4.67346 77.60387
v 13.44920 4.67346 77.60387
v 13.73189 5.21036 78.69713
v 14.10945 4.10469 79.14249
v 13.82675 3.56779 78.04923
v 12.66876 3.33836 78.46133
v 12.95146 3.87526 79.55460
v 12.57391 4.98093 79.10924
v 12.29121 4.44404 78.01597
v 9.05844 6.61652 78.30554
v 8.99830 7.57141 77.74266
v 10.08205 7.74039 77.91352
v 10.14219 6.78550 78.47640
v 9.90954 7.32578 79.41780
v 9.84939 8.28066 78.85492
v 8.76564 8.11169 78.68406
v 8.82579 7.15680 79.24694
v 10.14219 6.78550 78.47640
v 9.90954 7.32578 79.41780
v 8.82579 7.15680 79.24694
v 9.05844 6.61652 78.30554
v 8.99830 7.57141 77.74266
v 8.76564 8.11169 78.68406
v 9.84939 8.28066 78.85492
v 10.08205 7.74039 77.91352
v 10.08205 7.74039 77.91352
v 9.84939 8.28066 78.85492
v 9.90954 7.32578 79.41780
v 10.14219 6.78550 78.47640
v 9.05844 6.61652 78.30554
v 8.82579 7.15680 79.24694
v 8.76564 8.11169 78.68406
v 8.99830 7.57141 77.74266
v 11.47417 7.71430 79.28574
v 10.70188 8.57829 79.30799
v 10.06266 8.02737 78.51345
v 10.83494 7.16338 78.49121
v 11.41664 7.70506 77.64763
v 10.64435 8.56904 77.66988
v 11.28357 9.11997 78.46441
v 12.05586 8.25598 78.44216
v 10.83494 7.16338 78.49121
v 11.41664 7.70506 77.64763
v 12.05586 8.25598 78.44216
v 11.47417 7.71430 79.28574
v 10.70188 8.57829 79.30799
v 11.28357 9.11997 78.46441
v 10.64435 8.56904 77.66988
v 10.06266 8.02737 78.51345
v 10.06266 8.02737 78.51345
v 10.64435 8.56904 77.66988
v 11.41664 7.70506 77.64763
v 10.83494 7.16338 78.49121
v 11.47417 7.71430 79.28574
v 12.05586 8.25598 78.44216
v 11.28357 9.11997 78.46441
v 10.70188 8.57829 79.30799
v -2.05914 6.73773 -77.92947
v -3.61572 8.91668 -77.04491
v -5.96680 7.45121 -77.57225
v -4.41021 5.27226 -78.45682
v -4.46242 6.30077 -81.08221
v -6.01901 8.47972 -80.19765
v -3.66793 9.94518 -79.67030
v -2.11135 7.76623 -80.55487
v -4.41021 5.27226 -78.45682
v -4.46242 6.30077 -81.08221
v -2.11135 7.76623 -80.55487
v -2.05914 6.73773 -77.92947
v -3.61572 8.91668 -77.04491
v -3.66793 9.94518 -79.67030
v -6.01901 8.47972 -80.19765
v -5.96680 7.45121 -77.57225
v -5.96680 7.45121 -77.57225
v -6.01901 8.47972 -80.19765
v -4.46242 6.30077 -81.08221
v -4.41021 5.27226 -78.45682
v -2.05914 6.73773 -77.92947
v -2.11135 7.76623 -80.55487
v -3.66793 9.94518 -79.67030
v -3.61572 8.91668 -77.04491
v -4.62794 4.53605 -78.88008
v -4.96510 5.58577 -78.90053
v -5.25636 5.51289 -77.83947
v -4.91920 4.46317 -77.81902
v -5.92791 4.13335 -78.11856
v -6.26506 5.18307 -78.13901
v -5.97380 5.25595 -79.20007
v -5.63665 4.20623 -79.17962
v -4.91920 4.46317 -77.81902
v -5.92791 4.13335 -78.11856
v -5.63665 4.20623 -79.17962
v -4.62794 4.53605 -78.88008
v -4.96510 5.58577 -78.90053
v -5.97380 5.25595 -79.20007
v -6.26506 5.18307 -78.13901
v -5.25636 5.51289 -77.83947
v -5.25636 5.51289 -77.83947
v -6.26506 5.18307 -78.13901
v -5.92791 4.13335 -78.11856
v -4.91920 4.46317 -77.81902
v -4.62794 4.53605 -78.88008
v -5.63665 4.20623 -79.17962
v -5.97380 5.25595 -79.20007
v -4.96510 5.58577 -78.90053
v -3.47804 4.50766 -78.87522
v -3.82144 5.31210 -79.21046
v -3.62524 5.73454 -78.39775
v -3.28184 4.93009 -78.06251
v -4.13097 4.70237 -77.73915
v -4.47438 5.50682 -78.07439
v -4.67057 5.08438 -78.88711
v -4.32717 4.27993 -78.55187
v -3.28184 4.93009 -78.06251
v -4.13097 4.70237 -77.73915
v -4.32717 4.27993 -78.55187
v -3.47804 4.50766 -78.87522
v -3.82144 5.31210 -79.21046
v -4.67057 5.08438 -78.88711
v -4.47438 5.50682 -78.07439
v -3.62524 5.73454 -78.39775
v -3.62524 5.73454 -78.39775
v -4.47438 5.50682 -78.07439
v -4.13097 4.70237 -77.73915
v -3.28184 4.93009 -78.06251
v -3.47804 4.50766 -78.87522
v -4.32717 4.27993 -78.55187
v -4.67057 5.08438 -78.88711
v -3.82144 5.31210 -79.21046
v -6.75722 6.34424 -78.50137
v -5.74945 7.38917 -78.61927
v -5.01646 6.57404 -79.57827
v -6.02423 5.52911 -79.46037
v -5.27024 4.92490 -78.37051
v -4.26247 5.96983 -78.48841
v -4.99546 6.78495 -77.52940
v -6.00323 5.74002 -77.41151
v -6.02423 5.52911 -79.46037
v -5.27024 4.92490 -78.37051
v -6.00323 5.74002 -77.41151
v -6.75722 6.34424 -78.50137
v -5.74945 7.38917 -78.61927
v -4.99546 6.78495 -77.52940
v -4.26247 5.96983 -78.48841
v -5.01646 6.57404 -79.57827
v -5.01646 6.57404 -79.57827
v -4.26247 5.96983 -78.48841
v -5.27024 4.92490 -78.37051
v -6.02423 5.52911 -79.46037
v -6.75722 6.34424 -78.50137
v -6.00323 5.74002 -77.41151
v -4.99546 6.78495 -77.52940
v -5.74945 7.38917 -78.61927
v 48.06288 9.94169 63.98456
v 49.13083 12.73874 65.06884
v 46.39894 13.17007 66.64694
v 45.33098 10.37302 65.56266
v 44.09166 11.83252 63.01833
v 45.15962 14.62957 64.10261
v 47.89152 14.19825 62.52451
v 46.82356 11.40119 61.44023
v 45.33098 10.37302 65.56266
v 44.09166 11.83252 63.01833
v 46.82356 11.40119 61.44023
v 48.06288 9.94169 63.98456
v 49.13083 12.73874 65.06884
v 47.89152 14.19825 62.52451
v 45.15962 14.62957 64.10261
v 46.39894 13.17007 66.64694
v 46.39894 13.17007 66.64694
v 45.15962 14.62957 64.10261
v 44.09166 11.83252 63.01833
v 45.33098 10.37302 65.56266
v 48.06288 9.94169 63.98456
v 46.82356 11.40119 61.44023
v 47.89152 14.19825 62.52451
v 49.13083 12.73874 65.06884
v 49.17901 12.09521 62.40997
v 49.38317 13.22174 63.07357
v 48.47936 13.82865 62.32132
v 48.27520 12.70213 61.65773
v 49.21994 13.03931 60.79467
v 49.42409 14.16583 61.45826
v 50.32791 13.55892 62.21050
v 50.12375 12.43239 61.54691
v 48.27520 12.70213 61.65773
v 49.21994 13.03931 60.79467
v 50.12375 12.43239 61.54691
v 49.17901 12.09521 62.40997
v 49.38317 13.22174 63.07357
v 50.32791 13.55892 62.21050
v 49.42409 14.16583 61.45826
v 48.47936 13.82865 62.32132
v 48.47936 13.82865 62.32132
v 49.42409 14.16583 61.45826
v 49.21994 13.03931 60.79467
v 48.27520 12.70213 61.65773
v 49.17901 12.09521 62.40997
v 50.12375 12.43239 61.54691
v 50.32791 13.55892 62.21050
v 49.38317 13.22174 63.07357
v 47.00343 14.18533 63.82973
v 47.00682 15.34523 64.23345
v 45.90166 15.17201 64.74039
v 45.89826 14.01211 64.33666
v 45.36256 14.37680 63.29340
v 45.36595 15.53670 63.69712
v 46.47112 15.70992 63.19019
v 46.46773 14.55002 62.78646
v 45.89826 14.01211 64.33666
v 45.36256 14.37680 63.29340
v 46.46773 14.55002 62.78646
v 47.00343 14.18533 63.82973
v 47.00682 15.34523 64.23345
v 46.47112 15.70992 63.19019
v 45.36595 15.53670 63.69712
v 45.90166 15.17201 64.74039
v 45.90166 15.17201 64.74039
v 45.36595 15.53670 63.69712
v 45.36256 14.37680 63.29340
v 45.89826 14.01211 64.33666
v 47.00343 14.18533 63.82973
v 46.46773 14.55002 62.78646
v 46.47112 15.70992 63.19019
v 47.00682 15.34523 64.23345
v 45.78990 16.44697 63.19977
v 46.17466 17.27438 63.06351
v 46.98071 16.95078 63.37461
v 46.59596 16.12337 63.51086
v 46.36475 16.37215 64.36869
v 46.74951 17.19956 64.23244
v 45.94346 17.52316 63.92134
v 45.55870 16.69574 64.05760
v 46.59596 16.12337 63.51086
v 46.36475 16.37215 64.36869
v 45.55870 16.69574 64.05760
v 45.78990 16.44697 63.19977
v 46.17466 17.27438 63.06351
v 45.94346 17.52316 63.92134
v 46.74951 17.19956 64.23244
v 46.98071 16.95078 63.37461
v 46.98071 16.95078 63.37461
v 46.74951 17.19956 64.23244
v 46.36475 16.37215 64.36869
v 46.59596 16.12337 63.51086
v 45.78990 16.44697 63.19977
v 45.55870 16.69574 64.05760
v 45.94346 17.52316 63.92134
v 46.17466 17.27438 63.06351
v 66.50546 8.43360 -39.15838
v 66.45290 10.72456 -39.18780
v 67.70222 10.72855 -41.10908
v 67.75478 8.43759 -41.07966
v 69.67534 8.49769 -39.83068
v 69.62279 10.78865 -39.86010
v 68.37347 10.78466 -37.93882
v 68.42602 8.49370 -37.90940
v 67.75478 8.43759 -41.07966
v 69.67534 8.49769 -39.83068
v 68.42602 8.49370 -37.90940
v 66.50546 8.43360 -39.15838
v 66.45290 10.72456 -39.18780
v 68.37347 10.78466 -37.93882
v 69.62279 10.78865 -39.86010
v 67.70222 10.72855 -41.10908
v 67.70222 10.72855 -41.10908
v 69.62279 10.78865 -39.86010
v 69.67534 8.49769 -39.83068
v 67.75478 8.43759 -41.07966
v 66.50546 8.43360 -39.15838
v 68.42602 8.49370 -37.90940
v 68.37347 10.78466 -37.93882
v 66.45290 10.72456 -39.18780
v 66.34563 5.63863 -42.68750
v 66.97109 6.67726 -43.19933
v 66.76942 7.34781 -42.08505
v 66.14395 6.30918 -41.57323
v 65.00376 6.76032 -42.05108
v 65.62922 7.79895 -42.56291
v 65.83090 7.12840 -43.67718
v 65.20543 6.08977 -43.16536
v 66.14395 6.30918 -41.57323
v 65.00376 6.76032 -42.05108
v 65.20543 6.08977 -43.16536
v 66.34563 5.63863 -42.68750
v 66.97109 6.67726 -43.19933
v 65.83090 7.12840 -43.67718
v 65.62922 7.79895 -42.56291
v 66.76942 7.34781 -42.08505
v 66.76942 7.34781 -42.08505
v 65.62922 7.79895 -42.56291
v 65.00376 6.76032 -42.05108
v 66.14395 6.30918 -41.57323
v 66.34563 5.63863 -42.68750
v 65.20543 6.08977 -43.16536
v 65.83090 7.12840 -43.67718
v 66.97109 6.67726 -43.19933
v 66.98111 5.42922 -41.14934
v 66.69379 5.97802 -40.95803
v 67.24680 6.17052 -40.67973
v 67.53412 5.62173 -40.87104
v 67.35535 5.33521 -40.31762
v 67.06804 5.88401 -40.12631
v 66.51502 5.69150 -40.40460
v 66.80234 5.14271 -40.59592
v 67.53412 5.62173 -40.87104
v 67.35535 5.33521 -40.31762
v 66.80234 5.14271 -40.59592
v 66.98111 5.42922 -41.14934
v 66.69379 5.97802 -40.95803
v 66.51502 5.69150 -40.40460
v 67.06804 5.88401 -40.12631
v 67.24680 6.17052 -40.67973
v 67.24680 6.17052 -40.67973
v 67.06804 5.88401 -40.12631
v 67.35535 5.33521 -40.31762
v 67.53412 5.62173 -40.87104
v 66.98111 5.42922 -41.14934
v 66.80234 5.14271 -40.59592
v 66.51502 5.69150 -40.40460
v 66.69379 5.97802 -40.95803
v 66.35544 9.05265 -41.41079
v 66.36670 9.93356 -41.59035
v 67.26571 9.92362 -41.58271
v 67.25445 9.04272 -41.40315
v 67.24895 9.22235 -40.52220
v 67.26021 10.10326 -40.70176
v 66.36121 10.11320 -40.70940
v 66.34994 9.23229 -40.52984
v 67.25445 9.04272 -41.40315
v 67.24895 9.22235 -40.52220
v 66.34994 9.23229 -40.52984
v 66.35544 9.05265 -41.41079
v 66.36670 9.93356 -41.59035
v 66.36121 10.11320 -40.70940
v 67.26021 10.10326 -40.70176
v 67.26571 9.92362 -41.58271
v 67.26571 9.92362 -41.58271
v 67.26021 10.10326 -40.70176
v 67.24895 9.22235 -40.52220
v 67.25445 9.04272 -41.40315
v 66.35544 9.05265 -41.41079
v 66.34994 9.23229 -40.52984
v 66.36121 10.11320 -40.70940
v 66.36670 9.93356 -41.59035
v 68.02210 6.32736 -40.53011
v 67.74530 7.41889 -40.37478
v 66.72692 7.10441 -39.97958
v 67.00372 6.01287 -40.13491
v 66.58126 6.05579 -41.18936
v 66.30446 7.14733 -41.03404
v 67.32285 7.46181 -41.42924
v 67.59964 6.37028 -41.58457
v 67.00372 6.01287 -40.13491
v 66.58126 6.05579 -41.18936
v 67.59964 6.37028 -41.58457
v 68.02210 6.32736 -40.53011
v 67.74530 7.41889 -40.37478
v 67.32285 7.46181 -41.42924
v 66.30446 7.14733 -41.03404
v 66.72692 7.10441 -39.97958
v 66.72692 7.10441 -39.97958
v 66.30446 7.14733 -41.03404
v 66.58126 6.05579 -41.18936
v 67.00372 6.01287 -40.13491
v 68.02210 6.32736 -40.53011
v 67.59964 6.37028 -41.58457
v 67.32285 7.46181 -41.42924
v 67.74530 7.41889 -40.37478
v -66.71504 11.59774 -37.45740
v -67.61693 14.17657 -38.58665
v -69.48756 14.51377 -36.32258
v -68.58567 11.93495 -35.19333
v -70.68954 10.52963 -36.72231
v -71.59144 13.10846 -37.85156
v -69.72080 12.77126 -40.11562
v -68.81891 10.19243 -38.98637
v -68.58567 11.93495 -35.19333
v -70.68954 10.52963 -36.72231
v -68.81891 10.19243 -38.98637
v -66.71504 11.59774 -37.45740
v -67.61693 14.17657 -38.58665
v -69.72080 12.77126 -40.11562
v -71.59144 13.10846 -37.85156
v -69.48756 14.51377 -36.32258
v -69.48756 14.51377 -36.32258
v -71.59144 13.10846 -37.85156
v -70.68954 10.52963 -36.72231
v -68.58567 11.93495 -35.19333
v -66.71504 11.59774 -37.45740
v -68.81891 10.19243 -38.98637
v -69.72080 12.77126 -40.11562
v -67.61693 14.17657 -38.58665
v -68.71536 13.62305 -37.95734
v -68.38654 14.13430 -38.00250
v -68.38408 14.18638 -37.39519
v -68.71291 13.67512 -37.35002
v -69.22615 14.00292 -37.37605
v -68.89733 14.51418 -37.42122
v -68.89978 14.46211 -38.02854
v -69.22861 13.95085 -37.98337
v -68.71291 13.67512 -37.35002
v -69.22615 14.00292 -37.37605
v -69.22861 13.95085 -37.98337
v -68.71536 13.62305 -37.95734
v -68.38654 14.13430 -38.00250
v -68.89978 14.46211 -38.02854
v -68.89733 14.51418 -37.42122
v -68.38408 14.18638 -37.39519
v -68.38408 14.18638 -37.39519
v -68.89733 14.51418 -37.42122
v -69.22615 14.00292 -37.37605
v -68.71291 13.67512 -37.35002
v -68.71536 13.62305 -37.95734
v -69.22861 13.95085 -37.98337
v -68.89978 14.46211 -38.02854
v -68.38654 14.13430 -38.00250
v -68.59680 11.43018 -39.84247
v -68.24256 12.45715 -39.74798
v -67.21307 12.11094 -39.84479
v -67.56731 11.08398 -39.93928
v -67.50614 10.96332 -38.85725
v -67.15189 11.99029 -38.76277
v -68.18138 12.33650 -38.66596
v -68.53563 11.30953 -38.76044
v -67.56731 11.08398 -39.93928
v -67.50614 10.96332 -38.85725
v -68.53563 11.30953 -38.76044
v -68.59680 11.43018 -39.84247
v -68.24256 12.45715 -39.74798
v -68.18138 12.33650 -38.66596
v -67.15189 11.99029 -38.76277
v -67.21307 12.11094 -39.84479
v -67.21307 12.11094 -39.84479
v -67.15189 11.99029 -38.76277
v -67.50614 10.96332 -38.85725
v -67.56731 11.08398 -39.93928
v -68.59680 11.43018 -39.84247
v -68.53563 11.30953 -38.76044
v -68.18138 12.33650 -38.66596
v -68.24256 12.45715 -39.74798
v -68.90342 10.03660 -38.04391
v -69.11376 10.64913 -37.99059
v -68.50508 10.84862 -37.88111
v -68.29474 10.23609 -37.93442
v -68.38157 10.15071 -37.29611
v -68.59192 10.76324 -37.24279
v -69.20059 10.56375 -37.35228
v -68.99025 9.95122 -37.40560
v -68.29474 10.23609 -37.93442
v -68.38157 10.15071 -37.29611
v -68.99025 9.95122 -37.40560
v -68.90342 10.03660 -38.04391
v -69.11376 10.64913 -37.99059
v -69.20059 10.56375 -37.35228
v -68.59192 10.76324 -37.24279
v -68.50508 10.84862 -37.88111
v -68.50508 10.84862 -37.88111
v -68.59192 10.76324 -37.24279
v -68.38157 10.15071 -37.29611
v -68.29474 10.23609 -37.93442
v -68.90342 10.03660 -38.04391
v -68.99025 9.95122 -37.40560
v -69.20059 10.56375 -37.35228
v -69.11376 10.64913 -37.99059
v -44.42974 16.08810 64.89340
v -44.92822 18.25298 63.56681
v -46.89096 18.78202 65.16768
v -46.39248 16.61714 66.49427
v -48.00313 15.30244 64.95401
v -48.50161 17.46733 63.62742
v -46.53887 16.93829 62.02655
v -46.04039 14.77341 63.35313
v -46.39248 16.61714 66.49427
v -48.00313 15.30244 64.95401
v -46.04039 14.77341 63.35313
v -44.42974 16.08810 64.89340
v -44.92822 18.25298 63.56681
v -46.53887 16.93829 62.02655
v -48.50161 17.46733 63.62742
v -46.89096 18.78202 65.16768
v -46.89096 18.78202 65.16768
v -48.50161 17.46733 63.62742
v -48.00313 15.30244 64.95401
v -46.39248 16.61714 66.49427
v -44.42974 16.08810 64.89340
v -46.04039 14.77341 63.35313
v -46.53887 16.93829 62.02655
v -44.92822 18.25298 63.56681
v -43.53241 13.92310 64.84513
v -43.75402 14.84799 64.44204
v -43.01073 15.27672 65.01713
v -42.78912 14.35183 65.42021
v -43.47134 14.51850 66.17771
v -43.69295 15.44339 65.77463
v -44.43624 15.01466 65.19954
v -44.21463 14.08977 65.60263
v -42.78912 14.35183 65.42021
v -43.47134 14.51850 66.17771
v -44.21463 14.08977 65.60263
v -43.53241 13.92310 64.84513
v -43.75402 14.84799 64.44204
v -44.43624 15.01466 65.19954
v -43.69295 15.44339 65.77463
v -43.01073 15.27672 65.01713
v -43.01073 15.27672 65.01713
v -43.69295 15.44339 65.77463
v -43.47134 14.51850 66.17771
v -42.78912 14.35183 65.42021
v -43.53241 13.92310 64.84513
v -44.21463 14.08977 65.60263
v -44.43624 15.01466 65.19954
v -43.75402 14.84799 64.44204
v -43.15810 12.56000 64.54124
v -43.32669 13.50433 64.94606
v -42.72685 13.26173 65.76178
v -42.55826 12.31740 65.35696
v -43.39243 11.95209 65.86172
v -43.56102 12.89643 66.26655
v -44.16086 13.13903 65.45082
v -43.99227 12.19469 65.04600
v -42.55826 12.31740 65.35696
v -43.39243 11.95209 65.86172
v -43.99227 12.19469 65.04600
v -43.15810 12.56000 64.54124
v -43.32669 13.50433 64.94606
v -44.16086 13.13903 65.45082
v -43.56102 12.89643 66.26655
v -42.72685 13.26173 65.76178
v -42.72685 13.26173 65.76178
v -43.56102 12.89643 66.26655
v -43.39243 11.95209 65.86172
v -42.55826 12.31740 65.35696
v -43.15810 12.56000 64.54124
v -43.99227 12.19469 65.04600
v -44.16086 13.13903 65.45082
v -43.32669 13.50433 64.94606
v -47.08064 13.00513 63.22243
v -46.45709 14.08431 63.10182
v -45.37124 13.46580 63.18141
v -45.99479 12.38662 63.30202
v -46.00380 12.53084 64.54584
v -45.38025 13.61002 64.42523
v -46.46611 14.22853 64.34564
v -47.08966 13.14936 64.46626
v -45.99479 12.38662 63.30202
v -46.00380 12.53084 64.54584
v -47.08966 13.14936 64.46626
v -47.08064 13.00513 63.22243
v -46.45709 14.08431 63.10182
v -46.46611 14.22853 64.34564
v -45.38025 13.61002 64.42523
v -45.37124 13.46580 63.18141
v -45.37124 13.46580 63.18141
v -45.38025 13.61002 64.42523
v -46.00380 12.53084 64.54584
v -45.99479 12.38662 63.30202
v -47.08064 13.00513 63.22243
v -47.08966 13.14936 64.46626
v -46.46611 14.22853 64.34564
v -46.45709 14.08431 63.10182
v -47.04376 13.90948 63.20838
v -46.74401 15.26957 62.83110
v -45.33503 15.00409 62.99349
v -45.63479 13.64399 63.37077
v -45.71844 14.04613 64.75400
v -45.41869 15.40622 64.37673
v -46.82766 15.67170 64.21434
v -47.12741 14.31161 64.59161
v -45.63479 13.64399 63.37077
v -45.71844 14.04613 64.75400
v -47.12741 14.31161 64.59161
v -47.04376 13.90948 63.20838
v -46.74401 15.26957 62.83110
v -46.82766 15.67170 64.21434
v -45.41869 15.40622 64.37673
v -45.33503 15.00409 62.99349
v -45.33503 15.00409 62.99349
v -45.41869 15.40622 64.37673
v -45.71844 14.04613 64.75400
v -45.63479 13.64399 63.37077
v -47.04376 13.90948 63.20838
v -47.12741 14.31161 64.59161
v -46.82766 15.67170 64.21434
v -46.74401 15.26957 62.83110
vn -0.45154 -0.40416 -0.79547
vn -0.45154 -0.40416 -0.79547
vn -0.45154 -0.40416 -0.79547
vn -0.45154 -0.40416 -0.79547
vn 0.45154 0.40416 0.79547
vn 0.45154 0.40416 0.79547
vn 0.45154 0.40416 0.79547
vn 0.45154 0.40416 0.79547
vn 0.07076 -0.90494 0.41961
vn 0.07076 -0.90494 0.41961
vn 0.07076 -0.90494 0.41961
vn 0.07076 -0.90494 0.41961
vn -0.07076 0.90494 -0.41961
vn -0.07076 0.90494 -0.41961
vn -0.07076 0.90494 -0.41961
vn -0.07076 0.90494 -0.41961
vn 0.88944 -0.13319 -0.43721
vn 0.88944 -0.13319 -0.43721
vn 0.88944 -0.13319 -0.43721
vn 0.88944 -0.13319 -0.43721
vn -0.88944 0.13319 0.43721
vn -0.88944 0.13319 0.43721
vn -0.88944 0.13319 0.43721
vn -0.88944 0.13319 0.43721
vn -0.90837 -0.25276 -0.33312
vn -0.90837 -0.25276 -0.33312
vn -0.90837 -0.25276 -0.33312
vn -0.90837 -0.25276 -0.33312
vn 0.90837 0.25276 0.33312
vn 0.90837 0.25276 0.33312
vn 0.90837 0.25276 0.33312
vn 0.90837 0.25276 0.33312
vn 0.15213 -0.94181 0.29976
vn 0.15213 -0.94181 0.29976
vn 0.15213 -0.94181 0.29976
vn 0.15213 -0.94181 0.29976
vn -0.15213 0.94181 -0.29976
vn -0.15213 0.94181 -0.29976
vn -0.15213 0.94181 -0.29976
vn -0.15213 0.94181 -0.29976
vn 0.38950 -0.22161 -0.89397
vn 0.38950 -0.22161 -0.89397
vn 0.38950 -0.22161 -0.89397
vn 0.38950 -0.22161 -0.89397
vn -0.38950 0.22161 0.89397
vn -0.38950 0.22161 0.89397
vn -0.38950 0.22161 0.89397
vn -0.38950 0.22161 0.89397
vn 0.88835 -0.08563 0.45112
vn 0.88835 -0.08563 0.45112
vn 0.88835 -0.08563 0.45112
vn 0.88835 -0.08563 0.45112
vn -0.88835 0.08563 -0.45112
vn -0.88835 0.08563 -0.45112
vn -0.88835 0.08563 -0.45112
vn -0.88835 0.08563 -0.45112
vn -0.08038 -0.99629 -0.03081
vn -0.08038 -0.99629 -0.03081
vn -0.08038 -0.99629 -0.03081
vn -0.08038 -0.99629 -0.03081
vn 0.08038 0.99629 0.03081
vn 0.08038 0.99629 0.03081
vn 0.08038 0.99629 0.03081
vn 0.08038 0.99629 0.03081
vn -0.45208 0.00889 0.89193
vn -0.45208 0.00889 0.89193
vn -0.45208 0.00889 0.89193
vn -0.45208 0.00889 0.89193
vn 0.45208 -0.00889 -0.89193
vn 0.45208 -0.00889 -0.89193
vn 0.45208 -0.00889 -0.89193
vn 0.45208 -0.00889 -0.89193
vn 0.89175 0.30748 -0.33202
vn 0.89175 0.30748 -0.33202
vn 0.89175 0.30748 -0.33202
vn 0.89175 0.30748 -0.33202
vn -0.89175 -0.30748 0.33202
vn -0.89175 -0.30748 0.33202
vn -0.89175 -0.30748 0.33202
vn -0.89175 -0.30748 0.33202
vn 0.42250 -0.82853 0.36747
vn 0.42250 -0.82853 0.36747
vn 0.42250 -0.82853 0.36747
vn 0.42250 -0.82853 0.36747
vn -0.42250 0.82853 -0.36747
vn -0.42250 0.82853 -0.36747
vn -0.42250 0.82853 -0.36747
vn -0.42250 0.82853 -0.36747
vn 0.16210 0.46797 0.86875
vn 0.16210 0.46797 0.86875
vn 0.16210 0.46797 0.86875
vn 0.16210 0.46797 0.86875
vn -0.16210 -0.46797 -0.86875
vn -0.16210 -0.46797 -0.86875
vn -0.16210 -0.46797 -0.86875
vn -0.16210 -0.46797 -0.86875
vn 0.82848 0.55993 0.00982
vn 0.82848 0.55993 0.00982
vn 0.82848 0.55993 0.00982
vn 0.82848 0.55993 0.00982
vn -0.82848 -0.55993 -0.00982
vn -0.82848 -0.55993 -0.00982
vn -0.82848 -0.55993 -0.00982
vn -0.82848 -0.55993 -0.00982
vn 0.55964 -0.82843 0.02233
vn 0.55964 -0.82843 0.02233
vn 0.55964 -0.82843 0.02233
vn 0.55964 -0.82843 0.02233
vn -0.55964 0.82843 -0.02233
vn -0.55964 0.82843 -0.02233
vn -0.55964 0.82843 -0.02233
vn -0.55964 0.82843 -0.02233
vn -0.02064 0.01300 0.99970
vn -0.02064 0.01300 0.99970
vn -0.02064 0.01300 0.99970
vn -0.02064 0.01300 0.99970
vn 0.02064 -0.01300 -0.99970
vn 0.02064 -0.01300 -0.99970
vn 0.02064 -0.01300 -0.99970
vn 0.02064 -0.01300 -0.99970
vn 0.24582 -0.17444 0.95349
vn 0.24582 -0.17444 0.95349
vn 0.24582 -0.17444 0.95349
vn 0.24582 -0.17444 0.95349
vn -0.24582 0.17444 -0.95349
vn -0.24582 0.17444 -0.95349
vn -0.24582 0.17444 -0.95349
vn -0.24582 0.17444 -0.95349
vn -0.36340 -0.92851 -0.07618
vn -0.36340 -0.92851 -0.07618
vn -0.36340 -0.92851 -0.07618
vn -0.36340 -0.92851 -0.07618
vn 0.36340 0.92851 0.07618
vn 0.36340 0.92851 0.07618
vn 0.36340 0.92851 0.07618
vn 0.36340 0.92851 0.07618
vn -0.89862 0.32777 0.29164
vn -0.89862 0.32777 0.29164
vn -0.89862 0.32777 0.29164
vn -0.89862 0.32777 0.29164
vn 0.89862 -0.32777 -0.29164
vn 0.89862 -0.32777 -0.29164
vn 0.89862 -0.32777 -0.29164
vn 0.89862 -0.32777 -0.29164
vn -0.50040 -0.19546 0.84344
vn -0.50040 -0.19546 0.84344
vn -0.50040 -0.19546 0.84344
vn -0.50040 -0.19546 0.84344
vn 0.50040 0.19546 -0.84344
vn 0.50040 0.19546 -0.84344
vn 0.50040 0.19546 -0.84344
vn 0.50040 0.19546 -0.84344
vn -0.07445 -0.96086 -0.26684
vn -0.07445 -0.96086 -0.26684
vn -0.07445 -0.96086 -0.26684
vn -0.07445 -0.96086 -0.26684
vn 0.07445 0.96086 0.26684
vn 0.07445 0.96086 0.26684
vn 0.07445 0.96086 0.26684
vn 0.07445 0.96086 0.26684
vn -0.86259 0.19632 -0.46626
vn -0.86259 0.19632 -0.46626
vn -0.86259 0.19632 -0.46626
vn -0.86259 0.19632 -0.46626
vn 0.86259 -0.19632 0.46626
vn 0.86259 -0.19632 0.46626
vn 0.86259 -0.19632 0.46626
vn 0.86259 -0.19632 0.46626
vn -0.90282 -0.41389 -0.11664
vn -0.90282 -0.41389 -0.11664
vn -0.90282 -0.41389 -0.11664
vn -0.90282 -0.41389 -0.11664
vn 0.90282 0.41389 0.11664
vn 0.90282 0.41389 0.11664
vn 0.90282 0.41389 0.11664
vn 0.90282 0.41389 0.11664
vn 0.42851 -0.88858 -0.16374
vn 0.42851 -0.88858 -0.16374
vn 0.42851 -0.88858 -0.16374
vn 0.42851 -0.88858 -0.16374
vn -0.42851 0.88858 0.16374
vn -0.42851 0.88858 0.16374
vn -0.42851 0.88858 0.16374
vn -0.42851 0.88858 0.16374
vn 0.03588 0.19781 -0.97958
vn 0.03588 0.19781 -0.97958
vn 0.03588 0.19781 -0.97958
vn 0.03588 0.19781 -0.97958
vn -0.03588 -0.19781 0.97958
vn -0.03588 -0.19781 0.97958
vn -0.03588 -0.19781 0.97958
vn -0.03588 -0.19781 0.97958
vn 0.28875 0.41766 -0.86150
vn 0.28875 0.41766 -0.86150
vn 0.28875 0.41766 -0.86150
vn 0.28875 0.41766 -0.86150
vn -0.28875 -0.41766 0.86150
vn -0.28875 -0.41766 0.86150
vn -0.28875 -0.41766 0.86150
vn -0.28875 -0.41766 0.86150
vn 0.32108 -0.88996 -0.32384
vn 0.32108 -0.88996 -0.32384
vn 0.32108 -0.88996 -0.32384
vn 0.32108 -0.88996 -0.32384
vn -0.32108 0.88996 0.32384
vn -0.32108 0.88996 0.32384
vn -0.32108 0.88996 0.32384
vn -0.32108 0.88996 0.32384
vn 0.90196 0.18311 0.39108
vn 0.90196 0.18311 0.39108
vn 0.90196 0.18311 0.39108
vn 0.90196 0.18311 0.39108
vn -0.90196 -0.18311 -0.39108
vn -0.90196 -0.18311 -0.39108
vn -0.90196 -0.18311 -0.39108
vn -0.90196 -0.18311 -0.39108
vn -0.65015 0.34407 -0.67743
vn -0.65015 0.34407 -0.67743
vn -0.65015 0.34407 -0.67743
vn -0.65015 0.34407 -0.67743
vn 0.65015 -0.34407 0.67743
vn 0.65015 -0.34407 0.67743
vn 0.65015 -0.34407 0.67743
vn 0.65015 -0.34407 0.67743
vn -0.09494 -0.92139 -0.37687
vn -0.09494 -0.92139 -0.37687
vn -0.09494 -0.92139 -0.37687
vn -0.09494 -0.92139 -0.37687
vn 0.09494 0.92139 0.37687
vn 0.09494 0.92139 0.37687
vn 0.09494 0.92139 0.37687
vn 0.09494 0.92139 0.37687
vn 0.75385 0.18071 -0.63171
vn 0.75385 0.18071 -0.63171
vn 0.75385 0.18071 -0.63171
vn 0.75385 0.18071 -0.63171
vn -0.75385 -0.18071 0.63171
vn -0.75385 -0.18071 0.63171
vn -0.75385 -0.18071 0.63171
vn -0.75385 -0.18071 0.63171
vn -0.02477 -0.06475 -0.99759
vn -0.02477 -0.06475 -0.99759
vn -0.02477 -0.06475 -0.99759
vn -0.02477 -0.06475 -0.99759
vn 0.02477 0.06475 0.99759
vn 0.02477 0.06475 0.99759
vn 0.02477 0.06475 0.99759
vn 0.02477 0.06475 0.99759
vn -0.39456 -0.91626 0.06927
vn -0.39456 -0.91626 0.06927
vn -0.39456 -0.91626 0.06927
vn -0.39456 -0.91626 0.06927
vn 0.39456 0.91626 -0.06927
vn 0.39456 0.91626 -0.06927
vn 0.39456 0.91626 -0.06927
vn 0.39456 0.91626 -0.06927
vn 0.91854 -0.39532 0.00285
vn 0.91854 -0.39532 0.00285
vn 0.91854 -0.39532 0.00285
vn 0.91854 -0.39532 0.00285
vn -0.91854 0.39532 -0.00285
vn -0.91854 0.39532 -0.00285
vn -0.91854 0.39532 -0.00285
vn -0.91854 0.39532 -0.00285
vn 0.37122 0.13330 -0.91893
vn 0.37122 0.13330 -0.91893
vn 0.37122 0.13330 -0.91893
vn 0.37122 0.13330 -0.91893
vn -0.37122 -0.13330 0.91893
vn -0.37122 -0.13330 0.91893
vn -0.37122 -0.13330 0.91893
vn -0.37122 -0.13330 0.91893
vn 0.14301 -0.98604 -0.08526
vn 0.14301 -0.98604 -0.08526
vn 0.14301 -0.98604 -0.08526
vn 0.14301 -0.98604 -0.08526
vn -0.14301 0.98604 0.08526
vn -0.14301 0.98604 0.08526
vn -0.14301 0.98604 0.08526
vn -0.14301 0.98604 0.08526
vn 0.91746 0.09976 0.38511
vn 0.91746 0.09976 0.38511
vn 0.91746 0.09976 0.38511
vn 0.91746 0.09976 0.38511
vn -0.91746 -0.09976 -0.38511
vn -0.91746 -0.09976 -0.38511
vn -0.91746 -0.09976 -0.38511
vn -0.91746 -0.09976 -0.38511
vn 0.89719 -0.41629 -0.14749
vn 0.89719 -0.41629 -0.14749
vn 0.89719 -0.41629 -0.14749
vn 0.89719 -0.41629 -0.14749
vn -0.89719 0.41629 0.14749
vn -0.89719 0.41629 0.14749
vn -0.89719 0.41629 0.14749
vn -0.89719 0.41629 0.14749
vn -0.34749 -0.87151 0.34602
vn -0.34749 -0.87151 0.34602
vn -0.34749 -0.87151 0.34602
vn -0.34749 -0.87151 0.34602
vn 0.34749 0.87151 -0.34602
vn 0.34749 0.87151 -0.34602
vn 0.34749 0.87151 -0.34602
vn 0.34749 0.87151 -0.34602
vn 0.27258 0.25919 0.92656
vn 0.27258 0.25919 0.92656
vn 0.27258 0.25919 0.92656
vn 0.27258 0.25919 0.92656
vn -0.27258 -0.25919 -0.92656
vn -0.27258 -0.25919 -0.92656
vn -0.27258 -0.25919 -0.92656
vn -0.27258 -0.25919 -0.92656
vn -0.37463 -0.55295 -0.74424
vn -0.37463 -0.55295 -0.74424
vn -0.37463 -0.55295 -0.74424
vn -0.37463 -0.55295 -0.74424
vn 0.37463 0.55295 0.74424
vn 0.37463 0.55295 0.74424
vn 0.37463 0.55295 0.74424
vn 0.37463 0.55295 0.74424
vn 0.24780 -0.83321 0.49432
vn 0.24780 -0.83321 0.49432
vn 0.24780 -0.83321 0.49432
vn 0.24780 -0.83321 0.49432
vn -0.24780 0.83321 -0.49432
vn -0.24780 0.83321 -0.49432
vn -0.24780 0.83321 -0.49432
vn -0.24780 0.83321 -0.49432
vn 0.89345 -0.00076 -0.44917
vn 0.89345 -0.00076 -0.44917
vn 0.89345 -0.00076 -0.44917
vn 0.89345 -0.00076 -0.44917
vn -0.89345 0.00076 0.44917
vn -0.89345 0.00076 0.44917
vn -0.89345 0.00076 0.44917
vn -0.89345 0.00076 0.44917
vn 0.50508 0.06422 -0.86068
vn 0.50508 0.06422 -0.86068
vn 0.50508 0.06422 -0.86068
vn 0.50508 0.06422 -0.86068
vn -0.50508 -0.06422 0.86068
vn -0.50508 -0.06422 0.86068
vn -0.50508 -0.06422 0.86068
vn -0.50508 -0.06422 0.86068
vn -0.37403 -0.88243 -0.28534
vn -0.37403 -0.88243 -0.28534
vn -0.37403 -0.88243 -0.28534
vn -0.37403 -0.88243 -0.28534
vn 0.37403 0.88243 0.28534
vn 0.37403 0.88243 0.28534
vn 0.37403 0.88243 0.28534
vn 0.37403 0.88243 0.28534
vn 0.77781 -0.46604 0.42168
vn 0.77781 -0.46604 0.42168
vn 0.77781 -0.46604 0.42168
vn 0.77781 -0.46604 0.42168
vn -0.77781 0.46604 -0.42168
vn -0.77781 0.46604 -0.42168
vn -0.77781 0.46604 -0.42168
vn -0.77781 0.46604 -0.42168
vn 0.03719 0.01144 -0.99924
vn 0.03719 0.01144 -0.99924
vn 0.03719 0.01144 -0.99924
vn 0.03719 0.01144 -0.99924
vn -0.03719 -0.01144 0.99924
vn -0.03719 -0.01144 0.99924
vn -0.03719 -0.01144 0.99924
vn -0.03719 -0.01144 0.99924
vn -0.52112 -0.85299 -0.02916
vn -0.52112 -0.85299 -0.02916
vn -0.52112 -0.85299 -0.02916
vn -0.52112 -0.85299 -0.02916
vn 0.52112 0.85299 0.02916
vn 0.52112 0.85299 0.02916
vn 0.52112 0.85299 0.02916
vn 0.52112 0.85299 0.02916
vn 0.85268 -0.52181 0.02576
vn 0.85268 -0.52181 0.02576
vn 0.85268 -0.52181 0.02576
vn 0.85268 -0.52181 0.02576
vn -0.85268 0.52181 -0.02576
vn -0.85268 0.52181 -0.02576
vn -0.85268 0.52181 -0.02576
vn -0.85268 0.52181 -0.02576
vn -0.04273 0.18284 -0.98221
vn -0.04273 0.18284 -0.98221
vn -0.04273 0.18284 -0.98221
vn -0.04273 0.18284 -0.98221
vn 0.04273 -0.18284 0.98221
vn 0.04273 -0.18284 0.98221
vn 0.04273 -0.18284 0.98221
vn 0.04273 -0.18284 0.98221
vn 0.42093 -0.88830 -0.18367
vn 0.42093 -0.88830 -0.18367
vn 0.42093 -0.88830 -0.18367
vn 0.42093 -0.88830 -0.18367
vn -0.42093 0.88830 0.18367
vn -0.42093 0.88830 0.18367
vn -0.42093 0.88830 0.18367
vn -0.42093 0.88830 0.18367
vn 0.90609 0.42129 0.03901
vn 0.90609 0.42129 0.03901
vn 0.90609 0.42129 0.03901
vn 0.90609 0.42129 0.03901
vn -0.90609 -0.42129 -0.03901
vn -0.90609 -0.42129 -0.03901
vn -0.90609 -0.42129 -0.03901
vn -0.90609 -0.42129 -0.03901
vn -0.23302 -0.36793 0.90018
vn -0.23302 -0.36793 0.90018
vn -0.23302 -0.36793 0.90018
vn -0.23302 -0.36793 0.90018
vn 0.23302 0.36793 -0.90018
vn 0.23302 0.36793 -0.90018
vn 0.23302 0.36793 -0.90018
vn 0.23302 0.36793 -0.90018
vn 0.46732 -0.85415 -0.22815
vn 0.46732 -0.85415 -0.22815
vn 0.46732 -0.85415 -0.22815
vn 0.46732 -0.85415 -0.22815
vn -0.46732 0.85415 0.22815
vn -0.46732 0.85415 0.22815
vn -0.46732 0.85415 0.22815
vn -0.46732 0.85415 0.22815
vn -0.85283 -0.36751 -0.37097
vn -0.85283 -0.36751 -0.37097
vn -0.85283 -0.36751 -0.37097
vn -0.85283 -0.36751 -0.37097
vn 0.85283 0.36751 0.37097
vn 0.85283 0.36751 0.37097
vn 0.85283 0.36751 0.37097
vn 0.85283 0.36751 0.37097
vn 0.94680 -0.30936 -0.08872
vn 0.94680 -0.30936 -0.08872
vn 0.94680 -0.30936 -0.08872
vn 0.94680 -0.30936 -0.08872
vn -0.94680 0.30936 0.08872
vn -0.94680 0.30936 0.08872
vn -0.94680 0.30936 0.08872
vn -0.94680 0.30936 0.08872
vn -0.32094 -0.92810 -0.18873
vn -0.32094 -0.92810 -0.18873
vn -0.32094 -0.92810 -0.18873
vn -0.32094 -0.92810 -0.18873
vn 0.32094 0.92810 0.18873
vn 0.32094 0.92810 0.18873
vn 0.32094 0.92810 0.18873
vn 0.32094 0.92810 0.18873
vn 0.02395 -0.20717 0.97801
vn 0.02395 -0.20717 0.97801
vn 0.02395 -0.20717 0.97801
vn 0.02395 -0.20717 0.97801
vn -0.02395 0.20717 -0.97801
vn -0.02395 0.20717 -0.97801
vn -0.02395 0.20717 -0.97801
vn -0.02395 0.20717 -0.97801
vn 0.91997 -0.34786 0.18068
vn 0.91997 -0.34786 0.18068
vn 0.91997 -0.34786 0.18068
vn 0.91997 -0.34786 0.18068
vn -0.91997 0.34786 -0.18068
vn -0.91997 0.34786 -0.18068
vn -0.91997 0.34786 -0.18068
vn -0.91997 0.34786 -0.18068
vn -0.38872 -0.75023 0.53484
vn -0.38872 -0.75023 0.53484
vn -0.38872 -0.75023 0.53484
vn -0.38872 -0.75023 0.53484
vn 0.38872 0.75023 -0.53484
vn 0.38872 0.75023 -0.53484
vn 0.38872 0.75023 -0.53484
vn 0.38872 0.75023 -0.53484
vn 0.05050 0.56227 0.82541
vn 0.05050 0.56227 0.82541
vn 0.05050 0.56227 0.82541
vn 0.05050 0.56227 0.82541
vn -0.05050 -0.56227 -0.82541
vn -0.05050 -0.56227 -0.82541
vn -0.05050 -0.56227 -0.82541
vn -0.05050 -0.56227 -0.82541
vn -0.64826 -0.23546 -0.72410
vn -0.64826 -0.23546 -0.72410
vn -0.64826 -0.23546 -0.72410
vn -0.64826 -0.23546 -0.72410
vn 0.64826 0.23546 0.72410
vn 0.64826 0.23546 0.72410
vn 0.64826 0.23546 0.72410
vn 0.64826 0.23546 0.72410
vn 0.07050 -0.96546 0.25083
vn 0.07050 -0.96546 0.25083
vn 0.07050 -0.96546 0.25083
vn 0.07050 -0.96546 0.25083
vn -0.07050 0.96546 -0.25083
vn -0.07050 0.96546 -0.25083
vn -0.07050 0.96546 -0.25083
vn -0.07050 0.96546 -0.25083
vn 0.75815 -0.11156 -0.64247
vn 0.75815 -0.11156 -0.64247
vn 0.75815 -0.11156 -0.64247
vn 0.75815 -0.11156 -0.64247
vn -0.75815 0.11156 0.64247
vn -0.75815 0.11156 0.64247
vn -0.75815 0.11156 0.64247
vn -0.75815 0.11156 0.64247
vn 0.14879 0.14045 0.97884
vn 0.14879 0.14045 0.97884
vn 0.14879 0.14045 0.97884
vn 0.14879 0.14045 0.97884
vn -0.14879 -0.14045 -0.97884
vn -0.14879 -0.14045 -0.97884
vn -0.14879 -0.14045 -0.97884
vn -0.14879 -0.14045 -0.97884
vn -0.25466 -0.95103 0.17517
vn -0.25466 -0.95103 0.17517
vn -0.25466 -0.95103 0.17517
vn -0.25466 -0.95103 0.17517
vn 0.25466 0.95103 -0.17517
vn 0.25466 0.95103 -0.17517
vn 0.25466 0.95103 -0.17517
vn 0.25466 0.95103 -0.17517
vn -0.95552 0.27533 0.10573
vn -0.95552 0.27533 0.10573
vn -0.95552 0.27533 0.10573
vn -0.95552 0.27533 0.10573
vn 0.95552 -0.27533 -0.10573
vn 0.95552 -0.27533 -0.10573
vn 0.95552 -0.27533 -0.10573
vn 0.95552 -0.27533 -0.10573
vn -0.73172 -0.41621 -0.53977
vn -0.73172 -0.41621 -0.53977
vn -0.73172 -0.41621 -0.53977
vn -0.73172 -0.41621 -0.53977
vn 0.73172 0.41621 0.53977
vn 0.73172 0.41621 0.53977
vn 0.73172 0.41621 0.53977
vn 0.73172 0.41621 0.53977
vn 0.45124 -0.88933 0.07404
vn 0.45124 -0.88933 0.07404
vn 0.45124 -0.88933 0.07404
vn 0.45124 -0.88933 0.07404
vn -0.45124 0.88933 -0.07404
vn -0.45124 0.88933 -0.07404
vn -0.45124 0.88933 -0.07404
vn -0.45124 0.88933 -0.07404
vn 0.51085 0.18939 -0.83855
vn 0.51085 0.18939 -0.83855
vn 0.51085 0.18939 -0.83855
vn 0.51085 0.18939 -0.83855
vn -0.51085 -0.18939 0.83855
vn -0.51085 -0.18939 0.83855
vn -0.51085 -0.18939 0.83855
vn -0.51085 -0.18939 0.83855
vn 0.92413 -0.26485 -0.27539
vn 0.92413 -0.26485 -0.27539
vn 0.92413 -0.26485 -0.27539
vn 0.92413 -0.26485 -0.27539
vn -0.92413 0.26485 0.27539
vn -0.92413 0.26485 0.27539
vn -0.92413 0.26485 0.27539
vn -0.92413 0.26485 0.27539
vn -0.35635 -0.85747 -0.37117
vn -0.35635 -0.85747 -0.37117
vn -0.35635 -0.85747 -0.37117
vn -0.35635 -0.85747 -0.37117
vn 0.35635 0.85747 0.37117
vn 0.35635 0.85747 0.37117
vn 0.35635 0.85747 0.37117
vn 0.35635 0.85747 0.37117
vn 0.13784 -0.44114 0.88679
vn 0.13784 -0.44114 0.88679
vn 0.13784 -0.44114 0.88679
vn 0.13784 -0.44114 0.88679
vn -0.13784 0.44114 -0.88679
vn -0.13784 0.44114 -0.88679
vn -0.13784 0.44114 -0.88679
vn -0.13784 0.44114 -0.88679
vn 0.13228 -0.38130 -0.91494
vn 0.13228 -0.38130 -0.91494
vn 0.13228 -0.38130 -0.91494
vn 0.13228 -0.38130 -0.91494
vn -0.13228 0.38130 0.91494
vn -0.13228 0.38130 0.91494
vn -0.13228 0.38130 0.91494
vn -0.13228 0.38130 0.91494
vn 0.26938 -0.87448 0.40339
vn 0.26938 -0.87448 0.40339
vn 0.26938 -0.87448 0.40339
vn 0.26938 -0.87448 0.40339
vn -0.26938 0.87448 -0.40339
vn -0.26938 0.87448 -0.40339
vn -0.26938 0.87448 -0.40339
vn -0.26938 0.87448 -0.40339
vn 0.95391 0.29982 0.01296
vn 0.95391 0.29982 0.01296
vn 0.95391 0.29982 0.01296
vn 0.95391 0.29982 0.01296
vn -0.95391 -0.29982 -0.01296
vn -0.95391 -0.29982 -0.01296
vn -0.95391 -0.29982 -0.01296
vn -0.95391 -0.29982 -0.01296
vn 0.93706 0.11844 -0.32847
vn 0.93706 0.11844 -0.32847
vn 0.93706 0.11844 -0.32847
vn 0.93706 0.11844 -0.32847
vn -0.93706 -0.11844 0.32847
vn -0.93706 -0.11844 0.32847
vn -0.93706 -0.11844 0.32847
vn -0.93706 -0.11844 0.32847
vn 0.06351 -0.98284 -0.17321
vn 0.06351 -0.98284 -0.17321
vn 0.06351 -0.98284 -0.17321
vn 0.06351 -0.98284 -0.17321
vn -0.06351 0.98284 0.17321
vn -0.06351 0.98284 0.17321
vn -0.06351 0.98284 0.17321
vn -0.06351 0.98284 0.17321
vn 0.34334 -0.14145 0.92850
vn 0.34334 -0.14145 0.92850
vn 0.34334 -0.14145 0.92850
vn 0.34334 -0.14145 0.92850
vn -0.34334 0.14145 -0.92850
vn -0.34334 0.14145 -0.92850
vn -0.34334 0.14145 -0.92850
vn -0.34334 0.14145 -0.92850
vn 0.97539 0.19185 -0.10864
vn 0.97539 0.19185 -0.10864
vn 0.97539 0.19185 -0.10864
vn 0.97539 0.19185 -0.10864
vn -0.97539 -0.19185 0.10864
vn -0.97539 -0.19185 0.10864
vn -0.97539 -0.19185 0.10864
vn -0.97539 -0.19185 0.10864
vn 0.21044 -0.95709 0.19926
vn 0.21044 -0.95709 0.19926
vn 0.21044 -0.95709 0.19926
vn 0.21044 -0.95709 0.19926
vn -0.21044 0.95709 -0.19926
vn -0.21044 0.95709 -0.19926
vn -0.21044 0.95709 -0.19926
vn -0.21044 0.95709 -0.19926
vn 0.06575 0.21722 0.97391
vn 0.06575 0.21722 0.97391
vn 0.06575 0.21722 0.97391
vn 0.06575 0.21722 0.97391
vn -0.06575 -0.21722 -0.97391
vn -0.06575 -0.21722 -0.97391
vn -0.06575 -0.21722 -0.97391
vn -0.06575 -0.21722 -0.97391
vn -0.22609 -0.42939 -0.87436
vn -0.22609 -0.42939 -0.87436
vn -0.22609 -0.42939 -0.87436
vn -0.22609 -0.42939 -0.87436
vn 0.22609 0.42939 0.87436
vn 0.22609 0.42939 0.87436
vn 0.22609 0.42939 0.87436
vn 0.22609 0.42939 0.87436
vn 0.30196 -0.88428 0.35618
vn 0.30196 -0.88428 0.35618
vn 0.30196 -0.88428 0.35618
vn 0.30196 -0.88428 0.35618
vn -0.30196 0.88428 -0.35618
vn -0.30196 0.88428 -0.35618
vn -0.30196 0.88428 -0.35618
vn -0.30196 0.88428 -0.35618
vn 0.92612 0.18349 -0.32959
vn 0.92612 0.18349 -0.32959
vn 0.92612 0.18349 -0.32959
vn 0.92612 0.18349 -0.32959
vn -0.92612 -0.18349 0.32959
vn -0.92612 -0.18349 0.32959
vn -0.92612 -0.18349 0.32959
vn -0.92612 -0.18349 0.32959
vn 0.20959 -0.48671 -0.84805
vn 0.20959 -0.48671 -0.84805
vn 0.20959 -0.48671 -0.84805
vn 0.20959 -0.48671 -0.84805
vn -0.20959 0.48671 0.84805
vn -0.20959 0.48671 0.84805
vn -0.20959 0.48671 0.84805
vn -0.20959 0.48671 0.84805
vn 0.05418 -0.86020 0.50707
vn 0.05418 -0.86020 0.50707
vn 0.05418 -0.86020 0.50707
vn 0.05418 -0.86020 0.50707
vn -0.05418 0.86020 -0.50707
vn -0.05418 0.86020 -0.50707
vn -0.05418 0.86020 -0.50707
vn -0.05418 0.86020 -0.50707
vn 0.97629 0.15222 0.15392
vn 0.97629 0.15222 0.15392
vn 0.97629 0.15222 0.15392
vn 0.97629 0.15222 0.15392
vn -0.97629 -0.15222 -0.15392
vn -0.97629 -0.15222 -0.15392
vn -0.97629 -0.15222 -0.15392
vn -0.97629 -0.15222 -0.15392
vn -0.50187 -0.46734 0.72782
vn -0.50187 -0.46734 0.72782
vn -0.50187 -0.46734 0.72782
vn -0.50187 -0.46734 0.72782
vn 0.50187 0.46734 -0.72782
vn 0.50187 0.46734 -0.72782
vn 0.50187 0.46734 -0.72782
vn 0.50187 0.46734 -0.72782
vn 0.66631 -0.74543 -0.01919
vn 0.66631 -0.74543 -0.01919
vn 0.66631 -0.74543 -0.01919
vn 0.66631 -0.74543 -0.01919
vn -0.66631 0.74543 0.01919
vn -0.66631 0.74543 0.01919
vn -0.66631 0.74543 0.01919
vn -0.66631 0.74543 0.01919
vn -0.55150 -0.47532 -0.68550
vn -0.55150 -0.47532 -0.68550
vn -0.55150 -0.47532 -0.68550
vn -0.55150 -0.47532 -0.68550
vn 0.55150 0.47532 0.68550
vn 0.55150 0.47532 0.68550
vn 0.55150 0.47532 0.68550
vn 0.55150 0.47532 0.68550
vn 0.01851 -0.36470 0.93094
vn 0.01851 -0.36470 0.93094
vn 0.01851 -0.36470 0.93094
vn 0.01851 -0.36470 0.93094
vn -0.01851 0.36470 -0.93094
vn -0.01851 0.36470 -0.93094
vn -0.01851 0.36470 -0.93094
vn -0.01851 0.36470 -0.93094
vn 0.55195 -0.77264 -0.31366
vn 0.55195 -0.77264 -0.31366
vn 0.55195 -0.77264 -0.31366
vn 0.55195 -0.77264 -0.31366
vn -0.55195 0.77264 0.31366
vn -0.55195 0.77264 0.31366
vn -0.55195 0.77264 0.31366
vn -0.55195 0.77264 0.31366
vn -0.83367 -0.51964 -0.18699
vn -0.83367 -0.51964 -0.18699
vn -0.83367 -0.51964 -0.18699
vn -0.83367 -0.51964 -0.18699
vn 0.83367 0.51964 0.18699
vn 0.83367 0.51964 0.18699
vn 0.83367 0.51964 0.18699
vn 0.83367 0.51964 0.18699
vn 0.91474 0.29909 0.27164
vn 0.91474 0.29909 0.27164
vn 0.91474 0.29909 0.27164
vn 0.91474 0.29909 0.27164
vn -0.91474 -0.29909 -0.27164
vn -0.91474 -0.29909 -0.27164
vn -0.91474 -0.29909 -0.27164
vn -0.91474 -0.29909 -0.27164
vn 0.30575 -0.95193 0.01854
vn 0.30575 -0.95193 0.01854
vn 0.30575 -0.95193 0.01854
vn 0.30575 -0.95193 0.01854
vn -0.30575 0.95193 -0.01854
vn -0.30575 0.95193 -0.01854
vn -0.30575 0.95193 -0.01854
vn -0.30575 0.95193 -0.01854
vn -0.26413 -0.06609 0.96222
vn -0.26413 -0.06609 0.96222
vn -0.26413 -0.06609 0.96222
vn -0.26413 -0.06609 0.96222
vn 0.26413 0.06609 -0.96222
vn 0.26413 0.06609 -0.96222
vn 0.26413 0.06609 -0.96222
vn 0.26413 0.06609 -0.96222
vn 0.90650 0.24311 -0.34520
vn 0.90650 0.24311 -0.34520
vn 0.90650 0.24311 -0.34520
vn 0.90650 0.24311 -0.34520
vn -0.90650 -0.24311 0.34520
vn -0.90650 -0.24311 0.34520
vn -0.90650 -0.24311 0.34520
vn -0.90650 -0.24311 0.34520
vn 0.36660 -0.85879 0.35789
vn 0.36660 -0.85879 0.35789
vn 0.36660 -0.85879 0.35789
vn 0.36660 -0.85879 0.35789
vn -0.36660 0.85879 -0.35789
vn -0.36660 0.85879 -0.35789
vn -0.36660 0.85879 -0.35789
vn -0.36660 0.85879 -0.35789
vn 0.20945 0.45097 0.86761
vn 0.20945 0.45097 0.86761
vn 0.20945 0.45097 0.86761
vn 0.20945 0.45097 0.86761
vn -0.20945 -0.45097 -0.86761
vn -0.20945 -0.45097 -0.86761
vn -0.20945 -0.45097 -0.86761
vn -0.20945 -0.45097 -0.86761
vn -0.51768 0.41484 -0.74828
vn -0.51768 0.41484 -0.74828
vn -0.51768 0.41484 -0.74828
vn -0.51768 0.41484 -0.74828
vn 0.51768 -0.41484 0.74828
vn 0.51768 -0.41484 0.74828
vn 0.51768 -0.41484 0.74828
vn 0.51768 -0.41484 0.74828
vn -0.69191 -0.71743 0.08095
vn -0.69191 -0.71743 0.08095
vn -0.69191 -0.71743 0.08095
vn -0.69191 -0.71743 0.08095
vn 0.69191 0.71743 -0.08095
vn 0.69191 0.71743 -0.08095
vn 0.69191 0.71743 -0.08095
vn 0.69191 0.71743 -0.08095
vn 0.50325 -0.55965 -0.65843
vn 0.50325 -0.55965 -0.65843
vn 0.50325 -0.55965 -0.65843
vn 0.50325 -0.55965 -0.65843
vn -0.50325 0.55965 0.65843
vn -0.50325 0.55965 0.65843
vn -0.50325 0.55965 0.65843
vn -0.50325 0.55965 0.65843
vn 0.38920 -0.45834 0.79903
vn 0.38920 -0.45834 0.79903
vn 0.38920 -0.45834 0.79903
vn 0.38920 -0.45834 0.79903
vn -0.38920 0.45834 -0.79903
vn -0.38920 0.45834 -0.79903
vn -0.38920 0.45834 -0.79903
vn -0.38920 0.45834 -0.79903
vn -0.33538 -0.87839 -0.34051
vn -0.33538 -0.87839 -0.34051
vn -0.33538 -0.87839 -0.34051
vn -0.33538 -0.87839 -0.34051
vn 0.33538 0.87839 0.34051
vn 0.33538 0.87839 0.34051
vn 0.33538 0.87839 0.34051
vn 0.33538 0.87839 0.34051
vn -0.85793 0.13545 0.49559
vn -0.85793 0.13545 0.49559
vn -0.85793 0.13545 0.49559
vn -0.85793 0.13545 0.49559
vn 0.85793 -0.13545 -0.49559
vn 0.85793 -0.13545 -0.49559
vn 0.85793 -0.13545 -0.49559
vn 0.85793 -0.13545 -0.49559
vn -0.71393 -0.25480 0.65221
vn -0.71393 -0.25480 0.65221
vn -0.71393 -0.25480 0.65221
vn -0.71393 -0.25480 0.65221
vn 0.71393 0.25480 -0.65221
vn 0.71393 0.25480 -0.65221
vn 0.71393 0.25480 -0.65221
vn 0.71393 0.25480 -0.65221
vn -0.15428 -0.85131 -0.50147
vn -0.15428 -0.85131 -0.50147
vn -0.15428 -0.85131 -0.50147
vn -0.15428 -0.85131 -0.50147
vn 0.15428 0.85131 0.50147
vn 0.15428 0.85131 0.50147
vn 0.15428 0.85131 0.50147
vn 0.15428 0.85131 0.50147
vn -0.68301 0.45864 -0.56846
vn -0.68301 0.45864 -0.56846
vn -0.68301 0.45864 -0.56846
vn -0.68301 0.45864 -0.56846
vn 0.68301 -0.45864 0.56846
vn 0.68301 -0.45864 0.56846
vn 0.68301 -0.45864 0.56846
vn 0.68301 -0.45864 0.56846
vn 0.43618 -0.29694 0.84945
vn 0.43618 -0.29694 0.84945
vn 0.43618 -0.29694 0.84945
vn 0.43618 -0.29694 0.84945
vn -0.43618 0.29694 -0.84945
vn -0.43618 0.29694 -0.84945
vn -0.43618 0.29694 -0.84945
vn -0.43618 0.29694 -0.84945
vn -0.00276 -0.94442 -0.32872
vn -0.00276 -0.94442 -0.32872
vn -0.00276 -0.94442 -0.32872
vn -0.00276 -0.94442 -0.32872
vn 0.00276 0.94442 0.32872
vn 0.00276 0.94442 0.32872
vn 0.00276 0.94442 0.32872
vn 0.00276 0.94442 0.32872
vn -0.89985 -0.14104 0.41276
vn -0.89985 -0.14104 0.41276
vn -0.89985 -0.14104 0.41276
vn -0.89985 -0.14104 0.41276
vn 0.89985 0.14104 -0.41276
vn 0.89985 0.14104 -0.41276
vn 0.89985 0.14104 -0.41276
vn 0.89985 0.14104 -0.41276
vn 0.25060 -0.26964 -0.92978
vn 0.25060 -0.26964 -0.92978
vn 0.25060 -0.26964 -0.92978
vn 0.25060 -0.26964 -0.92978
vn -0.25060 0.26964 0.92978
vn -0.25060 0.26964 0.92978
vn -0.25060 0.26964 0.92978
vn -0.25060 0.26964 0.92978
vn -0.41703 -0.89681 0.14768
vn -0.41703 -0.89681 0.14768
vn -0.41703 -0.89681 0.14768
vn -0.41703 -0.89681 0.14768
vn 0.41703 0.89681 -0.14768
vn 0.41703 0.89681 -0.14768
vn 0.41703 0.89681 -0.14768
vn 0.41703 0.89681 -0.14768
vn 0.87366 -0.35074 0.33719
vn 0.87366 -0.35074 0.33719
vn 0.87366 -0.35074 0.33719
vn 0.87366 -0.35074 0.33719
vn -0.87366 0.35074 -0.33719
vn -0.87366 0.35074 -0.33719
vn -0.87366 0.35074 -0.33719
vn -0.87366 0.35074 -0.33719
vn -0.83803 -0.02622 -0.54499
vn -0.83803 -0.02622 -0.54499
vn -0.83803 -0.02622 -0.54499
vn -0.83803 -0.02622 -0.54499
vn 0.83803 0.02622 0.54499
vn 0.83803 0.02622 0.54499
vn 0.83803 0.02622 0.54499
vn 0.83803 0.02622 0.54499
vn 0.02293 -0.99965 0.01284
vn 0.02293 -0.99965 0.01284
vn 0.02293 -0.99965 0.01284
vn 0.02293 -0.99965 0.01284
vn -0.02293 0.99965 -0.01284
vn -0.02293 0.99965 -0.01284
vn -0.02293 0.99965 -0.01284
vn -0.02293 0.99965 -0.01284
vn 0.54514 0.00174 -0.83835
vn 0.54514 0.00174 -0.83835
vn 0.54514 0.00174 -0.83835
vn 0.54514 0.00174 -0.83835
vn -0.54514 -0.00174 0.83835
vn -0.54514 -0.00174 0.83835
vn -0.54514 -0.00174 0.83835
vn -0.54514 -0.00174 0.83835
vn 0.86639 -0.34281 0.36311
vn 0.86639 -0.34281 0.36311
vn 0.86639 -0.34281 0.36311
vn 0.86639 -0.34281 0.36311
vn -0.86639 0.34281 -0.36311
vn -0.86639 0.34281 -0.36311
vn -0.86639 0.34281 -0.36311
vn -0.86639 0.34281 -0.36311
vn -0.47527 -0.78922 0.38892
vn -0.47527 -0.78922 0.38892
vn -0.47527 -0.78922 0.38892
vn -0.47527 -0.78922 0.38892
vn 0.47527 0.78922 -0.38892
vn 0.47527 0.78922 -0.38892
vn 0.47527 0.78922 -0.38892
vn 0.47527 0.78922 -0.38892
vn -0.15325 0.50953 0.84670
vn -0.15325 0.50953 0.84670
vn -0.15325 0.50953 0.84670
vn -0.15325 0.50953 0.84670
vn 0.15325 -0.50953 -0.84670
vn 0.15325 -0.50953 -0.84670
vn 0.15325 -0.50953 -0.84670
vn 0.15325 -0.50953 -0.84670
vn 0.27574 0.44193 -0.85362
vn 0.27574 0.44193 -0.85362
vn 0.27574 0.44193 -0.85362
vn 0.27574 0.44193 -0.85362
vn -0.27574 -0.44193 0.85362
vn -0.27574 -0.44193 0.85362
vn -0.27574 -0.44193 0.85362
vn -0.27574 -0.44193 0.85362
vn 0.44316 -0.84648 -0.29508
vn 0.44316 -0.84648 -0.29508
vn 0.44316 -0.84648 -0.29508
vn 0.44316 -0.84648 -0.29508
vn -0.44316 0.84648 0.29508
vn -0.44316 0.84648 0.29508
vn -0.44316 0.84648 0.29508
vn -0.44316 0.84648 0.29508
vn 0.85298 0.29693 0.42925
vn 0.85298 0.29693 0.42925
vn 0.85298 0.29693 0.42925
vn 0.85298 0.29693 0.42925
vn -0.85298 -0.29693 -0.42925
vn -0.85298 -0.29693 -0.42925
vn -0.85298 -0.29693 -0.42925
vn -0.85298 -0.29693 -0.42925
vn 0.00611 -0.19980 -0.97982
vn 0.00611 -0.19980 -0.97982
vn 0.00611 -0.19980 -0.97982
vn 0.00611 -0.19980 -0.97982
vn -0.00611 0.19980 0.97982
vn -0.00611 0.19980 0.97982
vn -0.00611 0.19980 0.97982
vn -0.00611 0.19980 0.97982
vn -0.01253 -0.97977 0.19971
vn -0.01253 -0.97977 0.19971
vn -0.01253 -0.97977 0.19971
vn -0.01253 -0.97977 0.19971
vn 0.01253 0.97977 -0.19971
vn 0.01253 0.97977 -0.19971
vn 0.01253 0.97977 -0.19971
vn 0.01253 0.97977 -0.19971
vn 0.99990 -0.01105 0.00849
vn 0.99990 -0.01105 0.00849
vn 0.99990 -0.01105 0.00849
vn 0.99990 -0.01105 0.00849
vn -0.99990 0.01105 -0.00849
vn -0.99990 0.01105 -0.00849
vn -0.99990 0.01105 -0.00849
vn -0.99990 0.01105 -0.00849
vn 0.37164 -0.03776 0.92761
vn 0.37164 -0.03776 0.92761
vn 0.37164 -0.03776 0.92761
vn 0.37164 -0.03776 0.92761
vn -0.37164 0.03776 -0.92761
vn -0.37164 0.03776 -0.92761
vn -0.37164 0.03776 -0.92761
vn -0.37164 0.03776 -0.92761
vn 0.24350 -0.96023 -0.13664
vn 0.24350 -0.96023 -0.13664
vn 0.24350 -0.96023 -0.13664
vn 0.24350 -0.96023 -0.13664
vn -0.24350 0.96023 0.13664
vn -0.24350 0.96023 0.13664
vn -0.24350 0.96023 0.13664
vn -0.24350 0.96023 0.13664
vn -0.89588 -0.27665 0.34766
vn -0.89588 -0.27665 0.34766
vn -0.89588 -0.27665 0.34766
vn -0.89588 -0.27665 0.34766
vn 0.89588 0.27665 -0.34766
vn 0.89588 0.27665 -0.34766
vn 0.89588 0.27665 -0.34766
vn 0.89588 0.27665 -0.34766
vn 0.71169 0.47538 0.51721
vn 0.71169 0.47538 0.51721
vn 0.71169 0.47538 0.51721
vn 0.71169 0.47538 0.51721
vn -0.71169 -0.47538 -0.51721
vn -0.71169 -0.47538 -0.51721
vn -0.71169 -0.47538 -0.51721
vn -0.71169 -0.47538 -0.51721
vn 0.30509 -0.87235 0.38200
vn 0.30509 -0.87235 0.38200
vn 0.30509 -0.87235 0.38200
vn 0.30509 -0.87235 0.38200
vn -0.30509 0.87235 -0.38200
vn -0.30509 0.87235 -0.38200
vn -0.30509 0.87235 -0.38200
vn -0.30509 0.87235 -0.38200
vn -0.63279 0.11407 0.76588
vn -0.63279 0.11407 0.76588
vn -0.63279 0.11407 0.76588
vn -0.63279 0.11407 0.76588
vn 0.63279 -0.11407 -0.76588
vn 0.63279 -0.11407 -0.76588
vn 0.63279 -0.11407 -0.76588
vn 0.63279 -0.11407 -0.76588
vn 0.84200 -0.53778 0.04271
vn 0.84200 -0.53778 0.04271
vn 0.84200 -0.53778 0.04271
vn 0.84200 -0.53778 0.04271
vn -0.84200 0.53778 -0.04271
vn -0.84200 0.53778 -0.04271
vn -0.84200 0.53778 -0.04271
vn -0.84200 0.53778 -0.04271
vn -0.53946 -0.83875 0.07410
vn -0.53946 -0.83875 0.07410
vn -0.53946 -0.83875 0.07410
vn -0.53946 -0.83875 0.07410
vn 0.53946 0.83875 -0.07410
vn 0.53946 0.83875 -0.07410
vn 0.53946 0.83875 -0.07410
vn 0.53946 0.83875 -0.07410
vn 0.00403 0.08543 0.99634
vn 0.00403 0.08543 0.99634
vn 0.00403 0.08543 0.99634
vn 0.00403 0.08543 0.99634
vn -0.00403 -0.08543 -0.99634
vn -0.00403 -0.08543 -0.99634
vn -0.00403 -0.08543 -0.99634
vn -0.00403 -0.08543 -0.99634
vn -0.05610 0.11064 -0.99228
vn -0.05610 0.11064 -0.99228
vn -0.05610 0.11064 -0.99228
vn -0.05610 0.11064 -0.99228
vn 0.05610 -0.11064 0.99228
vn 0.05610 -0.11064 0.99228
vn 0.05610 -0.11064 0.99228
vn 0.05610 -0.11064 0.99228
vn -0.32486 -0.94178 -0.08665
vn -0.32486 -0.94178 -0.08665
vn -0.32486 -0.94178 -0.08665
vn -0.32486 -0.94178 -0.08665
vn 0.32486 0.94178 0.08665
vn 0.32486 0.94178 0.08665
vn 0.32486 0.94178 0.08665
vn 0.32486 0.94178 0.08665
vn 0.94410 -0.31749 -0.08878
vn 0.94410 -0.31749 -0.08878
vn 0.94410 -0.31749 -0.08878
vn 0.94410 -0.31749 -0.08878
vn -0.94410 0.31749 0.08878
vn -0.94410 0.31749 0.08878
vn -0.94410 0.31749 0.08878
vn -0.94410 0.31749 0.08878
vn 0.13363 0.13139 -0.98228
vn 0.13363 0.13139 -0.98228
vn 0.13363 0.13139 -0.98228
vn 0.13363 0.13139 -0.98228
vn -0.13363 -0.13139 0.98228
vn -0.13363 -0.13139 0.98228
vn -0.13363 -0.13139 0.98228
vn -0.13363 -0.13139 0.98228
vn 0.32369 -0.94260 -0.08205
vn 0.32369 -0.94260 -0.08205
vn 0.32369 -0.94260 -0.08205
vn 0.32369 -0.94260 -0.08205
vn -0.32369 0.94260 0.08205
vn -0.32369 0.94260 0.08205
vn -0.32369 0.94260 0.08205
vn -0.32369 0.94260 0.08205
vn 0.93668 0.30699 0.16848
vn 0.93668 0.30699 0.16848
vn 0.93668 0.30699 0.16848
vn 0.93668 0.30699 0.16848
vn -0.93668 -0.30699 -0.16848
vn -0.93668 -0.30699 -0.16848
vn -0.93668 -0.30699 -0.16848
vn -0.93668 -0.30699 -0.16848
vn 0.62248 0.50810 0.59528
vn 0.62248 0.50810 0.59528
vn 0.62248 0.50810 0.59528
vn 0.62248 0.50810 0.59528
vn -0.62248 -0.50810 -0.59528
vn -0.62248 -0.50810 -0.59528
vn -0.62248 -0.50810 -0.59528
vn -0.62248 -0.50810 -0.59528
vn 0.19265 -0.83668 0.51269
vn 0.19265 -0.83668 0.51269
vn 0.19265 -0.83668 0.51269
vn 0.19265 -0.83668 0.51269
vn -0.19265 0.83668 -0.51269
vn -0.19265 0.83668 -0.51269
vn -0.19265 0.83668 -0.51269
vn -0.19265 0.83668 -0.51269
vn -0.75856 0.20446 0.61870
vn -0.75856 0.20446 0.61870
vn -0.75856 0.20446 0.61870
vn -0.75856 0.20446 0.61870
vn 0.75856 -0.20446 -0.61870
vn 0.75856 -0.20446 -0.61870
vn 0.75856 -0.20446 -0.61870
vn 0.75856 -0.20446 -0.61870
vn 0.66045 -0.16135 -0.73333
vn 0.66045 -0.16135 -0.73333
vn 0.66045 -0.16135 -0.73333
vn 0.66045 -0.16135 -0.73333
vn -0.66045 0.16135 0.73333
vn -0.66045 0.16135 0.73333
vn -0.66045 0.16135 0.73333
vn -0.66045 0.16135 0.73333
vn 0.21454 -0.89538 0.39022
vn 0.21454 -0.89538 0.39022
vn 0.21454 -0.89538 0.39022
vn 0.21454 -0.89538 0.39022
vn -0.21454 0.89538 -0.39022
vn -0.21454 0.89538 -0.39022
vn -0.21454 0.89538 -0.39022
vn -0.21454 0.89538 -0.39022
vn 0.71957 0.41505 0.55673
vn 0.71957 0.41505 0.55673
vn 0.71957 0.41505 0.55673
vn 0.71957 0.41505 0.55673
vn -0.71957 -0.41505 -0.55673
vn -0.71957 -0.41505 -0.55673
vn -0.71957 -0.41505 -0.55673
vn -0.71957 -0.41505 -0.55673
vn 0.80117 0.35086 -0.48480
vn 0.80117 0.35086 -0.48480
vn 0.80117 0.35086 -0.48480
vn 0.80117 0.35086 -0.48480
vn -0.80117 -0.35086 0.48480
vn -0.80117 -0.35086 0.48480
vn -0.80117 -0.35086 0.48480
vn -0.80117 -0.35086 0.48480
vn 0.16192 -0.90698 -0.38881
vn 0.16192 -0.90698 -0.38881
vn 0.16192 -0.90698 -0.38881
vn 0.16192 -0.90698 -0.38881
vn -0.16192 0.90698 0.38881
vn -0.16192 0.90698 0.38881
vn -0.16192 0.90698 0.38881
vn -0.16192 0.90698 0.38881
vn 0.57611 -0.23300 0.78346
vn 0.57611 -0.23300 0.78346
vn 0.57611 -0.23300 0.78346
vn 0.57611 -0.23300 0.78346
vn -0.57611 0.23300 -0.78346
vn -0.57611 0.23300 -0.78346
vn -0.57611 0.23300 -0.78346
vn -0.57611 0.23300 -0.78346
vn 0.00720 -0.11518 -0.99332
vn 0.00720 -0.11518 -0.99332
vn 0.00720 -0.11518 -0.99332
vn 0.00720 -0.11518 -0.99332
vn -0.00720 0.11518 0.99332
vn -0.00720 0.11518 0.99332
vn -0.00720 0.11518 0.99332
vn -0.00720 0.11518 0.99332
vn -0.49797 -0.86183 0.09632
vn -0.49797 -0.86183 0.09632
vn -0.49797 -0.86183 0.09632
vn -0.49797 -0.86183 0.09632
vn 0.49797 0.86183 -0.09632
vn 0.49797 0.86183 -0.09632
vn 0.49797 0.86183 -0.09632
vn 0.49797 0.86183 -0.09632
vn 0.86717 -0.49395 0.06356
vn 0.86717 -0.49395 0.06356
vn 0.86717 -0.49395 0.06356
vn 0.86717 -0.49395 0.06356
vn -0.86717 0.49395 -0.06356
vn -0.86717 0.49395 -0.06356
vn -0.86717 0.49395 -0.06356
vn -0.86717 0.49395 -0.06356
vn 0.05797 -0.27869 -0.95863
vn 0.05797 -0.27869 -0.95863
vn 0.05797 -0.27869 -0.95863
vn 0.05797 -0.27869 -0.95863
vn -0.05797 0.27869 0.95863
vn -0.05797 0.27869 0.95863
vn -0.05797 0.27869 0.95863
vn -0.05797 0.27869 0.95863
vn -0.20774 -0.94259 0.26147
vn -0.20774 -0.94259 0.26147
vn -0.20774 -0.94259 0.26147
vn -0.20774 -0.94259 0.26147
vn 0.20774 0.94259 -0.26147
vn 0.20774 0.94259 -0.26147
vn 0.20774 0.94259 -0.26147
vn 0.20774 0.94259 -0.26147
vn 0.97646 -0.18399 0.11254
vn 0.97646 -0.18399 0.11254
vn 0.97646 -0.18399 0.11254
vn 0.97646 -0.18399 0.11254
vn -0.97646 0.18399 -0.11254
vn -0.97646 0.18399 -0.11254
vn -0.97646 0.18399 -0.11254
vn -0.97646 0.18399 -0.11254
vt 0.000 0.000
vt 1.000 0.000
vt 1.000 1.000
vt 0.000 1.000
vt 0.000 0.000
vt 1.000 0.000
vt 1.000 1.000
vt 0.000 1.000
vt 0.000 0.000
vt 1.000 0.000
vt 1.000 1.000
vt 0.000 1.000
vt 0.000 0.000
vt 1.000 0.000
vt 1.000 1.000
vt 0.000 1.000
vt 0.000 0.000
vt 1.000 0.000
vt 1.000 1.000
vt 0.000 1.000
vt 0.000 0.000
vt 1.000 0.000
vt 1.000 1.000
vt 0.000 1.000
vt 0.000 0.000
vt 1.000 0.000
vt 1.000 1.000
vt 0.000 1.000
vt 0.000 0.000
vt 1.000 0.000
vt 1.000 1.000
vt 0.000 1.000
vt 0.000 0.000
vt 1.000 0.000
vt 1.000 1.000
vt 0.000 1.000
vt 0.000 0.000
vt 1.000 0.000
vt 1.000 1.000
vt 0.000 1.000
vt 0.000 0.000
vt 1.000 0.000
vt 1.000 1.000
vt 0.000 1.000
vt 0.000 0.000
vt 1.000 0.000
vt 1.000 1.000
vt 0.000 1.000
vt 0.000 0.000
vt 1.000 0.000
vt 1.000 1.000
vt 0.000 1.000
vt 0.000 0.000
vt 1.000 0.000
vt 1.000 1.000
vt 0.000 1.000
vt 0.000 0.000
vt 1.000 0.000
vt 1.000 1.000
vt 0.000 1.000
vt 0.000 0.000
vt 1.000 0.000
vt 1.000 1.000
vt 0.000 1.000
vt 0.000 0.000
vt 1.000 0.000
vt 1.000 1.000
vt 0.000 1.000
vt 0.000 0.000
vt 1.000 0.000
vt 1.000 1.000
vt 0.000 1.000
vt 0.000 0.000
vt 1.000 0.000
vt 1.000 1.000
vt 0.000 1.000
vt 0.000 0.000
vt 1.000 0.000
vt 1.000 1.000
vt 0.000 1.000
vt 0.000 0.000
vt 1.000 0.000
vt 1.000 1.000
vt 0.000 1.000
vt 0.000 0.000
vt 1.000 0.000
vt 1.000 1.000
vt 0.000 1.000
vt 0.000 0.000
vt 1.000 0.000
vt 1.000 1.000
vt 0.000 1.000
vt 0.000 0.000
vt 1.000 0.000
vt 1.000 1.000
vt 0.000 1.000
vt 0.000 0.000
vt 1.000 0.000
vt 1.000 1.000
vt 0.000 1.000
vt 0.000 0.000
vt 1.000 0.000
vt 1.000 1.000
vt 0.000 1.000
vt 0.000 0.000
vt 1.000 0.000
vt 1.000 1.000
vt 0.000 1.000
vt 0.000 0.000
vt 1.000 0.000
vt 1.000 1.000
vt 0.000 1.000
vt 0.000 0.000
vt 1.000 0.000
vt 1.000 1.000
vt 0.000 1.000
vt 0.000 0.000
vt 1.000 0.000
vt 1.000 1.000
vt 0.000 1.000
vt 0.000 0.000
vt 1.000 0.000
vt 1.000 1.000
vt 0.000 1.000
vt 0.000 0.000
vt 1.000 0.000
vt 1.000 1.000
vt 0.000 1.000
vt 0.000 0.000
vt 1.000 0.000
vt 1.000 1.000
vt 0.000 1.000
vt 0.000 0.000
vt 1.000 0.000
vt 1.000 1.000
vt 0.000 1.000
vt 0.000 0.000
vt 1.000 0.000
vt 1.000 1.000
vt 0.000 1.000
vt 0.000 0.000
vt 1.000 0.000
vt 1.000 1.000
vt 0.000 1.000
vt 0.000 0.000
vt 1.000 0.000
vt 1.000 1.000
vt 0.000 1.000
vt 0.000 0.000
vt 1.000 0.000
vt 1.000 1.000
vt 0.000 1.000
vt 0.000 0.000
vt 1.000 0.000
vt 1.000 1.000
vt 0.000 1.000
vt 0.000 0.000
vt 1.000 0.000
vt 1.000 1.000
vt 0.000 1.000
vt 0.000 0.000
vt 1.000 0.000
vt 1.000 1.000
vt 0.000 1.000
vt 0.000 0.000
vt 1.000 0.000
vt 1.000 1.000
vt 0.000 1.000
vt 0.000 0.000
vt 1.000 0.000
vt 1.000 1.000
vt 0.000 1.000
vt 0.000 0.000
vt 1.000 0.000
vt 1.000 1.000
vt 0.000 1.000
vt 0.000 0.000
vt 1.000 0.000
vt 1.000 1.000
vt 0.000 1.000
vt 0.000 0.000
vt 1.000 0.000
vt 1.000 1.000
vt 0.000 1.000
vt 0.000 0.000
vt 1.000 0.000
vt 1.000 1.000
vt 0.000 1.000
vt 0.000 0.000
vt 1.000 0.000
vt 1.000 1.000
vt 0.000 1.000
vt 0.000 0.000
vt 1.000 0.000
vt 1.000 1.000
vt 0.000 1.000
vt 0.000 0.000
vt 1.000 0.000
vt 1.000 1.000
vt 0.000 1.000
vt 0.000 0.000
vt 1.000 0.000
vt 1.000 1.000
vt 0.000 1.000
vt 0.000 0.000
vt 1.000 0.000
vt 1.000 1.000
vt 0.000 1.000
vt 0.000 0.000
vt 1.000 0.000
vt 1.000 1.000
vt 0.000 1.000
vt 0.000 0.000
vt 1.000 0.000
vt 1.000 1.000
vt 0.000 1.000
vt 0.000 0.000
vt 1.000 0.000
vt 1.000 1.000
vt 0.000 1.000
vt 0.000 0.000
vt 1.000 0.000
vt 1.000 1.000
vt 0.000 1.000
vt 0.000 0.000
vt 1.000 0.000
vt 1.000 1.000
vt 0.000 1.000
vt 0.000 0.000
vt 1.000 0.000
vt 1.000 1.000
vt 0.000 1.000
vt 0.000 0.000
vt 1.000 0.000
vt 1.000 1.000
vt 0.000 1.000
vt 0.000 0.000
vt 1.000 0.000
vt 1.000 1.000
vt 0.000 1.000
vt 0.000 0.000
vt 1.000 0.000
vt 1.000 1.000
vt 0.000 1.000
vt 0.000 0.000
vt 1.000 0.000
vt 1.000 1.000
vt 0.000 1.000
vt 0.000 0.000
vt 1.000 0.000
vt 1.000 1.000
vt 0.000 1.000
vt 0.000 0.000
vt 1.000 0.000
vt 1.000 1.000
vt 0.000 1.000
vt 0.000 0.000
vt 1.000 0.000
vt 1.000 1.000
vt 0.000 1.000
vt 0.000 0.000
vt 1.000 0.000
vt 1.000 1.000
vt 0.000 1.000
vt 0.000 0.000
vt 1.000 0.000
vt 1.000 1.000
vt 0.000 1.000
vt 0.000 0.000
vt 1.000 0.000
vt 1.000 1.000
vt 0.000 1.000
vt 0.000 0.000
vt 1.000 0.000
vt 1.000 1.000
vt 0.000 1.000
vt 0.000 0.000
vt 1.000 0.000
vt 1.000 1.000
vt 0.000 1.000
vt 0.000 0.000
vt 1.000 0.000
vt 1.000 1.000
vt 0.000 1.000
vt 0.000 0.000
vt 1.000 0.000
vt 1.000 1.000
vt 0.000 1.000
vt 0.000 0.000
vt 1.000 0.000
vt 1.000 1.000
vt 0.000 1.000
vt 0.000 0.000
vt 1.000 0.000
vt 1.000 1.000
vt 0.000 1.000
vt 0.000 0.000
vt 1.000 0.000
vt 1.000 1.000
vt 0.000 1.000
vt 0.000 0.000
vt 1.000 0.000
vt 1.000 1.000
vt 0.000 1.000
vt 0.000 0.000
vt 1.000 0.000
vt 1.000 1.000
vt 0.000 1.000
vt 0.000 0.000
vt 1.000 0.000
vt 1.000 1.000
vt 0.000 1.000
vt 0.000 0.000
vt 1.000 0.000
vt 1.000 1.000
vt 0.000 1.000
vt 0.000 0.000
vt 1.000 0.000
vt 1.000 1.000
vt 0.000 1.000
vt 0.000 0.000
vt 1.000 0.000
vt 1.000 1.000
vt 0.000 1.000
vt 0.000 0.000
vt 1.000 0.000
vt 1.000 1.000
vt 0.000 1.000
vt 0.000 0.000
vt 1.000 0.000
vt 1.000 1.000
vt 0.000 1.000
vt 0.000 0.000
vt 1.000 0.000
vt 1.000 1.000
vt 0.000 1.000
vt 0.000 0.000
vt 1.000 0.000
vt 1.000 1.000
vt 0.000 1.000
vt 0.000 0.000
vt 1.000 0.000
vt 1.000 1.000
vt 0.000 1.000
vt 0.000 0.000
vt 1.000 0.000
vt 1.000 1.000
vt 0.000 1.000
vt 0.000 0.000
vt 1.000 0.000
vt 1.000 1.000
vt 0.000 1.000
vt 0.000 0.000
vt 1.000 0.000
vt 1.000 1.000
vt 0.000 1.000
vt 0.000 0.000
vt 1.000 0.000
vt 1.000 1.000
vt 0.000 1.000
vt 0.000 0.000
vt 1.000 0.000
vt 1.000 1.000
vt 0.000 1.000
vt 0.000 0.000
vt 1.000 0.000
vt 1.000 1.000
vt 0.000 1.000
vt 0.000 0.000
vt 1.000 0.000
vt 1.000 1.000
vt 0.000 1.000
vt 0.000 0.000
vt 1.000 0.000
vt 1.000 1.000
vt 0.000 1.000
vt 0.000 0.000
vt 1.000 0.000
vt 1.000 1.000
vt 0.000 1.000
vt 0.000 0.000
vt 1.000 0.000
vt 1.000 1.000
vt 0.000 1.000
vt 0.000 0.000
vt 1.000 0.000
vt 1.000 1.000
vt 0.000 1.000
vt 0.000 0.000
vt 1.000 0.000
vt 1.000 1.000
vt 0.000 1.000
vt 0.000 0.000
vt 1.000 0.000
vt 1.000 1.000
vt 0.000 1.000
vt 0.000 0.000
vt 1.000 0.000
vt 1.000 1.000
vt 0.000 1.000
vt 0.000 0.000
vt 1.000 0.000
vt 1.000 1.000
vt 0.000 1.000
vt 0.000 0.000
vt 1.000 0.000
vt 1.000 1.000
vt 0.000 1.000
vt 0.000 0.000
vt 1.000 0.000
vt 1.000 1.000
vt 0.000 1.000
vt 0.000 0.000
vt 1.000 0.000
vt 1.000 1.000
vt 0.000 1.000
vt 0.000 0.000
vt 1.000 0.000
vt 1.000 1.000
vt 0.000 1.000
vt 0.000 0.000
vt 1.000 0.000
vt 1.000 1.000
vt 0.000 1.000
vt 0.000 0.000
vt 1.000 0.000
vt 1.000 1.000
vt 0.000 1.000
vt 0.000 0.000
vt 1.000 0.000
vt 1.000 1.000
vt 0.000 1.000
vt 0.000 0.000
vt 1.000 0.000
vt 1.000 1.000
vt 0.000 1.000
vt 0.000 0.000
vt 1.000 0.000
vt 1.000 1.000
vt 0.000 1.000
vt 0.000 0.000
vt 1.000 0.000
vt 1.000 1.000
vt 0.000 1.000
vt 0.000 0.000
vt 1.000 0.000
vt 1.000 1.000
vt 0.000 1.000
vt 0.000 0.000
vt 1.000 0.000
vt 1.000 1.000
vt 0.000 1.000
vt 0.000 0.000
vt 1.000 0.000
vt 1.000 1.000
vt 0.000 1.000
vt 0.000 0.000
vt 1.000 0.000
vt 1.000 1.000
vt 0.000 1.000
vt 0.000 0.000
vt 1.000 0.000
vt 1.000 1.000
vt 0.000 1.000
vt 0.000 0.000
vt 1.000 0.000
vt 1.000 1.000
vt 0.000 1.000
vt 0.000 0.000
vt 1.000 0.000
vt 1.000 1.000
vt 0.000 1.000
vt 0.000 0.000
vt 1.000 0.000
vt 1.000 1.000
vt 0.000 1.000
vt 0.000 0.000
vt 1.000 0.000
vt 1.000 1.000
vt 0.000 1.000
vt 0.000 0.000
vt 1.000 0.000
vt 1.000 1.000
vt 0.000 1.000
vt 0.000 0.000
vt 1.000 0.000
vt 1.000 1.000
vt 0.000 1.000
vt 0.000 0.000
vt 1.000 0.000
vt 1.000 1.000
vt 0.000 1.000
vt 0.000 0.000
vt 1.000 0.000
vt 1.000 1.000
vt 0.000 1.000
vt 0.000 0.000
vt 1.000 0.000
vt 1.000 1.000
vt 0.000 1.000
vt 0.000 0.000
vt 1.000 0.000
vt 1.000 1.000
vt 0.000 1.000
vt 0.000 0.000
vt 1.000 0.000
vt 1.000 1.000
vt 0.000 1.000
vt 0.000 0.000
vt 1.000 0.000
vt 1.000 1.000
vt 0.000 1.000
vt 0.000 0.000
vt 1.000 0.000
vt 1.000 1.000
vt 0.000 1.000
vt 0.000 0.000
vt 1.000 0.000
vt 1.000 1.000
vt 0.000 1.000
vt 0.000 0.000
vt 1.000 0.000
vt 1.000 1.000
vt 0.000 1.000
vt 0.000 0.000
vt 1.000 0.000
vt 1.000 1.000
vt 0.000 1.000
vt 0.000 0.000
vt 1.000 0.000
vt 1.000 1.000
vt 0.000 1.000
vt 0.000 0.000
vt 1.000 0.000
vt 1.000 1.000
vt 0.000 1.000
vt 0.000 0.000
vt 1.000 0.000
vt 1.000 1.000
vt 0.000 1.000
vt 0.000 0.000
vt 1.000 0.000
vt 1.000 1.000
vt 0.000 1.000
vt 0.000 0.000
vt 1.000 0.000
vt 1.000 1.000
vt 0.000 1.000
vt 0.000 0.000
vt 1.000 0.000
vt 1.000 1.000
vt 0.000 1.000
vt 0.000 0.000
vt 1.000 0.000
vt 1.000 1.000
vt 0.000 1.000
vt 0.000 0.000
vt 1.000 0.000
vt 1.000 1.000
vt 0.000 1.000
vt 0.000 0.000
vt 1.000 0.000
vt 1.000 1.000
vt 0.000 1.000
vt 0.000 0.000
vt 1.000 0.000
vt 1.000 1.000
vt 0.000 1.000
vt 0.000 0.000
vt 1.000 0.000
vt 1.000 1.000
vt 0.000 1.000
vt 0.000 0.000
vt 1.000 0.000
vt 1.000 1.000
vt 0.000 1.000
vt 0.000 0.000
vt 1.000 0.000
vt 1.000 1.000
vt 0.000 1.000
vt 0.000 0.000
vt 1.000 0.000
vt 1.000 1.000
vt 0.000 1.000
vt 0.000 0.000
vt 1.000 0.000
vt 1.000 1.000
vt 0.000 1.000
vt 0.000 0.000
vt 1.000 0.000
vt 1.000 1.000
vt 0.000 1.000
vt 0.000 0.000
vt 1.000 0.000
vt 1.000 1.000
vt 0.000 1.000
vt 0.000 0.000
vt 1.000 0.000
vt 1.000 1.000
vt 0.000 1.000
vt 0.000 0.000
vt 1.000 0.000
vt 1.000 1.000
vt 0.000 1.000
vt 0.000 0.000
vt 1.000 0.000
vt 1.000 1.000
vt 0.000 1.000
vt 0.000 0.000
vt 1.000 0.000
vt 1.000 1.000
vt 0.000 1.000
vt 0.000 0.000
vt 1.000 0.000
vt 1.000 1.000
vt 0.000 1.000
vt 0.000 0.000
vt 1.000 0.000
vt 1.000 1.000
vt 0.000 1.000
vt 0.000 0.000
vt 1.000 0.000
vt 1.000 1.000
vt 0.000 1.000
vt 0.000 0.000
vt 1.000 0.000
vt 1.000 1.000
vt 0.000 1.000
vt 0.000 0.000
vt 1.000 0.000
vt 1.000 1.000
vt 0.000 1.000
vt 0.000 0.000
vt 1.000 0.000
vt 1.000 1.000
vt 0.000 1.000
vt 0.000 0.000
vt 1.000 0.000
vt 1.000 1.000
vt 0.000 1.000
vt 0.000 0.000
vt 1.000 0.000
vt 1.000 1.000
vt 0.000 1.000
vt 0.000 0.000
vt 1.000 0.000
vt 1.000 1.000
vt 0.000 1.000
vt 0.000 0.000
vt 1.000 0.000
vt 1.000 1.000
vt 0.000 1.000
vt 0.000 0.000
vt 1.000 0.000
vt 1.000 1.000
vt 0.000 1.000
vt 0.000 0.000
vt 1.000 0.000
vt 1.000 1.000
vt 0.000 1.000
vt 0.000 0.000
vt 1.000 0.000
vt 1.000 1.000
vt 0.000 1.000
vt 0.000 0.000
vt 1.000 0.000
vt 1.000 1.000
vt 0.000 1.000
vt 0.000 0.000
vt 1.000 0.000
vt 1.000 1.000
vt 0.000 1.000
vt 0.000 0.000
vt 1.000 0.000
vt 1.000 1.000
vt 0.000 1.000
vt 0.000 0.000
vt 1.000 0.000
vt 1.000 1.000
vt 0.000 1.000
vt 0.000 0.000
vt 1.000 0.000
vt 1.000 1.000
vt 0.000 1.000
vt 0.000 0.000
vt 1.000 0.000
vt 1.000 1.000
vt 0.000 1.000
vt 0.000 0.000
vt 1.000 0.000
vt 1.000 1.000
vt 0.000 1.000
vt 0.000 0.000
vt 1.000 0.000
vt 1.000 1.000
vt 0.000 1.000
vt 0.000 0.000
vt 1.000 0.000
vt 1.000 1.000
vt 0.000 1.000
vt 0.000 0.000
vt 1.000 0.000
vt 1.000 1.000
vt 0.000 1.000
vt 0.000 0.000
vt 1.000 0.000
vt 1.000 1.000
vt 0.000 1.000
vt 0.000 0.000
vt 1.000 0.000
vt 1.000 1.000
vt 0.000 1.000
vt 0.000 0.000
vt 1.000 0.000
vt 1.000 1.000
vt 0.000 1.000
vt 0.000 0.000
vt 1.000 0.000
vt 1.000 1.000
vt 0.000 1.000
vt 0.000 0.000
vt 1.000 0.000
vt 1.000 1.000
vt 0.000 1.000
vt 0.000 0.000
vt 1.000 0.000
vt 1.000 1.000
vt 0.000 1.000
vt 0.000 0.000
vt 1.000 0.000
vt 1.000 1.000
vt 0.000 1.000
vt 0.000 0.000
vt 1.000 0.000
vt 1.000 1.000
vt 0.000 1.000
vt 0.000 0.000
vt 1.000 0.000
vt 1.000 1.000
vt 0.000 1.000
vt 0.000 0.000
vt 1.000 0.000
vt 1.000 1.000
vt 0.000 1.000
vt 0.000 0.000
vt 1.000 0.000
vt 1.000 1.000
vt 0.000 1.000
vt 0.000 0.000
vt 1.000 0.000
vt 1.000 1.000
vt 0.000 1.000
vt 0.000 0.000
vt 1.000 0.000
vt 1.000 1.000
vt 0.000 1.000
vt 0.000 0.000
vt 1.000 0.000
vt 1.000 1.000
vt 0.000 1.000
vt 0.000 0.000
vt 1.000 0.000
vt 1.000 1.000
vt 0.000 1.000
vt 0.000 0.000
vt 1.000 0.000
vt 1.000 1.000
vt 0.000 1.000
vt 0.000 0.000
vt 1.000 0.000
vt 1.000 1.000
vt 0.000 1.000
vt 0.000 0.000
vt 1.000 0.000
vt 1.000 1.000
vt 0.000 1.000
vt 0.000 0.000
vt 1.000 0.000
vt 1.000 1.000
vt 0.000 1.000
vt 0.000 0.000
vt 1.000 0.000
vt 1.000 1.000
vt 0.000 1.000
vt 0.000 0.000
vt 1.000 0.000
vt 1.000 1.000
vt 0.000 1.000
vt 0.000 0.000
vt 1.000 0.000
vt 1.000 1.000
vt 0.000 1.000
vt 0.000 0.000
vt 1.000 0.000
vt 1.000 1.000
vt 0.000 1.000
vt 0.000 0.000
vt 1.000 0.000
vt 1.000 1.000
vt 0.000 1.000
vt 0.000 0.000
vt 1.000 0.000
vt 1.000 1.000
vt 0.000 1.000
vt 0.000 0.000
vt 1.000 0.000
vt 1.000 1.000
vt 0.000 1.000
vt 0.000 0.000
vt 1.000 0.000
vt 1.000 1.000
vt 0.000 1.000
vt 0.000 0.000
vt 1.000 0.000
vt 1.000 1.000
vt 0.000 1.000
vt 0.000 0.000
vt 1.000 0.000
vt 1.000 1.000
vt 0.000 1.000
vt 0.000 0.000
vt 1.000 0.000
vt 1.000 1.000
vt 0.000 1.000
vt 0.000 0.000
vt 1.000 0.000
vt 1.000 1.000
vt 0.000 1.000
vt 0.000 0.000
vt 1.000 0.000
vt 1.000 1.000
vt 0.000 1.000
vt 0.000 0.000
vt 1.000 0.000
vt 1.000 1.000
vt 0.000 1.000
vt 0.000 0.000
vt 1.000 0.000
vt 1.000 1.000
vt 0.000 1.000
vt 0.000 0.000
vt 1.000 0.000
vt 1.000 1.000
vt 0.000 1.000
vt 0.000 0.000
vt 1.000 0.000
vt 1.000 1.000
vt 0.000 1.000
vt 0.000 0.000
vt 1.000 0.000
vt 1.000 1.000
vt 0.000 1.000
vt 0.000 0.000
vt 1.000 0.000
vt 1.000 1.000
vt 0.000 1.000
vt 0.000 0.000
vt 1.000 0.000
vt 1.000 1.000
vt 0.000 1.000
vt 0.000 0.000
vt 1.000 0.000
vt 1.000 1.000
vt 0.000 1.000
vt 0.000 0.000
vt 1.000 0.000
vt 1.000 1.000
vt 0.000 1.000
vt 0.000 0.000
vt 1.000 0.000
vt 1.000 1.000
vt 0.000 1.000
vt 0.000 0.000
vt 1.000 0.000
vt 1.000 1.000
vt 0.000 1.000
vt 0.000 0.000
vt 1.000 0.000
vt 1.000 1.000
vt 0.000 1.000
vt 0.000 0.000
vt 1.000 0.000
vt 1.000 1.000
vt 0.000 1.000
vt 0.000 0.000
vt 1.000 0.000
vt 1.000 1.000
vt 0.000 1.000
vt 0.000 0.000
vt 1.000 0.000
vt 1.000 1.000
vt 0.000 1.000
vt 0.000 0.000
vt 1.000 0.000
vt 1.000 1.000
vt 0.000 1.000
vt 0.000 0.000
vt 1.000 0.000
vt 1.000 1.000
vt 0.000 1.000
vt 0.000 0.000
vt 1.000 0.000
vt 1.000 1.000
vt 0.000 1.000
vt 0.000 0.000
vt 1.000 0.000
vt 1.000 1.000
vt 0.000 1.000
vt 0.000 0.000
vt 1.000 0.000
vt 1.000 1.000
vt 0.000 1.000
vt 0.000 0.000
vt 1.000 0.000
vt 1.000 1.000
vt 0.000 1.000
vt 0.000 0.000
vt 1.000 0.000
vt 1.000 1.000
vt 0.000 1.000
vt 0.000 0.000
vt 1.000 0.000
vt 1.000 1.000
vt 0.000 1.000
vt 0.000 0.000
vt 1.000 0.000
vt 1.000 1.000
vt 0.000 1.000
vt 0.000 0.000
vt 1.000 0.000
vt 1.000 1.000
vt 0.000 1.000
vt 0.000 0.000
vt 1.000 0.000
vt 1.000 1.000
vt 0.000 1.000
vt 0.000 0.000
vt 1.000 0.000
vt 1.000 1.000
vt 0.000 1.000
vt 0.000 0.000
vt 1.000 0.000
vt 1.000 1.000
vt 0.000 1.000
vt 0.000 0.000
vt 1.000 0.000
vt 1.000 1.000
vt 0.000 1.000
vt 0.000 0.000
vt 1.000 0.000
vt 1.000 1.000
vt 0.000 1.000
vt 0.000 0.000
vt 1.000 0.000
vt 1.000 1.000
vt 0.000 1.000
vt 0.000 0.000
vt 1.000 0.000
vt 1.000 1.000
vt 0.000 1.000
vt 0.000 0.000
vt 1.000 0.000
vt 1.000 1.000
vt 0.000 1.000
vt 0.000 0.000
vt 1.000 0.000
vt 1.000 1.000
vt 0.000 1.000
vt 0.000 0.000
vt 1.000 0.000
vt 1.000 1.000
vt 0.000 1.000
vt 0.000 0.000
vt 1.000 0.000
vt 1.000 1.000
vt 0.000 1.000
vt 0.000 0.000
vt 1.000 0.000
vt 1.000 1.000
vt 0.000 1.000
vt 0.000 0.000
vt 1.000 0.000
vt 1.000 1.000
vt 0.000 1.000
vt 0.000 0.000
vt 1.000 0.000
vt 1.000 1.000
vt 0.000 1.000
vt 0.000 0.000
vt 1.000 0.000
vt 1.000 1.000
vt 0.000 1.000
vt 0.000 0.000
vt 1.000 0.000
vt 1.000 1.000
vt 0.000 1.000
vt 0.000 0.000
vt 1.000 0.000
vt 1.000 1.000
vt 0.000 1.000
vt 0.000 0.000
vt 1.000 0.000
vt 1.000 1.000
vt 0.000 1.000
vt 0.000 0.000
vt 1.000 0.000
vt 1.000 1.000
vt 0.000 1.000
vt 0.000 0.000
vt 1.000 0.000
vt 1.000 1.000
vt 0.000 1.000
vt 0.000 0.000
vt 1.000 0.000
vt 1.000 1.000
vt 0.000 1.000
vt 0.000 0.000
vt 1.000 0.000
vt 1.000 1.000
vt 0.000 1.000
vt 0.000 0.000
vt 1.000 0.000
vt 1.000 1.000
vt 0.000 1.000
vt 0.000 0.000
vt 1.000 0.000
vt 1.000 1.000
vt 0.000 1.000
vt 0.000 0.000
vt 1.000 0.000
vt 1.000 1.000
vt 0.000 1.000
vt 0.000 0.000
vt 1.000 0.000
vt 1.000 1.000
vt 0.000 1.000
vt 0.000 0.000
vt 1.000 0.000
vt 1.000 1.000
vt 0.000 1.000
vt 0.000 0.000
vt 1.000 0.000
vt 1.000 1.000
vt 0.000 1.000
vt 0.000 0.000
vt 1.000 0.000
vt 1.000 1.000
vt 0.000 1.000
vt 0.000 0.000
vt 1.000 0.000
vt 1.000 1.000
vt 0.000 1.000
vt 0.000 0.000
vt 1.000 0.000
vt 1.000 1.000
vt 0.000 1.000
vt 0.000 0.000
vt 1.000 0.000
vt 1.000 1.000
vt 0.000 1.000
vt 0.000 0.000
vt 1.000 0.000
vt 1.000 1.000
vt 0.000 1.000
vt 0.000 0.000
vt 1.000 0.000
vt 1.000 1.000
vt 0.000 1.000
vt 0.000 0.000
vt 1.000 0.000
vt 1.000 1.000
vt 0.000 1.000
vt 0.000 0.000
vt 1.000 0.000
vt 1.000 1.000
vt 0.000 1.000
vt 0.000 0.000
vt 1.000 0.000
vt 1.000 1.000
vt 0.000 1.000
vt 0.000 0.000
vt 1.000 0.000
vt 1.000 1.000
vt 0.000 1.000
vt 0.000 0.000
vt 1.000 0.000
vt 1.000 1.000
vt 0.000 1.000
vt 0.000 0.000
vt 1.000 0.000
vt 1.000 1.000
vt 0.000 1.000
vt 0.000 0.000
vt 1.000 0.000
vt 1.000 1.000
vt 0.000 1.000
vt 0.000 0.000
vt 1.000 0.000
vt 1.000 1.000
vt 0.000 1.000
vt 0.000 0.000
vt 1.000 0.000
vt 1.000 1.000
vt 0.000 1.000
vt 0.000 0.000
vt 1.000 0.000
vt 1.000 1.000
vt 0.000 1.000
vt 0.000 0.000
vt 1.000 0.000
vt 1.000 1.000
vt 0.000 1.000
vt 0.000 0.000
vt 1.000 0.000
vt 1.000 1.000
vt 0.000 1.000
vt 0.000 0.000
vt 1.000 0.000
vt 1.000 1.000
vt 0.000 1.000
vt 0.000 0.000
vt 1.000 0.000
vt 1.000 1.000
vt 0.000 1.000
vt 0.000 0.000
vt 1.000 0.000
vt 1.000 1.000
vt 0.000 1.000
vt 0.000 0.000
vt 1.000 0.000
vt 1.000 1.000
vt 0.000 1.000
vt 0.000 0.000
vt 1.000 0.000
vt 1.000 1.000
vt 0.000 1.000
vt 0.000 0.000
vt 1.000 0.000
vt 1.000 1.000
vt 0.000 1.000
vt 0.000 0.000
vt 1.000 0.000
vt 1.000 1.000
vt 0.000 1.000
vt 0.000 0.000
vt 1.000 0.000
vt 1.000 1.000
vt 0.000 1.000
vt 0.000 0.000
vt 1.000 0.000
vt 1.000 1.000
vt 0.000 1.000
vt 0.000 0.000
vt 1.000 0.000
vt 1.000 1.000
vt 0.000 1.000
vt 0.000 0.000
vt 1.000 0.000
vt 1.000 1.000
vt 0.000 1.000
vt 0.000 0.000
vt 1.000 0.000
vt 1.000 1.000
vt 0.000 1.000
vt 0.000 0.000
vt 1.000 0.000
vt 1.000 1.000
vt 0.000 1.000
vt 0.000 0.000
vt 1.000 0.000
vt 1.000 1.000
vt 0.000 1.000
vt 0.000 0.000
vt 1.000 0.000
vt 1.000 1.000
vt 0.000 1.000
vt 0.000 0.000
vt 1.000 0.000
vt 1.000 1.000
vt 0.000 1.000
vt 0.000 0.000
vt 1.000 0.000
vt 1.000 1.000
vt 0.000 1.000
vt 0.000 0.000
vt 1.000 0.000
vt 1.000 1.000
vt 0.000 1.000
vt 0.000 0.000
vt 1.000 0.000
vt 1.000 1.000
vt 0.000 1.000
vt 0.000 0.000
vt 1.000 0.000
vt 1.000 1.000
vt 0.000 1.000
vt 0.000 0.000
vt 1.000 0.000
vt 1.000 1.000
vt 0.000 1.000
vt 0.000 0.000
vt 1.000 0.000
vt 1.000 1.000
vt 0.000 1.000
vt 0.000 0.000
vt 1.000 0.000
vt 1.000 1.000
vt 0.000 1.000
vt 0.000 0.000
vt 1.000 0.000
vt 1.000 1.000
vt 0.000 1.000
vt 0.000 0.000
vt 1.000 0.000
vt 1.000 1.000
vt 0.000 1.000
vt 0.000 0.000
vt 1.000 0.000
vt 1.000 1.000
vt 0.000 1.000
vt 0.000 0.000
vt 1.000 0.000
vt 1.000 1.000
vt 0.000 1.000
vt 0.000 0.000
vt 1.000 0.000
vt 1.000 1.000
vt 0.000 1.000
vt 0.000 0.000
vt 1.000 0.000
vt 1.000 1.000
vt 0.000 1.000
vt 0.000 0.000
vt 1.000 0.000
vt 1.000 1.000
vt 0.000 1.000
vt 0.000 0.000
vt 1.000 0.000
vt 1.000 1.000
vt 0.000 1.000
vt 0.000 0.000
vt 1.000 0.000
vt 1.000 1.000
vt 0.000 1.000
vt 0.000 0.000
vt 1.000 0.000
vt 1.000 1.000
vt 0.000 1.000
o PyriteInCliff
f 1/1/1 2/2/2 3/3/3 4/4/4
f 5/5/5 6/6/6 7/7/7 8/8/8
f 9/9/9 10/10/10 11/11/11 12/12/12
f 13/13/13 14/14/14 15/15/15 16/16/16
f 17/17/17 18/18/18 19/19/19 20/20/20
f 21/21/21 22/22/22 23/23/23 24/24/24
f 25/25/25 26/26/26 27/27/27 28/28/28
f 29/29/29 30/30/30 31/31/31 32/32/32
f 33/33/33 34/34/34 35/35/35 36/36/36
f 37/37/37 38/38/38 39/39/39 40/40/40
f 41/41/41 42/42/42 43/43/43 44/44/44
f 45/45/45 46/46/46 47/47/47 48/48/48
f 49/49/49 50/50/50 51/51/51 52/52/52
f 53/53/53 54/54/54 55/55/55 56/56/56
f 57/57/57 58/58/58 59/59/59 60/60/60
f 61/61/61 62/62/62 63/63/63 64/64/64
f 65/65/65 66/66/66 67/67/67 68/68/68
f 69/69/69 70/70/70 71/71/71 72/72/72
f 73/73/73 74/74/74 75/75/75 76/76/76
f 77/77/77 78/78/78 79/79/79 80/80/80
f 81/81/81 82/82/82 83/83/83 84/84/84
f 85/85/85 86/86/86 87/87/87 88/88/88
f 89/89/89 90/90/90 91/91/91 92/92/92
f 93/93/93 94/94/94 95/95/95 96/96/96
f 97/97/97 98/98/98 99/99/99 100/100/100
f 101/101/101 102/102/102 103/103/103 104/104/104
f 105/105/105 106/106/106 107/107/107 108/108/108
f 109/109/109 110/110/110 111/111/111 112/112/112
f 113/113/113 114/114/114 115/115/115 116/116/116
f 117/117/117 118/118/118 119/119/119 120/120/120
f 121/121/121 122/122/122 123/123/123 124/124/124
f 125/125/125 126/126/126 127/127/127 128/128/128
f 129/129/129 130/130/130 131/131/131 132/132/132
f 133/133/133 134/134/134 135/135/135 136/136/136
f 137/137/137 138/138/138 139/139/139 140/140/140
f 141/141/141 142/142/142 143/143/143 144/144/144
f 145/145/145 146/146/146 147/147/147 148/148/148
f 149/149/149 150/150/150 151/151/151 152/152/152
f 153/153/153 154/154/154 155/155/155 156/156/156
f 157/157/157 158/158/158 159/159/159 160/160/160
f 161/161/161 162/162/162 163/163/163 164/164/164
f 165/165/165 166/166/166 167/167/167 168/168/168
f 169/169/169 170/170/170 171/171/171 172/172/172
f 173/173/173 174/174/174 175/175/175 176/176/176
f 177/177/177 178/178/178 179/179/179 180/180/180
f 181/181/181 182/182/182 183/183/183 184/184/184
f 185/185/185 186/186/186 187/187/187 188/188/188
f 189/189/189 190/190/190 191/191/191 192/192/192
f 193/193/193 194/194/194 195/195/195 196/196/196
f 197/197/197 198/198/198 199/199/199 200/200/200
f 201/201/201 202/202/202 203/203/203 204/204/204
f 205/205/205 206/206/206 207/207/207 208/208/208
f 209/209/209 210/210/210 211/211/211 212/212/212
f 213/213/213 214/214/214 215/215/215 216/216/216
f 217/217/217 218/218/218 219/219/219 220/220/220
f 221/221/221 222/222/222 223/223/223 224/224/224
f 225/225/225 226/226/226 227/227/227 228/228/228
f 229/229/229 230/230/230 231/231/231 232/232/232
f 233/233/233 234/234/234 235/235/235 236/236/236
f 237/237/237 238/238/238 239/239/239 240/240/240
f 241/241/241 242/242/242 243/243/243 244/244/244
f 245/245/245 246/246/246 247/247/247 248/248/248
f 249/249/249 250/250/250 251/251/251 252/252/252
f 253/253/253 254/254/254 255/255/255 256/256/256
f 257/257/257 258/258/258 259/259/259 260/260/260
f 261/261/261 262/262/262 263/263/263 264/264/264
f 265/265/265 266/266/266 267/267/267 268/268/268
f 269/269/269 270/270/270 271/271/271 272/272/272
f 273/273/273 274/274/274 275/275/275 276/276/276
f 277/277/277 278/278/278 279/279/279 280/280/280
f 281/281/281 282/282/282 283/283/283 284/284/284
f 285/285/285 286/286/286 287/287/287 288/288/288
f 289/289/289 290/290/290 291/291/291 292/292/292
f 293/293/293 294/294/294 295/295/295 296/296/296
f 297/297/297 298/298/298 299/299/299 300/300/300
f 301/301/301 302/302/302 303/303/303 304/304/304
f 305/305/305 306/306/306 307/307/307 308/308/308
f 309/309/309 310/310/310 311/311/311 312/312/312
f 313/313/313 314/314/314 315/315/315 316/316/316
f 317/317/317 318/318/318 319/319/319 320/320/320
f 321/321/321 322/322/322 323/323/323 324/324/324
f 325/325/325 326/326/326 327/327/327 328/328/328
f 329/329/329 330/330/330 331/331/331 332/332/332
f 333/333/333 334/334/334 335/335/335 336/336/336
f 337/337/337 338/338/338 339/339/339 340/340/340
f 341/341/341 342/342/342 343/343/343 344/344/344
f 345/345/345 346/346/346 347/347/347 348/348/348
f 349/349/349 350/350/350 351/351/351 352/352/352
f 353/353/353 354/354/354 355/355/355 356/356/356
f 357/357/357 358/358/358 359/359/359 360/360/360
f 361/361/361 362/362/362 363/363/363 364/364/364
f 365/365/365 366/366/366 367/367/367 368/368/368
f 369/369/369 370/370/370 371/371/371 372/372/372
f 373/373/373 374/374/374 375/375/375 376/376/376
f 377/377/377 378/378/378 379/379/379 380/380/380
f 381/381/381 382/382/382 383/383/383 384/384/384
f 385/385/385 386/386/386 387/387/387 388/388/388
f 389/389/389 390/390/390 391/391/391 392/392/392
f 393/393/393 394/394/394 395/395/395 396/396/396
f 397/397/397 398/398/398 399/399/399 400/400/400
f 401/401/401 402/402/402 403/403/403 404/404/404
f 405/405/405 406/406/406 407/407/407 408/408/408
f 409/409/409 410/410/410 411/411/411 412/412/412
f 413/413/413 414/414/414 415/415/415 416/416/416
f 417/417/417 418/418/418 419/419/419 420/420/420
f 421/421/421 422/422/422 423/423/423 424/424/424
f 425/425/425 426/426/426 427/427/427 428/428/428
f 429/429/429 430/430/430 431/431/431 432/432/432
f 433/433/433 434/434/434 435/435/435 436/436/436
f 437/437/437 438/438/438 439/439/439 440/440/440
f 441/441/441 442/442/442 443/443/443 444/444/444
f 445/445/445 446/446/446 447/447/447 448/448/448
f 449/449/449 450/450/450 451/451/451 452/452/452
f 453/453/453 454/454/454 455/455/455 456/456/456
f 457/457/457 458/458/458 459/459/459 460/460/460
f 461/461/461 462/462/462 463/463/463 464/464/464
f 465/465/465 466/466/466 467/467/467 468/468/468
f 469/469/469 470/470/470 471/471/471 472/472/472
f 473/473/473 474/474/474 475/475/475 476/476/476
f 477/477/477 478/478/478 479/479/479 480/480/480
f 481/481/481 482/482/482 483/483/483 484/484/484
f 485/485/485 486/486/486 487/487/487 488/488/488
f 489/489/489 490/490/490 491/491/491 492/492/492
f 493/493/493 494/494/494 495/495/495 496/496/496
f 497/497/497 498/498/498 499/499/499 500/500/500
f 501/501/501 502/502/502 503/503/503 504/504/504
f 505/505/505 506/506/506 507/507/507 508/508/508
f 509/509/509 510/510/510 511/511/511 512/512/512
f 513/513/513 514/514/514 515/515/515 516/516/516
f 517/517/517 518/518/518 519/519/519 520/520/520
f 521/521/521 522/522/522 523/523/523 524/524/524
f 525/525/525 526/526/526 527/527/527 528/528/528
f 529/529/529 530/530/530 531/531/531 532/532/532
f 533/533/533 534/534/534 535/535/535 536/536/536
f 537/537/537 538/538/538 539/539/539 540/540/540
f 541/541/541 542/542/542 543/543/543 544/544/544
f 545/545/545 546/546/546 547/547/547 548/548/548
f 549/549/549 550/550/550 551/551/551 552/552/552
f 553/553/553 554/554/554 555/555/555 556/556/556
f 557/557/557 558/558/558 559/559/559 560/560/560
f 561/561/561 562/562/562 563/563/563 564/564/564
f 565/565/565 566/566/566 567/567/567 568/568/568
f 569/569/569 570/570/570 571/571/571 572/572/572
f 573/573/573 574/574/574 575/575/575 576/576/576
f 577/577/577 578/578/578 579/579/579 580/580/580
f 581/581/581 582/582/582 583/583/583 584/584/584
f 585/585/585 586/586/586 587/587/587 588/588/588
f 589/589/589 590/590/590 591/591/591 592/592/592
f 593/593/593 594/594/594 595/595/595 596/596/596
f 597/597/597 598/598/598 599/599/599 600/600/600
f 601/601/601 602/602/602 603/603/603 604/604/604
f 605/605/605 606/606/606 607/607/607 608/608/608
f 609/609/609 610/610/610 611/611/611 612/612/612
f 613/613/613 614/614/614 615/615/615 616/616/616
f 617/617/617 618/618/618 619/619/619 620/620/620
f 621/621/621 622/622/622 623/623/623 624/624/624
f 625/625/625 626/626/626 627/627/627 628/628/628
f 629/629/629 630/630/630 631/631/631 632/632/632
f 633/633/633 634/634/634 635/635/635 636/636/636
f 637/637/637 638/638/638 639/639/639 640/640/640
f 641/641/641 642/642/642 643/643/643 644/644/644
f 645/645/645 646/646/646 647/647/647 648/648/648
f 649/649/649 650/650/650 651/651/651 652/652/652
f 653/653/653 654/654/654 655/655/655 656/656/656
f 657/657/657 658/658/658 659/659/659 660/660/660
f 661/661/661 662/662/662 663/663/663 664/664/664
f 665/665/665 666/666/666 667/667/667 668/668/668
f 669/669/669 670/670/670 671/671/671 672/672/672
f 673/673/673 674/674/674 675/675/675 676/676/676
f 677/677/677 678/678/678 679/679/679 680/680/680
f 681/681/681 682/682/682 683/683/683 684/684/684
f 685/685/685 686/686/686 687/687/687 688/688/688
f 689/689/689 690/690/690 691/691/691 692/692/692
f 693/693/693 694/694/694 695/695/695 696/696/696
f 697/697/697 698/698/698 699/699/699 700/700/700
f 701/701/701 702/702/702 703/703/703 704/704/704
f 705/705/705 706/706/706 707/707/707 708/708/708
f 709/709/709 710/710/710 711/711/711 712/712/712
f 713/713/713 714/714/714 715/715/715 716/716/716
f 717/717/717 718/718/718 719/719/719 720/720/720
f 721/721/721 722/722/722 723/723/723 724/724/724
f 725/725/725 726/726/726 727/727/727 728/728/728
f 729/729/729 730/730/730 731/731/731 732/732/732
f 733/733/733 734/734/734 735/735/735 736/736/736
f 737/737/737 738/738/738 739/739/739 740/740/740
f 741/741/741 742/742/742 743/743/743 744/744/744
f 745/745/745 746/746/746 747/747/747 748/748/748
f 749/749/749 750/750/750 751/751/751 752/752/752
f 753/753/753 754/754/754 755/755/755 756/756/756
f 757/757/757 758/758/758 759/759/759 760/760/760
f 761/761/761 762/762/762 763/763/763 764/764/764
f 765/765/765 766/766/766 767/767/767 768/768/768
f 769/769/769 770/770/770 771/771/771 772/772/772
f 773/773/773 774/774/774 775/775/775 776/776/776
f 777/777/777 778/778/778 779/779/779 780/780/780
f 781/781/781 782/782/782 783/783/783 784/784/784
f 785/785/785 786/786/786 787/787/787 788/788/788
f 789/789/789 790/790/790 791/791/791 792/792/792
f 793/793/793 794/794/794 795/795/795 796/796/796
f 797/797/797 798/798/798 799/799/799 800/800/800
f 801/801/801 802/802/802 803/803/803 804/804/804
f 805/805/805 806/806/806 807/807/807 808/808/808
f 809/809/809 810/810/810 811/811/811 812/812/812
f 813/813/813 814/814/814 815/815/815 816/816/816
f 817/817/817 818/818/818 819/819/819 820/820/820
f 821/821/821 822/822/822 823/823/823 824/824/824
f 825/825/825 826/826/826 827/827/827 828/828/828
f 829/829/829 830/830/830 831/831/831 832/832/832
f 833/833/833 834/834/834 835/835/835 836/836/836
f 837/837/837 838/838/838 839/839/839 840/840/840
f 841/841/841 842/842/842 843/843/843 844/844/844
f 845/845/845 846/846/846 847/847/847 848/848/848
f 849/849/849 850/850/850 851/851/851 852/852/852
f 853/853/853 854/854/854 855/855/855 856/856/856
f 857/857/857 858/858/858 859/859/859 860/860/860
f 861/861/861 862/862/862 863/863/863 864/864/864
f 865/865/865 866/866/866 867/867/867 868/868/868
f 869/869/869 870/870/870 871/871/871 872/872/872
f 873/873/873 874/874/874 875/875/875 876/876/876
f 877/877/877 878/878/878 879/879/879 880/880/880
f 881/881/881 882/882/882 883/883/883 884/884/884
f 885/885/885 886/886/886 887/887/887 888/888/888
f 889/889/889 890/890/890 891/891/891 892/892/892
f 893/893/893 894/894/894 895/895/895 896/896/896
f 897/897/897 898/898/898 899/899/899 900/900/900
f 901/901/901 902/902/902 903/903/903 904/904/904
f 905/905/905 906/906/906 907/907/907 908/908/908
f 909/909/909 910/910/910 911/911/911 912/912/912
f 913/913/913 914/914/914 915/915/915 916/916/916
f 917/917/917 918/918/918 919/919/919 920/920/920
f 921/921/921 922/922/922 923/923/923 924/924/924
f 925/925/925 926/926/926 927/927/927 928/928/928
f 929/929/929 930/930/930 931/931/931 932/932/932
f 933/933/933 934/934/934 935/935/935 936/936/936
f 937/937/937 938/938/938 939/939/939 940/940/940
f 941/941/941 942/942/942 943/943/943 944/944/944
f 945/945/945 946/946/946 947/947/947 948/948/948
f 949/949/949 950/950/950 951/951/951 952/952/952
f 953/953/953 954/954/954 955/955/955 956/956/956
f 957/957/957 958/958/958 959/959/959 960/960/960
f 961/961/961 962/962/962 963/963/963 964/964/964
f 965/965/965 966/966/966 967/967/967 968/968/968
f 969/969/969 970/970/970 971/971/971 972/972/972
f 973/973/973 974/974/974 975/975/975 976/976/976
f 977/977/977 978/978/978 979/979/979 980/980/980
f 981/981/981 982/982/982 983/983/983 984/984/984
f 985/985/985 986/986/986 987/987/987 988/988/988
f 989/989/989 990/990/990 991/991/991 992/992/992
f 993/993/993 994/994/994 995/995/995 996/996/996
f 997/997/997 998/998/998 999/999/999 1000/1000/1000
f 1001/1001/1001 1002/1002/1002 1003/1003/1003 1004/1004/1004
f 1005/1005/1005 1006/1006/1006 1007/1007/1007 1008/1008/1008
f 1009/1009/1009 1010/1010/1010 1011/1011/1011 1012/1012/1012
f 1013/1013/1013 1014/1014/1014 1015/1015/1015 1016/1016/1016
f 1017/1017/1017 1018/1018/1018 1019/1019/1019 1020/1020/1020
f 1021/1021/1021 1022/1022/1022 1023/1023/1023 1024/1024/1024
f 1025/1025/1025 1026/1026/1026 1027/1027/1027 1028/1028/1028
f 1029/1029/1029 1030/1030/1030 1031/1031/1031 1032/1032/1032
f 1033/1033/1033 1034/1034/1034 1035/1035/1035 1036/1036/1036
f 1037/1037/1037 1038/1038/1038 1039/1039/1039 1040/1040/1040
f 1041/1041/1041 1042/1042/1042 1043/1043/1043 1044/1044/1044
f 1045/1045/1045 1046/1046/1046 1047/1047/1047 1048/1048/1048
f 1049/1049/1049 1050/1050/1050 1051/1051/1051 1052/1052/1052
f 1053/1053/1053 1054/1054/1054 1055/1055/1055 1056/1056/1056
f 1057/1057/1057 1058/1058/1058 1059/1059/1059 1060/1060/1060
f 1061/1061/1061 1062/1062/1062 1063/1063/1063 1064/1064/1064
f 1065/1065/1065 1066/1066/1066 1067/1067/1067 1068/1068/1068
f 1069/1069/1069 1070/1070/1070 1071/1071/1071 1072/1072/1072
f 1073/1073/1073 1074/1074/1074 1075/1075/1075 1076/1076/1076
f 1077/1077/1077 1078/1078/1078 1079/1079/1079 1080/1080/1080
f 1081/1081/1081 1082/1082/1082 1083/1083/1083 1084/1084/1084
f 1085/1085/1085 1086/1086/1086 1087/1087/1087 1088/1088/1088
f 1089/1089/1089 1090/1090/1090 1091/1091/1091 1092/1092/1092
f 1093/1093/1093 1094/1094/1094 1095/1095/1095 1096/1096/1096
f 1097/1097/1097 1098/1098/1098 1099/1099/1099 1100/1100/1100
f 1101/1101/1101 1102/1102/1102 1103/1103/1103 1104/1104/1104
f 1105/1105/1105 1106/1106/1106 1107/1107/1107 1108/1108/1108
f 1109/1109/1109 1110/1110/1110 1111/1111/1111 1112/1112/1112
f 1113/1113/1113 1114/1114/1114 1115/1115/1115 1116/1116/1116
f 1117/1117/1117 1118/1118/1118 1119/1119/1119 1120/1120/1120
f 1121/1121/1121 1122/1122/1122 1123/1123/1123 1124/1124/1124
f 1125/1125/1125 1126/1126/1126 1127/1127/1127 1128/1128/1128
f 1129/1129/1129 1130/1130/1130 1131/1131/1131 1132/1132/1132
f 1133/1133/1133 1134/1134/1134 1135/1135/1135 1136/1136/1136
f 1137/1137/1137 1138/1138/1138 1139/1139/1139 1140/1140/1140
f 1141/1141/1141 1142/1142/1142 1143/1143/1143 1144/1144/1144
f 1145/1145/1145 1146/1146/1146 1147/1147/1147 1148/1148/1148
f 1149/1149/1149 1150/1150/1150 1151/1151/1151 1152/1152/1152
f 1153/1153/1153 1154/1154/1154 1155/1155/1155 1156/1156/1156
f 1157/1157/1157 1158/1158/1158 1159/1159/1159 1160/1160/1160
f 1161/1161/1161 1162/1162/1162 1163/1163/1163 1164/1164/1164
f 1165/1165/1165 1166/1166/1166 1167/1167/1167 1168/1168/1168
f 1169/1169/1169 1170/1170/1170 1171/1171/1171 1172/1172/1172
f 1173/1173/1173 1174/1174/1174 1175/1175/1175 1176/1176/1176
f 1177/1177/1177 1178/1178/1178 1179/1179/1179 1180/1180/1180
f 1181/1181/1181 1182/1182/1182 1183/1183/1183 1184/1184/1184
f 1185/1185/1185 1186/1186/1186 1187/1187/1187 1188/1188/1188
f 1189/1189/1189 1190/1190/1190 1191/1191/1191 1192/1192/1192
f 1193/1193/1193 1194/1194/1194 1195/1195/1195 1196/1196/1196
f 1197/1197/1197 1198/1198/1198 1199/1199/1199 1200/1200/1200
f 1201/1201/1201 1202/1202/1202 1203/1203/1203 1204/1204/1204
f 1205/1205/1205 1206/1206/1206 1207/1207/1207 1208/1208/1208
f 1209/1209/1209 1210/1210/1210 1211/1211/1211 1212/1212/1212
f 1213/1213/1213 1214/1214/1214 1215/1215/1215 1216/1216/1216
f 1217/1217/1217 1218/1218/1218 1219/1219/1219 1220/1220/1220
f 1221/1221/1221 1222/1222/1222 1223/1223/1223 1224/1224/1224
f 1225/1225/1225 1226/1226/1226 1227/1227/1227 1228/1228/1228
f 1229/1229/1229 1230/1230/1230 1231/1231/1231 1232/1232/1232
f 1233/1233/1233 1234/1234/1234 1235/1235/1235 1236/1236/1236
f 1237/1237/1237 1238/1238/1238 1239/1239/1239 1240/1240/1240
f 1241/1241/1241 1242/1242/1242 1243/1243/1243 1244/1244/1244
f 1245/1245/1245 1246/1246/1246 1247/1247/1247 1248/1248/1248
