v 80.02070 -4.00000 1.10000
v 79.06810 -4.00000 0.55000
v 79.06810 -4.00000 -0.55000
v 80.02070 -4.00000 -1.10000
v 80.97340 -4.00000 -0.55000
v 80.97340 -4.00000 0.55000
v 80.02070 14.00000 1.10000
v 79.06810 14.00000 0.55000
v 79.06810 14.00000 -0.55000
v 80.02070 14.00000 -1.10000
v 80.97340 14.00000 -0.55000
v 80.97340 14.00000 0.55000
v 81.92600 -4.00000 1.10000
v 80.97340 -4.00000 0.55000
v 80.97340 -4.00000 -0.55000
v 81.92600 -4.00000 -1.10000
v 82.87860 -4.00000 -0.55000
v 82.87860 -4.00000 0.55000
v 81.92600 14.00000 1.10000
v 80.97340 14.00000 0.55000
v 80.97340 14.00000 -0.55000
v 81.92600 14.00000 -1.10000
v 82.87860 14.00000 -0.55000
v 82.87860 14.00000 0.55000
v 83.83130 -4.00000 1.10000
v 82.87860 -4.00000 0.55000
v 82.87860 -4.00000 -0.55000
v 83.83130 -4.00000 -1.10000
v 84.78390 -4.00000 -0.55000
v 84.78390 -4.00000 0.55000
v 83.83130 14.00000 1.10000
v 82.87860 14.00000 0.55000
v 82.87860 14.00000 -0.55000
v 83.83130 14.00000 -1.10000
v 84.78390 14.00000 -0.55000
v 84.78390 14.00000 0.55000
v 85.73650 -4.00000 1.10000
v 84.78390 -4.00000 0.55000
v 84.78390 -4.00000 -0.55000
v 85.73650 -4.00000 -1.10000
v 86.68910 -4.00000 -0.55000
v 86.68910 -4.00000 0.55000
v 85.73650 14.00000 1.10000
v 84.78390 14.00000 0.55000
v 84.78390 14.00000 -0.55000
v 85.73650 14.00000 -1.10000
v 86.68910 14.00000 -0.55000
v 86.68910 14.00000 0.55000
v 79.06810 -4.00000 2.75000
v 78.11550 -4.00000 2.20000
v 78.11550 -4.00000 1.10000
v 79.06810 -4.00000 0.55000
v 80.02070 -4.00000 1.10000
v 80.02070 -4.00000 2.20000
v 79.06810 14.00000 2.75000
v 78.11550 14.00000 2.20000
v 78.11550 14.00000 1.10000
v 79.06810 14.00000 0.55000
v 80.02070 14.00000 1.10000
v 80.02070 14.00000 2.20000
v 80.97340 -4.00000 2.75000
v 80.02070 -4.00000 2.20000
v 80.02070 -4.00000 1.10000
v 80.97340 -4.00000 0.55000
v 81.92600 -4.00000 1.10000
v 81.92600 -4.00000 2.20000
v 80.97340 14.00000 2.75000
v 80.02070 14.00000 2.20000
v 80.02070 14.00000 1.10000
v 80.97340 14.00000 0.55000
v 81.92600 14.00000 1.10000
v 81.92600 14.00000 2.20000
v 82.87860 -4.00000 2.75000
v 81.92600 -4.00000 2.20000
v 81.92600 -4.00000 1.10000
v 82.87860 -4.00000 0.55000
v 83.83130 -4.00000 1.10000
v 83.83130 -4.00000 2.20000
v 82.87860 14.00000 2.75000
v 81.92600 14.00000 2.20000
v 81.92600 14.00000 1.10000
v 82.87860 14.00000 0.55000
v 83.83130 14.00000 1.10000
v 83.83130 14.00000 2.20000
v 84.78390 -4.00000 2.75000
v 83.83130 -4.00000 2.20000
v 83.83130 -4.00000 1.10000
v 84.78390 -4.00000 0.55000
v 85.73650 -4.00000 1.10000
v 85.73650 -4.00000 2.20000
v 84.78390 14.00000 2.75000
v 83.83130 14.00000 2.20000
v 83.83130 14.00000 1.10000
v 84.78390 14.00000 0.55000
v 85.73650 14.00000 1.10000
v 85.73650 14.00000 2.20000
v 86.68910 -4.00000 2.75000
v 85.73650 -4.00000 2.20000
v 85.73650 -4.00000 1.10000
v 86.68910 -4.00000 0.55000
v 87.64180 -4.00000 1.10000
v 87.64180 -4.00000 2.20000
v 86.68910 14.00000 2.75000
v 85.73650 14.00000 2.20000
v 85.73650 14.00000 1.10000
v 86.68910 14.00000 0.55000
v 87.64180 14.00000 1.10000
v 87.64180 14.00000 2.20000
v 80.02070 -4.00000 4.40000
v 79.06810 -4.00000 3.85000
v 79.06810 -4.00000 2.75000
v 80.02070 -4.00000 2.20000
v 80.97340 -4.00000 2.75000
v 80.97340 -4.00000 3.85000
v 80.02070 14.00000 4.40000
v 79.06810 14.00000 3.85000
v 79.06810 14.00000 2.75000
v 80.02070 14.00000 2.20000
v 80.97340 14.00000 2.75000
v 80.97340 14.00000 3.85000
v 81.92600 -4.00000 4.40000
v 80.97340 -4.00000 3.85000
v 80.97340 -4.00000 2.75000
v 81.92600 -4.00000 2.20000
v 82.87860 -4.00000 2.75000
v 82.87860 -4.00000 3.85000
v 81.92600 14.00000 4.40000
v 80.97340 14.00000 3.85000
v 80.97340 14.00000 2.75000
v 81.92600 14.00000 2.20000
v 82.87860 14.00000 2.75000
v 82.87860 14.00000 3.85000
v 83.83130 -4.00000 4.40000
v 82.87860 -4.00000 3.85000
v 82.87860 -4.00000 2.75000
v 83.83130 -4.00000 2.20000
v 84.78390 -4.00000 2.75000
v 84.78390 -4.00000 3.85000
v 83.83130 14.00000 4.40000
v 82.87860 14.00000 3.85000
v 82.87860 14.00000 2.75000
v 83.83130 14.00000 2.20000
v 84.78390 14.00000 2.75000
v 84.78390 14.00000 3.85000
v 85.73650 -4.00000 4.40000
v 84.78390 -4.00000 3.85000
v 84.78390 -4.00000 2.75000
v 85.73650 -4.00000 2.20000
v 86.68910 -4.00000 2.75000
v 86.68910 -4.00000 3.85000
v 85.73650 14.00000 4.40000
v 84.78390 14.00000 3.85000
v 84.78390 14.00000 2.75000
v 85.73650 14.00000 2.20000
v 86.68910 14.00000 2.75000
v 86.68910 14.00000 3.85000
v 79.06810 -4.00000 6.05000
v 78.11550 -4.00000 5.50000
v 78.11550 -4.00000 4.40000
v 79.06810 -4.00000 3.85000
v 80.02070 -4.00000 4.40000
v 80.02070 -4.00000 5.50000
v 79.06810 14.00000 6.05000
v 78.11550 14.00000 5.50000
v 78.11550 14.00000 4.40000
v 79.06810 14.00000 3.85000
v 80.02070 14.00000 4.40000
v 80.02070 14.00000 5.50000
v 80.97340 -4.00000 6.05000
v 80.02070 -4.00000 5.50000
v 80.02070 -4.00000 4.40000
v 80.97340 -4.00000 3.85000
v 81.92600 -4.00000 4.40000
v 81.92600 -4.00000 5.50000
v 80.97340 14.00000 6.05000
v 80.02070 14.00000 5.50000
v 80.02070 14.00000 4.40000
v 80.97340 14.00000 3.85000
v 81.92600 14.00000 4.40000
v 81.92600 14.00000 5.50000
v 82.87860 -4.00000 6.05000
v 81.92600 -4.00000 5.50000
v 81.92600 -4.00000 4.40000
v 82.87860 -4.00000 3.85000
v 83.83130 -4.00000 4.40000
v 83.83130 -4.00000 5.50000
v 82.87860 14.00000 6.05000
v 81.92600 14.00000 5.50000
v 81.92600 14.00000 4.40000
v 82.87860 14.00000 3.85000
v 83.83130 14.00000 4.40000
v 83.83130 14.00000 5.50000
v 84.78390 -4.00000 6.05000
v 83.83130 -4.00000 5.50000
v 83.83130 -4.00000 4.40000
v 84.78390 -4.00000 3.85000
v 85.73650 -4.00000 4.40000
v 85.73650 -4.00000 5.50000
v 84.78390 14.00000 6.05000
v 83.83130 14.00000 5.50000
v 83.83130 14.00000 4.40000
v 84.78390 14.00000 3.85000
v 85.73650 14.00000 4.40000
v 85.73650 14.00000 5.50000
v 86.68910 -4.00000 6.05000
v 85.73650 -4.00000 5.50000
v 85.73650 -4.00000 4.40000
v 86.68910 -4.00000 3.85000
v 87.64180 -4.00000 4.40000
v 87.64180 -4.00000 5.50000
v 86.68910 14.00000 6.05000
v 85.73650 14.00000 5.50000
v 85.73650 14.00000 4.40000
v 86.68910 14.00000 3.85000
v 87.64180 14.00000 4.40000
v 87.64180 14.00000 5.50000
v 80.02070 -4.00000 7.70000
v 79.06810 -4.00000 7.15000
v 79.06810 -4.00000 6.05000
v 80.02070 -4.00000 5.50000
v 80.97340 -4.00000 6.05000
v 80.97340 -4.00000 7.15000
v 80.02070 14.00000 7.70000
v 79.06810 14.00000 7.15000
v 79.06810 14.00000 6.05000
v 80.02070 14.00000 5.50000
v 80.97340 14.00000 6.05000
v 80.97340 14.00000 7.15000
v 81.92600 -4.00000 7.70000
v 80.97340 -4.00000 7.15000
v 80.97340 -4.00000 6.05000
v 81.92600 -4.00000 5.50000
v 82.87860 -4.00000 6.05000
v 82.87860 -4.00000 7.15000
v 81.92600 14.00000 7.70000
v 80.97340 14.00000 7.15000
v 80.97340 14.00000 6.05000
v 81.92600 14.00000 5.50000
v 82.87860 14.00000 6.05000
v 82.87860 14.00000 7.15000
v 83.83130 -4.00000 7.70000
v 82.87860 -4.00000 7.15000
v 82.87860 -4.00000 6.05000
v 83.83130 -4.00000 5.50000
v 84.78390 -4.00000 6.05000
v 84.78390 -4.00000 7.15000
v 83.83130 14.00000 7.70000
v 82.87860 14.00000 7.15000
v 82.87860 14.00000 6.05000
v 83.83130 14.00000 5.50000
v 84.78390 14.00000 6.05000
v 84.78390 14.00000 7.15000
v 85.73650 -4.00000 7.70000
v 84.78390 -4.00000 7.15000
v 84.78390 -4.00000 6.05000
v 85.73650 -4.00000 5.50000
v 86.68910 -4.00000 6.05000
v 86.68910 -4.00000 7.15000
v 85.73650 14.00000 7.70000
v 84.78390 14.00000 7.15000
v 84.78390 14.00000 6.05000
v 85.73650 14.00000 5.50000
v 86.68910 14.00000 6.05000
v 86.68910 14.00000 7.15000
v 79.06810 -4.00000 9.35000
v 78.11550 -4.00000 8.80000
v 78.11550 -4.00000 7.70000
v 79.06810 -4.00000 7.15000
v 80.02070 -4.00000 7.70000
v 80.02070 -4.00000 8.80000
v 79.06810 14.00000 9.35000
v 78.11550 14.00000 8.80000
v 78.11550 14.00000 7.70000
v 79.06810 14.00000 7.15000
v 80.02070 14.00000 7.70000
v 80.02070 14.00000 8.80000
v 80.97340 -4.00000 9.35000
v 80.02070 -4.00000 8.80000
v 80.02070 -4.00000 7.70000
v 80.97340 -4.00000 7.15000
v 81.92600 -4.00000 7.70000
v 81.92600 -4.00000 8.80000
v 80.97340 14.00000 9.35000
v 80.02070 14.00000 8.80000
v 80.02070 14.00000 7.70000
v 80.97340 14.00000 7.15000
v 81.92600 14.00000 7.70000
v 81.92600 14.00000 8.80000
v 82.87860 -4.00000 9.35000
v 81.92600 -4.00000 8.80000
v 81.92600 -4.00000 7.70000
v 82.87860 -4.00000 7.15000
v 83.83130 -4.00000 7.70000
v 83.83130 -4.00000 8.80000
v 82.87860 14.00000 9.35000
v 81.92600 14.00000 8.80000
v 81.92600 14.00000 7.70000
v 82.87860 14.00000 7.15000
v 83.83130 14.00000 7.70000
v 83.83130 14.00000 8.80000
v 84.78390 -4.00000 9.35000
v 83.83130 -4.00000 8.80000
v 83.83130 -4.00000 7.70000
v 84.78390 -4.00000 7.15000
v 85.73650 -4.00000 7.70000
v 85.73650 -4.00000 8.80000
v 84.78390 14.00000 9.35000
v 83.83130 14.00000 8.80000
v 83.83130 14.00000 7.70000
v 84.78390 14.00000 7.15000
v 85.73650 14.00000 7.70000
v 85.73650 14.00000 8.80000
v 80.02070 -4.00000 11.00000
v 79.06810 -4.00000 10.45000
v 79.06810 -4.00000 9.35000
v 80.02070 -4.00000 8.80000
v 80.97340 -4.00000 9.35000
v 80.97340 -4.00000 10.45000
v 80.02070 14.00000 11.00000
v 79.06810 14.00000 10.45000
v 79.06810 14.00000 9.35000
v 80.02070 14.00000 8.80000
v 80.97340 14.00000 9.35000
v 80.97340 14.00000 10.45000
v 81.92600 -4.00000 11.00000
v 80.97340 -4.00000 10.45000
v 80.97340 -4.00000 9.35000
v 81.92600 -4.00000 8.80000
v 82.87860 -4.00000 9.35000
v 82.87860 -4.00000 10.45000
v 81.92600 14.00000 11.00000
v 80.97340 14.00000 10.45000
v 80.97340 14.00000 9.35000
v 81.92600 14.00000 8.80000
v 82.87860 14.00000 9.35000
v 82.87860 14.00000 10.45000
v 83.83130 -4.00000 11.00000
v 82.87860 -4.00000 10.45000
v 82.87860 -4.00000 9.35000
v 83.83130 -4.00000 8.80000
v 84.78390 -4.00000 9.35000
v 84.78390 -4.00000 10.45000
v 83.83130 14.00000 11.00000
v 82.87860 14.00000 10.45000
v 82.87860 14.00000 9.35000
v 83.83130 14.00000 8.80000
v 84.78390 14.00000 9.35000
v 84.78390 14.00000 10.45000
v 85.73650 -4.00000 11.00000
v 84.78390 -4.00000 10.45000
v 84.78390 -4.00000 9.35000
v 85.73650 -4.00000 8.80000
v 86.68910 -4.00000 9.35000
v 86.68910 -4.00000 10.45000
v 85.73650 14.00000 11.00000
v 84.78390 14.00000 10.45000
v 84.78390 14.00000 9.35000
v 85.73650 14.00000 8.80000
v 86.68910 14.00000 9.35000
v 86.68910 14.00000 10.45000
v 79.06810 -4.00000 12.65000
v 78.11550 -4.00000 12.10000
v 78.11550 -4.00000 11.00000
v 79.06810 -4.00000 10.45000
v 80.02070 -4.00000 11.00000
v 80.02070 -4.00000 12.10000
v 79.06810 14.00000 12.65000
v 78.11550 14.00000 12.10000
v 78.11550 14.00000 11.00000
v 79.06810 14.00000 10.45000
v 80.02070 14.00000 11.00000
v 80.02070 14.00000 12.10000
v 80.97340 -4.00000 12.65000
v 80.02070 -4.00000 12.10000
v 80.02070 -4.00000 11.00000
v 80.97340 -4.00000 10.45000
v 81.92600 -4.00000 11.00000
v 81.92600 -4.00000 12.10000
v 80.97340 14.00000 12.65000
v 80.02070 14.00000 12.10000
v 80.02070 14.00000 11.00000
v 80.97340 14.00000 10.45000
v 81.92600 14.00000 11.00000
v 81.92600 14.00000 12.10000
v 82.87860 -4.00000 12.65000
v 81.92600 -4.00000 12.10000
v 81.92600 -4.00000 11.00000
v 82.87860 -4.00000 10.45000
v 83.83130 -4.00000 11.00000
v 83.83130 -4.00000 12.10000
v 82.87860 14.00000 12.65000
v 81.92600 14.00000 12.10000
v 81.92600 14.00000 11.00000
v 82.87860 14.00000 10.45000
v 83.83130 14.00000 11.00000
v 83.83130 14.00000 12.10000
v 84.78390 -4.00000 12.65000
v 83.83130 -4.00000 12.10000
v 83.83130 -4.00000 11.00000
v 84.78390 -4.00000 10.45000
v 85.73650 -4.00000 11.00000
v 85.73650 -4.00000 12.10000
v 84.78390 14.00000 12.65000
v 83.83130 14.00000 12.10000
v 83.83130 14.00000 11.00000
v 84.78390 14.00000 10.45000
v 85.73650 14.00000 11.00000
v 85.73650 14.00000 12.10000
v 78.11550 -4.00000 14.30000
v 77.16290 -4.00000 13.75000
v 77.16290 -4.00000 12.65000
v 78.11550 -4.00000 12.10000
v 79.06810 -4.00000 12.65000
v 79.06810 -4.00000 13.75000
v 78.11550 14.00000 14.30000
v 77.16290 14.00000 13.75000
v 77.16290 14.00000 12.65000
v 78.11550 14.00000 12.10000
v 79.06810 14.00000 12.65000
v 79.06810 14.00000 13.75000
v 80.02070 -4.00000 14.30000
v 79.06810 -4.00000 13.75000
v 79.06810 -4.00000 12.65000
v 80.02070 -4.00000 12.10000
v 80.97340 -4.00000 12.65000
v 80.97340 -4.00000 13.75000
v 80.02070 14.00000 14.30000
v 79.06810 14.00000 13.75000
v 79.06810 14.00000 12.65000
v 80.02070 14.00000 12.10000
v 80.97340 14.00000 12.65000
v 80.97340 14.00000 13.75000
v 81.92600 -4.00000 14.30000
v 80.97340 -4.00000 13.75000
v 80.97340 -4.00000 12.65000
v 81.92600 -4.00000 12.10000
v 82.87860 -4.00000 12.65000
v 82.87860 -4.00000 13.75000
v 81.92600 14.00000 14.30000
v 80.97340 14.00000 13.75000
v 80.97340 14.00000 12.65000
v 81.92600 14.00000 12.10000
v 82.87860 14.00000 12.65000
v 82.87860 14.00000 13.75000
v 83.83130 -4.00000 14.30000
v 82.87860 -4.00000 13.75000
v 82.87860 -4.00000 12.65000
v 83.83130 -4.00000 12.10000
v 84.78390 -4.00000 12.65000
v 84.78390 -4.00000 13.75000
v 83.83130 14.00000 14.30000
v 82.87860 14.00000 13.75000
v 82.87860 14.00000 12.65000
v 83.83130 14.00000 12.10000
v 84.78390 14.00000 12.65000
v 84.78390 14.00000 13.75000
v 85.73650 -4.00000 14.30000
v 84.78390 -4.00000 13.75000
v 84.78390 -4.00000 12.65000
v 85.73650 -4.00000 12.10000
v 86.68910 -4.00000 12.65000
v 86.68910 -4.00000 13.75000
v 85.73650 14.00000 14.30000
v 84.78390 14.00000 13.75000
v 84.78390 14.00000 12.65000
v 85.73650 14.00000 12.10000
v 86.68910 14.00000 12.65000
v 86.68910 14.00000 13.75000
v 79.06810 -4.00000 15.95000
v 78.11550 -4.00000 15.40000
v 78.11550 -4.00000 14.30000
v 79.06810 -4.00000 13.75000
v 80.02070 -4.00000 14.30000
v 80.02070 -4.00000 15.40000
v 79.06810 14.00000 15.95000
v 78.11550 14.00000 15.40000
v 78.11550 14.00000 14.30000
v 79.06810 14.00000 13.75000
v 80.02070 14.00000 14.30000
v 80.02070 14.00000 15.40000
v 80.97340 -4.00000 15.95000
v 80.02070 -4.00000 15.40000
v 80.02070 -4.00000 14.30000
v 80.97340 -4.00000 13.75000
v 81.92600 -4.00000 14.30000
v 81.92600 -4.00000 15.40000
v 80.97340 14.00000 15.95000
v 80.02070 14.00000 15.40000
v 80.02070 14.00000 14.30000
v 80.97340 14.00000 13.75000
v 81.92600 14.00000 14.30000
v 81.92600 14.00000 15.40000
v 82.87860 -4.00000 15.95000
v 81.92600 -4.00000 15.40000
v 81.92600 -4.00000 14.30000
v 82.87860 -4.00000 13.75000
v 83.83130 -4.00000 14.30000
v 83.83130 -4.00000 15.40000
v 82.87860 14.00000 15.95000
v 81.92600 14.00000 15.40000
v 81.92600 14.00000 14.30000
v 82.87860 14.00000 13.75000
v 83.83130 14.00000 14.30000
v 83.83130 14.00000 15.40000
v 84.78390 -4.00000 15.95000
v 83.83130 -4.00000 15.40000
v 83.83130 -4.00000 14.30000
v 84.78390 -4.00000 13.75000
v 85.73650 -4.00000 14.30000
v 85.73650 -4.00000 15.40000
v 84.78390 14.00000 15.95000
v 83.83130 14.00000 15.40000
v 83.83130 14.00000 14.30000
v 84.78390 14.00000 13.75000
v 85.73650 14.00000 14.30000
v 85.73650 14.00000 15.40000
v 78.11550 -4.00000 17.60000
v 77.16290 -4.00000 17.05000
v 77.16290 -4.00000 15.95000
v 78.11550 -4.00000 15.40000
v 79.06810 -4.00000 15.95000
v 79.06810 -4.00000 17.05000
v 78.11550 14.00000 17.60000
v 77.16290 14.00000 17.05000
v 77.16290 14.00000 15.95000
v 78.11550 14.00000 15.40000
v 79.06810 14.00000 15.95000
v 79.06810 14.00000 17.05000
v 80.02070 -4.00000 17.60000
v 79.06810 -4.00000 17.05000
v 79.06810 -4.00000 15.95000
v 80.02070 -4.00000 15.40000
v 80.97340 -4.00000 15.95000
v 80.97340 -4.00000 17.05000
v 80.02070 14.00000 17.60000
v 79.06810 14.00000 17.05000
v 79.06810 14.00000 15.95000
v 80.02070 14.00000 15.40000
v 80.97340 14.00000 15.95000
v 80.97340 14.00000 17.05000
v 81.92600 -4.00000 17.60000
v 80.97340 -4.00000 17.05000
v 80.97340 -4.00000 15.95000
v 81.92600 -4.00000 15.40000
v 82.87860 -4.00000 15.95000
v 82.87860 -4.00000 17.05000
v 81.92600 14.00000 17.60000
v 80.97340 14.00000 17.05000
v 80.97340 14.00000 15.95000
v 81.92600 14.00000 15.40000
v 82.87860 14.00000 15.95000
v 82.87860 14.00000 17.05000
v 83.83130 -4.00000 17.60000
v 82.87860 -4.00000 17.05000
v 82.87860 -4.00000 15.95000
v 83.83130 -4.00000 15.40000
v 84.78390 -4.00000 15.95000
v 84.78390 -4.00000 17.05000
v 83.83130 14.00000 17.60000
v 82.87860 14.00000 17.05000
v 82.87860 14.00000 15.95000
v 83.83130 14.00000 15.40000
v 84.78390 14.00000 15.95000
v 84.78390 14.00000 17.05000
v 77.16290 -4.00000 19.25000
v 76.21020 -4.00000 18.70000
v 76.21020 -4.00000 17.60000
v 77.16290 -4.00000 17.05000
v 78.11550 -4.00000 17.60000
v 78.11550 -4.00000 18.70000
v 77.16290 14.00000 19.25000
v 76.21020 14.00000 18.70000
v 76.21020 14.00000 17.60000
v 77.16290 14.00000 17.05000
v 78.11550 14.00000 17.60000
v 78.11550 14.00000 18.70000
v 79.06810 -4.00000 19.25000
v 78.11550 -4.00000 18.70000
v 78.11550 -4.00000 17.60000
v 79.06810 -4.00000 17.05000
v 80.02070 -4.00000 17.60000
v 80.02070 -4.00000 18.70000
v 79.06810 14.00000 19.25000
v 78.11550 14.00000 18.70000
v 78.11550 14.00000 17.60000
v 79.06810 14.00000 17.05000
v 80.02070 14.00000 17.60000
v 80.02070 14.00000 18.70000
v 80.97340 -4.00000 19.25000
v 80.02070 -4.00000 18.70000
v 80.02070 -4.00000 17.60000
v 80.97340 -4.00000 17.05000
v 81.92600 -4.00000 17.60000
v 81.92600 -4.00000 18.70000
v 80.97340 14.00000 19.25000
v 80.02070 14.00000 18.70000
v 80.02070 14.00000 17.60000
v 80.97340 14.00000 17.05000
v 81.92600 14.00000 17.60000
v 81.92600 14.00000 18.70000
v 82.87860 -4.00000 19.25000
v 81.92600 -4.00000 18.70000
v 81.92600 -4.00000 17.60000
v 82.87860 -4.00000 17.05000
v 83.83130 -4.00000 17.60000
v 83.83130 -4.00000 18.70000
v 82.87860 14.00000 19.25000
v 81.92600 14.00000 18.70000
v 81.92600 14.00000 17.60000
v 82.87860 14.00000 17.05000
v 83.83130 14.00000 17.60000
v 83.83130 14.00000 18.70000
v 84.78390 -4.00000 19.25000
v 83.83130 -4.00000 18.70000
v 83.83130 -4.00000 17.60000
v 84.78390 -4.00000 17.05000
v 85.73650 -4.00000 17.60000
v 85.73650 -4.00000 18.70000
v 84.78390 14.00000 19.25000
v 83.83130 14.00000 18.70000
v 83.83130 14.00000 17.60000
v 84.78390 14.00000 17.05000
v 85.73650 14.00000 17.60000
v 85.73650 14.00000 18.70000
v 78.11550 -4.00000 20.90000
v 77.16290 -4.00000 20.35000
v 77.16290 -4.00000 19.25000
v 78.11550 -4.00000 18.70000
v 79.06810 -4.00000 19.25000
v 79.06810 -4.00000 20.35000
v 78.11550 14.00000 20.90000
v 77.16290 14.00000 20.35000
v 77.16290 14.00000 19.25000
v 78.11550 14.00000 18.70000
v 79.06810 14.00000 19.25000
v 79.06810 14.00000 20.35000
v 80.02070 -4.00000 20.90000
v 79.06810 -4.00000 20.35000
v 79.06810 -4.00000 19.25000
v 80.02070 -4.00000 18.70000
v 80.97340 -4.00000 19.25000
v 80.97340 -4.00000 20.35000
v 80.02070 14.00000 20.90000
v 79.06810 14.00000 20.35000
v 79.06810 14.00000 19.25000
v 80.02070 14.00000 18.70000
v 80.97340 14.00000 19.25000
v 80.97340 14.00000 20.35000
v 81.92600 -4.00000 20.90000
v 80.97340 -4.00000 20.35000
v 80.97340 -4.00000 19.25000
v 81.92600 -4.00000 18.70000
v 82.87860 -4.00000 19.25000
v 82.87860 -4.00000 20.35000
v 81.92600 14.00000 20.90000
v 80.97340 14.00000 20.35000
v 80.97340 14.00000 19.25000
v 81.92600 14.00000 18.70000
v 82.87860 14.00000 19.25000
v 82.87860 14.00000 20.35000
v 83.83130 -4.00000 20.90000
v 82.87860 -4.00000 20.35000
v 82.87860 -4.00000 19.25000
v 83.83130 -4.00000 18.70000
v 84.78390 -4.00000 19.25000
v 84.78390 -4.00000 20.35000
v 83.83130 14.00000 20.90000
v 82.87860 14.00000 20.35000
v 82.87860 14.00000 19.25000
v 83.83130 14.00000 18.70000
v 84.78390 14.00000 19.25000
v 84.78390 14.00000 20.35000
v 77.16290 -4.00000 22.55000
v 76.21020 -4.00000 22.00000
v 76.21020 -4.00000 20.90000
v 77.16290 -4.00000 20.35000
v 78.11550 -4.00000 20.90000
v 78.11550 -4.00000 22.00000
v 77.16290 14.00000 22.55000
v 76.21020 14.00000 22.00000
v 76.21020 14.00000 20.90000
v 77.16290 14.00000 20.35000
v 78.11550 14.00000 20.90000
v 78.11550 14.00000 22.00000
v 79.06810 -4.00000 22.55000
v 78.11550 -4.00000 22.00000
v 78.11550 -4.00000 20.90000
v 79.06810 -4.00000 20.35000
v 80.02070 -4.00000 20.90000
v 80.02070 -4.00000 22.00000
v 79.06810 14.00000 22.55000
v 78.11550 14.00000 22.00000
v 78.11550 14.00000 20.90000
v 79.06810 14.00000 20.35000
v 80.02070 14.00000 20.90000
v 80.02070 14.00000 22.00000
v 80.97340 -4.00000 22.55000
v 80.02070 -4.00000 22.00000
v 80.02070 -4.00000 20.90000
v 80.97340 -4.00000 20.35000
v 81.92600 -4.00000 20.90000
v 81.92600 -4.00000 22.00000
v 80.97340 14.00000 22.55000
v 80.02070 14.00000 22.00000
v 80.02070 14.00000 20.90000
v 80.97340 14.00000 20.35000
v 81.92600 14.00000 20.90000
v 81.92600 14.00000 22.00000
v 82.87860 -4.00000 22.55000
v 81.92600 -4.00000 22.00000
v 81.92600 -4.00000 20.90000
v 82.87860 -4.00000 20.35000
v 83.83130 -4.00000 20.90000
v 83.83130 -4.00000 22.00000
v 82.87860 14.00000 22.55000
v 81.92600 14.00000 22.00000
v 81.92600 14.00000 20.90000
v 82.87860 14.00000 20.35000
v 83.83130 14.00000 20.90000
v 83.83130 14.00000 22.00000
v 76.21020 -4.00000 24.20000
v 75.25760 -4.00000 23.65000
v 75.25760 -4.00000 22.55000
v 76.21020 -4.00000 22.00000
v 77.16290 -4.00000 22.55000
v 77.16290 -4.00000 23.65000
v 76.21020 14.00000 24.20000
v 75.25760 14.00000 23.65000
v 75.25760 14.00000 22.55000
v 76.21020 14.00000 22.00000
v 77.16290 14.00000 22.55000
v 77.16290 14.00000 23.65000
v 78.11550 -4.00000 24.20000
v 77.16290 -4.00000 23.65000
v 77.16290 -4.00000 22.55000
v 78.11550 -4.00000 22.00000
v 79.06810 -4.00000 22.55000
v 79.06810 -4.00000 23.65000
v 78.11550 14.00000 24.20000
v 77.16290 14.00000 23.65000
v 77.16290 14.00000 22.55000
v 78.11550 14.00000 22.00000
v 79.06810 14.00000 22.55000
v 79.06810 14.00000 23.65000
v 80.02070 -4.00000 24.20000
v 79.06810 -4.00000 23.65000
v 79.06810 -4.00000 22.55000
v 80.02070 -4.00000 22.00000
v 80.97340 -4.00000 22.55000
v 80.97340 -4.00000 23.65000
v 80.02070 14.00000 24.20000
v 79.06810 14.00000 23.65000
v 79.06810 14.00000 22.55000
v 80.02070 14.00000 22.00000
v 80.97340 14.00000 22.55000
v 80.97340 14.00000 23.65000
v 81.92600 -4.00000 24.20000
v 80.97340 -4.00000 23.65000
v 80.97340 -4.00000 22.55000
v 81.92600 -4.00000 22.00000
v 82.87860 -4.00000 22.55000
v 82.87860 -4.00000 23.65000
v 81.92600 14.00000 24.20000
v 80.97340 14.00000 23.65000
v 80.97340 14.00000 22.55000
v 81.92600 14.00000 22.00000
v 82.87860 14.00000 22.55000
v 82.87860 14.00000 23.65000
v 83.83130 -4.00000 24.20000
v 82.87860 -4.00000 23.65000
v 82.87860 -4.00000 22.55000
v 83.83130 -4.00000 22.00000
v 84.78390 -4.00000 22.55000
v 84.78390 -4.00000 23.65000
v 83.83130 14.00000 24.20000
v 82.87860 14.00000 23.65000
v 82.87860 14.00000 22.55000
v 83.83130 14.00000 22.00000
v 84.78390 14.00000 22.55000
v 84.78390 14.00000 23.65000
v 75.25760 -4.00000 25.85000
v 74.30500 -4.00000 25.30000
v 74.30500 -4.00000 24.20000
v 75.25760 -4.00000 23.65000
v 76.21020 -4.00000 24.20000
v 76.21020 -4.00000 25.30000
v 75.25760 14.00000 25.85000
v 74.30500 14.00000 25.30000
v 74.30500 14.00000 24.20000
v 75.25760 14.00000 23.65000
v 76.21020 14.00000 24.20000
v 76.21020 14.00000 25.30000
v 77.16290 -4.00000 25.85000
v 76.21020 -4.00000 25.30000
v 76.21020 -4.00000 24.20000
v 77.16290 -4.00000 23.65000
v 78.11550 -4.00000 24.20000
v 78.11550 -4.00000 25.30000
v 77.16290 14.00000 25.85000
v 76.21020 14.00000 25.30000
v 76.21020 14.00000 24.20000
v 77.16290 14.00000 23.65000
v 78.11550 14.00000 24.20000
v 78.11550 14.00000 25.30000
v 79.06810 -4.00000 25.85000
v 78.11550 -4.00000 25.30000
v 78.11550 -4.00000 24.20000
v 79.06810 -4.00000 23.65000
v 80.02070 -4.00000 24.20000
v 80.02070 -4.00000 25.30000
v 79.06810 14.00000 25.85000
v 78.11550 14.00000 25.30000
v 78.11550 14.00000 24.20000
v 79.06810 14.00000 23.65000
v 80.02070 14.00000 24.20000
v 80.02070 14.00000 25.30000
v 80.97340 -4.00000 25.85000
v 80.02070 -4.00000 25.30000
v 80.02070 -4.00000 24.20000
v 80.97340 -4.00000 23.65000
v 81.92600 -4.00000 24.20000
v 81.92600 -4.00000 25.30000
v 80.97340 14.00000 25.85000
v 80.02070 14.00000 25.30000
v 80.02070 14.00000 24.20000
v 80.97340 14.00000 23.65000
v 81.92600 14.00000 24.20000
v 81.92600 14.00000 25.30000
v 82.87860 -4.00000 25.85000
v 81.92600 -4.00000 25.30000
v 81.92600 -4.00000 24.20000
v 82.87860 -4.00000 23.65000
v 83.83130 -4.00000 24.20000
v 83.83130 -4.00000 25.30000
v 82.87860 14.00000 25.85000
v 81.92600 14.00000 25.30000
v 81.92600 14.00000 24.20000
v 82.87860 14.00000 23.65000
v 83.83130 14.00000 24.20000
v 83.83130 14.00000 25.30000
v 76.21020 -4.00000 27.50000
v 75.25760 -4.00000 26.95000
v 75.25760 -4.00000 25.85000
v 76.21020 -4.00000 25.30000
v 77.16290 -4.00000 25.85000
v 77.16290 -4.00000 26.95000
v 76.21020 14.00000 27.50000
v 75.25760 14.00000 26.95000
v 75.25760 14.00000 25.85000
v 76.21020 14.00000 25.30000
v 77.16290 14.00000 25.85000
v 77.16290 14.00000 26.95000
v 78.11550 -4.00000 27.50000
v 77.16290 -4.00000 26.95000
v 77.16290 -4.00000 25.85000
v 78.11550 -4.00000 25.30000
v 79.06810 -4.00000 25.85000
v 79.06810 -4.00000 26.95000
v 78.11550 14.00000 27.50000
v 77.16290 14.00000 26.95000
v 77.16290 14.00000 25.85000
v 78.11550 14.00000 25.30000
v 79.06810 14.00000 25.85000
v 79.06810 14.00000 26.95000
v 80.02070 -4.00000 27.50000
v 79.06810 -4.00000 26.95000
v 79.06810 -4.00000 25.85000
v 80.02070 -4.00000 25.30000
v 80.97340 -4.00000 25.85000
v 80.97340 -4.00000 26.95000
v 80.02070 14.00000 27.50000
v 79.06810 14.00000 26.95000
v 79.06810 14.00000 25.85000
v 80.02070 14.00000 25.30000
v 80.97340 14.00000 25.85000
v 80.97340 14.00000 26.95000
v 81.92600 -4.00000 27.50000
v 80.97340 -4.00000 26.95000
v 80.97340 -4.00000 25.85000
v 81.92600 -4.00000 25.30000
v 82.87860 -4.00000 25.85000
v 82.87860 -4.00000 26.95000
v 81.92600 14.00000 27.50000
v 80.97340 14.00000 26.95000
v 80.97340 14.00000 25.85000
v 81.92600 14.00000 25.30000
v 82.87860 14.00000 25.85000
v 82.87860 14.00000 26.95000
v 75.25760 -4.00000 29.15000
v 74.30500 -4.00000 28.60000
v 74.30500 -4.00000 27.50000
v 75.25760 -4.00000 26.95000
v 76.21020 -4.00000 27.50000
v 76.21020 -4.00000 28.60000
v 75.25760 14.00000 29.15000
v 74.30500 14.00000 28.60000
v 74.30500 14.00000 27.50000
v 75.25760 14.00000 26.95000
v 76.21020 14.00000 27.50000
v 76.21020 14.00000 28.60000
v 77.16290 -4.00000 29.15000
v 76.21020 -4.00000 28.60000
v 76.21020 -4.00000 27.50000
v 77.16290 -4.00000 26.95000
v 78.11550 -4.00000 27.50000
v 78.11550 -4.00000 28.60000
v 77.16290 14.00000 29.15000
v 76.21020 14.00000 28.60000
v 76.21020 14.00000 27.50000
v 77.16290 14.00000 26.95000
v 78.11550 14.00000 27.50000
v 78.11550 14.00000 28.60000
v 79.06810 -4.00000 29.15000
v 78.11550 -4.00000 28.60000
v 78.11550 -4.00000 27.50000
v 79.06810 -4.00000 26.95000
v 80.02070 -4.00000 27.50000
v 80.02070 -4.00000 28.60000
v 79.06810 14.00000 29.15000
v 78.11550 14.00000 28.60000
v 78.11550 14.00000 27.50000
v 79.06810 14.00000 26.95000
v 80.02070 14.00000 27.50000
v 80.02070 14.00000 28.60000
v 80.97340 -4.00000 29.15000
v 80.02070 -4.00000 28.60000
v 80.02070 -4.00000 27.50000
v 80.97340 -4.00000 26.95000
v 81.92600 -4.00000 27.50000
v 81.92600 -4.00000 28.60000
v 80.97340 14.00000 29.15000
v 80.02070 14.00000 28.60000
v 80.02070 14.00000 27.50000
v 80.97340 14.00000 26.95000
v 81.92600 14.00000 27.50000
v 81.92600 14.00000 28.60000
v 74.30500 -4.00000 30.80000
v 73.35240 -4.00000 30.25000
v 73.35240 -4.00000 29.15000
v 74.30500 -4.00000 28.60000
v 75.25760 -4.00000 29.15000
v 75.25760 -4.00000 30.25000
v 74.30500 14.00000 30.80000
v 73.35240 14.00000 30.25000
v 73.35240 14.00000 29.15000
v 74.30500 14.00000 28.60000
v 75.25760 14.00000 29.15000
v 75.25760 14.00000 30.25000
v 76.21020 -4.00000 30.80000
v 75.25760 -4.00000 30.25000
v 75.25760 -4.00000 29.15000
v 76.21020 -4.00000 28.60000
v 77.16290 -4.00000 29.15000
v 77.16290 -4.00000 30.25000
v 76.21020 14.00000 30.80000
v 75.25760 14.00000 30.25000
v 75.25760 14.00000 29.15000
v 76.21020 14.00000 28.60000
v 77.16290 14.00000 29.15000
v 77.16290 14.00000 30.25000
v 78.11550 -4.00000 30.80000
v 77.16290 -4.00000 30.25000
v 77.16290 -4.00000 29.15000
v 78.11550 -4.00000 28.60000
v 79.06810 -4.00000 29.15000
v 79.06810 -4.00000 30.25000
v 78.11550 14.00000 30.80000
v 77.16290 14.00000 30.25000
v 77.16290 14.00000 29.15000
v 78.11550 14.00000 28.60000
v 79.06810 14.00000 29.15000
v 79.06810 14.00000 30.25000
v 80.02070 -4.00000 30.80000
v 79.06810 -4.00000 30.25000
v 79.06810 -4.00000 29.15000
v 80.02070 -4.00000 28.60000
v 80.97340 -4.00000 29.15000
v 80.97340 -4.00000 30.25000
v 80.02070 14.00000 30.80000
v 79.06810 14.00000 30.25000
v 79.06810 14.00000 29.15000
v 80.02070 14.00000 28.60000
v 80.97340 14.00000 29.15000
v 80.97340 14.00000 30.25000
v 73.35240 -4.00000 32.45000
v 72.39970 -4.00000 31.90000
v 72.39970 -4.00000 30.80000
v 73.35240 -4.00000 30.25000
v 74.30500 -4.00000 30.80000
v 74.30500 -4.00000 31.90000
v 73.35240 14.00000 32.45000
v 72.39970 14.00000 31.90000
v 72.39970 14.00000 30.80000
v 73.35240 14.00000 30.25000
v 74.30500 14.00000 30.80000
v 74.30500 14.00000 31.90000
v 75.25760 -4.00000 32.45000
v 74.30500 -4.00000 31.90000
v 74.30500 -4.00000 30.80000
v 75.25760 -4.00000 30.25000
v 76.21020 -4.00000 30.80000
v 76.21020 -4.00000 31.90000
v 75.25760 14.00000 32.45000
v 74.30500 14.00000 31.90000
v 74.30500 14.00000 30.80000
v 75.25760 14.00000 30.25000
v 76.21020 14.00000 30.80000
v 76.21020 14.00000 31.90000
v 77.16290 -4.00000 32.45000
v 76.21020 -4.00000 31.90000
v 76.21020 -4.00000 30.80000
v 77.16290 -4.00000 30.25000
v 78.11550 -4.00000 30.80000
v 78.11550 -4.00000 31.90000
v 77.16290 14.00000 32.45000
v 76.21020 14.00000 31.90000
v 76.21020 14.00000 30.80000
v 77.16290 14.00000 30.25000
v 78.11550 14.00000 30.80000
v 78.11550 14.00000 31.90000
v 79.06810 -4.00000 32.45000
v 78.11550 -4.00000 31.90000
v 78.11550 -4.00000 30.80000
v 79.06810 -4.00000 30.25000
v 80.02070 -4.00000 30.80000
v 80.02070 -4.00000 31.90000
v 79.06810 14.00000 32.45000
v 78.11550 14.00000 31.90000
v 78.11550 14.00000 30.80000
v 79.06810 14.00000 30.25000
v 80.02070 14.00000 30.80000
v 80.02070 14.00000 31.90000
v 80.97340 -4.00000 32.45000
v 80.02070 -4.00000 31.90000
v 80.02070 -4.00000 30.80000
v 80.97340 -4.00000 30.25000
v 81.92600 -4.00000 30.80000
v 81.92600 -4.00000 31.90000
v 80.97340 14.00000 32.45000
v 80.02070 14.00000 31.90000
v 80.02070 14.00000 30.80000
v 80.97340 14.00000 30.25000
v 81.92600 14.00000 30.80000
v 81.92600 14.00000 31.90000
v 72.39970 -4.00000 34.10000
v 71.44710 -4.00000 33.55000
v 71.44710 -4.00000 32.45000
v 72.39970 -4.00000 31.90000
v 73.35240 -4.00000 32.45000
v 73.35240 -4.00000 33.55000
v 72.39970 14.00000 34.10000
v 71.44710 14.00000 33.55000
v 71.44710 14.00000 32.45000
v 72.39970 14.00000 31.90000
v 73.35240 14.00000 32.45000
v 73.35240 14.00000 33.55000
v 74.30500 -4.00000 34.10000
v 73.35240 -4.00000 33.55000
v 73.35240 -4.00000 32.45000
v 74.30500 -4.00000 31.90000
v 75.25760 -4.00000 32.45000
v 75.25760 -4.00000 33.55000
v 74.30500 14.00000 34.10000
v 73.35240 14.00000 33.55000
v 73.35240 14.00000 32.45000
v 74.30500 14.00000 31.90000
v 75.25760 14.00000 32.45000
v 75.25760 14.00000 33.55000
v 76.21020 -4.00000 34.10000
v 75.25760 -4.00000 33.55000
v 75.25760 -4.00000 32.45000
v 76.21020 -4.00000 31.90000
v 77.16290 -4.00000 32.45000
v 77.16290 -4.00000 33.55000
v 76.21020 14.00000 34.10000
v 75.25760 14.00000 33.55000
v 75.25760 14.00000 32.45000
v 76.21020 14.00000 31.90000
v 77.16290 14.00000 32.45000
v 77.16290 14.00000 33.55000
v 78.11550 -4.00000 34.10000
v 77.16290 -4.00000 33.55000
v 77.16290 -4.00000 32.45000
v 78.11550 -4.00000 31.90000
v 79.06810 -4.00000 32.45000
v 79.06810 -4.00000 33.55000
v 78.11550 14.00000 34.10000
v 77.16290 14.00000 33.55000
v 77.16290 14.00000 32.45000
v 78.11550 14.00000 31.90000
v 79.06810 14.00000 32.45000
v 79.06810 14.00000 33.55000
v 80.02070 -4.00000 34.10000
v 79.06810 -4.00000 33.55000
v 79.06810 -4.00000 32.45000
v 80.02070 -4.00000 31.90000
v 80.97340 -4.00000 32.45000
v 80.97340 -4.00000 33.55000
v 80.02070 14.00000 34.10000
v 79.06810 14.00000 33.55000
v 79.06810 14.00000 32.45000
v 80.02070 14.00000 31.90000
v 80.97340 14.00000 32.45000
v 80.97340 14.00000 33.55000
v 71.44710 -4.00000 35.75000
v 70.49450 -4.00000 35.20000
v 70.49450 -4.00000 34.10000
v 71.44710 -4.00000 33.55000
v 72.39970 -4.00000 34.10000
v 72.39970 -4.00000 35.20000
v 71.44710 14.00000 35.75000
v 70.49450 14.00000 35.20000
v 70.49450 14.00000 34.10000
v 71.44710 14.00000 33.55000
v 72.39970 14.00000 34.10000
v 72.39970 14.00000 35.20000
v 73.35240 -4.00000 35.75000
v 72.39970 -4.00000 35.20000
v 72.39970 -4.00000 34.10000
v 73.35240 -4.00000 33.55000
v 74.30500 -4.00000 34.10000
v 74.30500 -4.00000 35.20000
v 73.35240 14.00000 35.75000
v 72.39970 14.00000 35.20000
v 72.39970 14.00000 34.10000
v 73.35240 14.00000 33.55000
v 74.30500 14.00000 34.10000
v 74.30500 14.00000 35.20000
v 75.25760 -4.00000 35.75000
v 74.30500 -4.00000 35.20000
v 74.30500 -4.00000 34.10000
v 75.25760 -4.00000 33.55000
v 76.21020 -4.00000 34.10000
v 76.21020 -4.00000 35.20000
v 75.25760 14.00000 35.75000
v 74.30500 14.00000 35.20000
v 74.30500 14.00000 34.10000
v 75.25760 14.00000 33.55000
v 76.21020 14.00000 34.10000
v 76.21020 14.00000 35.20000
v 77.16290 -4.00000 35.75000
v 76.21020 -4.00000 35.20000
v 76.21020 -4.00000 34.10000
v 77.16290 -4.00000 33.55000
v 78.11550 -4.00000 34.10000
v 78.11550 -4.00000 35.20000
v 77.16290 14.00000 35.75000
v 76.21020 14.00000 35.20000
v 76.21020 14.00000 34.10000
v 77.16290 14.00000 33.55000
v 78.11550 14.00000 34.10000
v 78.11550 14.00000 35.20000
v 79.06810 -4.00000 35.75000
v 78.11550 -4.00000 35.20000
v 78.11550 -4.00000 34.10000
v 79.06810 -4.00000 33.55000
v 80.02070 -4.00000 34.10000
v 80.02070 -4.00000 35.20000
v 79.06810 14.00000 35.75000
v 78.11550 14.00000 35.20000
v 78.11550 14.00000 34.10000
v 79.06810 14.00000 33.55000
v 80.02070 14.00000 34.10000
v 80.02070 14.00000 35.20000
v 70.49450 -4.00000 37.40000
v 69.54180 -4.00000 36.85000
v 69.54180 -4.00000 35.75000
v 70.49450 -4.00000 35.20000
v 71.44710 -4.00000 35.75000
v 71.44710 -4.00000 36.85000
v 70.49450 14.00000 37.40000
v 69.54180 14.00000 36.85000
v 69.54180 14.00000 35.75000
v 70.49450 14.00000 35.20000
v 71.44710 14.00000 35.75000
v 71.44710 14.00000 36.85000
v 72.39970 -4.00000 37.40000
v 71.44710 -4.00000 36.85000
v 71.44710 -4.00000 35.75000
v 72.39970 -4.00000 35.20000
v 73.35240 -4.00000 35.75000
v 73.35240 -4.00000 36.85000
v 72.39970 14.00000 37.40000
v 71.44710 14.00000 36.85000
v 71.44710 14.00000 35.75000
v 72.39970 14.00000 35.20000
v 73.35240 14.00000 35.75000
v 73.35240 14.00000 36.85000
v 74.30500 -4.00000 37.40000
v 73.35240 -4.00000 36.85000
v 73.35240 -4.00000 35.75000
v 74.30500 -4.00000 35.20000
v 75.25760 -4.00000 35.75000
v 75.25760 -4.00000 36.85000
v 74.30500 14.00000 37.40000
v 73.35240 14.00000 36.85000
v 73.35240 14.00000 35.75000
v 74.30500 14.00000 35.20000
v 75.25760 14.00000 35.75000
v 75.25760 14.00000 36.85000
v 76.21020 -4.00000 37.40000
v 75.25760 -4.00000 36.85000
v 75.25760 -4.00000 35.75000
v 76.21020 -4.00000 35.20000
v 77.16290 -4.00000 35.75000
v 77.16290 -4.00000 36.85000
v 76.21020 14.00000 37.40000
v 75.25760 14.00000 36.85000
v 75.25760 14.00000 35.75000
v 76.21020 14.00000 35.20000
v 77.16290 14.00000 35.75000
v 77.16290 14.00000 36.85000
v 78.11550 -4.00000 37.40000
v 77.16290 -4.00000 36.85000
v 77.16290 -4.00000 35.75000
v 78.11550 -4.00000 35.20000
v 79.06810 -4.00000 35.75000
v 79.06810 -4.00000 36.85000
v 78.11550 14.00000 37.40000
v 77.16290 14.00000 36.85000
v 77.16290 14.00000 35.75000
v 78.11550 14.00000 35.20000
v 79.06810 14.00000 35.75000
v 79.06810 14.00000 36.85000
v 69.54180 -4.00000 39.05000
v 68.58920 -4.00000 38.50000
v 68.58920 -4.00000 37.40000
v 69.54180 -4.00000 36.85000
v 70.49450 -4.00000 37.40000
v 70.49450 -4.00000 38.50000
v 69.54180 14.00000 39.05000
v 68.58920 14.00000 38.50000
v 68.58920 14.00000 37.40000
v 69.54180 14.00000 36.85000
v 70.49450 14.00000 37.40000
v 70.49450 14.00000 38.50000
v 71.44710 -4.00000 39.05000
v 70.49450 -4.00000 38.50000
v 70.49450 -4.00000 37.40000
v 71.44710 -4.00000 36.85000
v 72.39970 -4.00000 37.40000
v 72.39970 -4.00000 38.50000
v 71.44710 14.00000 39.05000
v 70.49450 14.00000 38.50000
v 70.49450 14.00000 37.40000
v 71.44710 14.00000 36.85000
v 72.39970 14.00000 37.40000
v 72.39970 14.00000 38.50000
v 73.35240 -4.00000 39.05000
v 72.39970 -4.00000 38.50000
v 72.39970 -4.00000 37.40000
v 73.35240 -4.00000 36.85000
v 74.30500 -4.00000 37.40000
v 74.30500 -4.00000 38.50000
v 73.35240 14.00000 39.05000
v 72.39970 14.00000 38.50000
v 72.39970 14.00000 37.40000
v 73.35240 14.00000 36.85000
v 74.30500 14.00000 37.40000
v 74.30500 14.00000 38.50000
v 75.25760 -4.00000 39.05000
v 74.30500 -4.00000 38.50000
v 74.30500 -4.00000 37.40000
v 75.25760 -4.00000 36.85000
v 76.21020 -4.00000 37.40000
v 76.21020 -4.00000 38.50000
v 75.25760 14.00000 39.05000
v 74.30500 14.00000 38.50000
v 74.30500 14.00000 37.40000
v 75.25760 14.00000 36.85000
v 76.21020 14.00000 37.40000
v 76.21020 14.00000 38.50000
v 77.16290 -4.00000 39.05000
v 76.21020 -4.00000 38.50000
v 76.21020 -4.00000 37.40000
v 77.16290 -4.00000 36.85000
v 78.11550 -4.00000 37.40000
v 78.11550 -4.00000 38.50000
v 77.16290 14.00000 39.05000
v 76.21020 14.00000 38.50000
v 76.21020 14.00000 37.40000
v 77.16290 14.00000 36.85000
v 78.11550 14.00000 37.40000
v 78.11550 14.00000 38.50000
v 68.58920 -4.00000 40.70000
v 67.63660 -4.00000 40.15000
v 67.63660 -4.00000 39.05000
v 68.58920 -4.00000 38.50000
v 69.54180 -4.00000 39.05000
v 69.54180 -4.00000 40.15000
v 68.58920 14.00000 40.70000
v 67.63660 14.00000 40.15000
v 67.63660 14.00000 39.05000
v 68.58920 14.00000 38.50000
v 69.54180 14.00000 39.05000
v 69.54180 14.00000 40.15000
v 70.49450 -4.00000 40.70000
v 69.54180 -4.00000 40.15000
v 69.54180 -4.00000 39.05000
v 70.49450 -4.00000 38.50000
v 71.44710 -4.00000 39.05000
v 71.44710 -4.00000 40.15000
v 70.49450 14.00000 40.70000
v 69.54180 14.00000 40.15000
v 69.54180 14.00000 39.05000
v 70.49450 14.00000 38.50000
v 71.44710 14.00000 39.05000
v 71.44710 14.00000 40.15000
v 72.39970 -4.00000 40.70000
v 71.44710 -4.00000 40.15000
v 71.44710 -4.00000 39.05000
v 72.39970 -4.00000 38.50000
v 73.35240 -4.00000 39.05000
v 73.35240 -4.00000 40.15000
v 72.39970 14.00000 40.70000
v 71.44710 14.00000 40.15000
v 71.44710 14.00000 39.05000
v 72.39970 14.00000 38.50000
v 73.35240 14.00000 39.05000
v 73.35240 14.00000 40.15000
v 74.30500 -4.00000 40.70000
v 73.35240 -4.00000 40.15000
v 73.35240 -4.00000 39.05000
v 74.30500 -4.00000 38.50000
v 75.25760 -4.00000 39.05000
v 75.25760 -4.00000 40.15000
v 74.30500 14.00000 40.70000
v 73.35240 14.00000 40.15000
v 73.35240 14.00000 39.05000
v 74.30500 14.00000 38.50000
v 75.25760 14.00000 39.05000
v 75.25760 14.00000 40.15000
v 76.21020 -4.00000 40.70000
v 75.25760 -4.00000 40.15000
v 75.25760 -4.00000 39.05000
v 76.21020 -4.00000 38.50000
v 77.16290 -4.00000 39.05000
v 77.16290 -4.00000 40.15000
v 76.21020 14.00000 40.70000
v 75.25760 14.00000 40.15000
v 75.25760 14.00000 39.05000
v 76.21020 14.00000 38.50000
v 77.16290 14.00000 39.05000
v 77.16290 14.00000 40.15000
v 67.63660 -4.00000 42.35000
v 66.68400 -4.00000 41.80000
v 66.68400 -4.00000 40.70000
v 67.63660 -4.00000 40.15000
v 68.58920 -4.00000 40.70000
v 68.58920 -4.00000 41.80000
v 67.63660 14.00000 42.35000
v 66.68400 14.00000 41.80000
v 66.68400 14.00000 40.70000
v 67.63660 14.00000 40.15000
v 68.58920 14.00000 40.70000
v 68.58920 14.00000 41.80000
v 69.54180 -4.00000 42.35000
v 68.58920 -4.00000 41.80000
v 68.58920 -4.00000 40.70000
v 69.54180 -4.00000 40.15000
v 70.49450 -4.00000 40.70000
v 70.49450 -4.00000 41.80000
v 69.54180 14.00000 42.35000
v 68.58920 14.00000 41.80000
v 68.58920 14.00000 40.70000
v 69.54180 14.00000 40.15000
v 70.49450 14.00000 40.70000
v 70.49450 14.00000 41.80000
v 71.44710 -4.00000 42.35000
v 70.49450 -4.00000 41.80000
v 70.49450 -4.00000 40.70000
v 71.44710 -4.00000 40.15000
v 72.39970 -4.00000 40.70000
v 72.39970 -4.00000 41.80000
v 71.44710 14.00000 42.35000
v 70.49450 14.00000 41.80000
v 70.49450 14.00000 40.70000
v 71.44710 14.00000 40.15000
v 72.39970 14.00000 40.70000
v 72.39970 14.00000 41.80000
v 73.35240 -4.00000 42.35000
v 72.39970 -4.00000 41.80000
v 72.39970 -4.00000 40.70000
v 73.35240 -4.00000 40.15000
v 74.30500 -4.00000 40.70000
v 74.30500 -4.00000 41.80000
v 73.35240 14.00000 42.35000
v 72.39970 14.00000 41.80000
v 72.39970 14.00000 40.70000
v 73.35240 14.00000 40.15000
v 74.30500 14.00000 40.70000
v 74.30500 14.00000 41.80000
v 75.25760 -4.00000 42.35000
v 74.30500 -4.00000 41.80000
v 74.30500 -4.00000 40.70000
v 75.25760 -4.00000 40.15000
v 76.21020 -4.00000 40.70000
v 76.21020 -4.00000 41.80000
v 75.25760 14.00000 42.35000
v 74.30500 14.00000 41.80000
v 74.30500 14.00000 40.70000
v 75.25760 14.00000 40.15000
v 76.21020 14.00000 40.70000
v 76.21020 14.00000 41.80000
v 66.68400 -4.00000 44.00000
v 65.73130 -4.00000 43.45000
v 65.73130 -4.00000 42.35000
v 66.68400 -4.00000 41.80000
v 67.63660 -4.00000 42.35000
v 67.63660 -4.00000 43.45000
v 66.68400 14.00000 44.00000
v 65.73130 14.00000 43.45000
v 65.73130 14.00000 42.35000
v 66.68400 14.00000 41.80000
v 67.63660 14.00000 42.35000
v 67.63660 14.00000 43.45000
v 68.58920 -4.00000 44.00000
v 67.63660 -4.00000 43.45000
v 67.63660 -4.00000 42.35000
v 68.58920 -4.00000 41.80000
v 69.54180 -4.00000 42.35000
v 69.54180 -4.00000 43.45000
v 68.58920 14.00000 44.00000
v 67.63660 14.00000 43.45000
v 67.63660 14.00000 42.35000
v 68.58920 14.00000 41.80000
v 69.54180 14.00000 42.35000
v 69.54180 14.00000 43.45000
v 70.49450 -4.00000 44.00000
v 69.54180 -4.00000 43.45000
v 69.54180 -4.00000 42.35000
v 70.49450 -4.00000 41.80000
v 71.44710 -4.00000 42.35000
v 71.44710 -4.00000 43.45000
v 70.49450 14.00000 44.00000
v 69.54180 14.00000 43.45000
v 69.54180 14.00000 42.35000
v 70.49450 14.00000 41.80000
v 71.44710 14.00000 42.35000
v 71.44710 14.00000 43.45000
v 72.39970 -4.00000 44.00000
v 71.44710 -4.00000 43.45000
v 71.44710 -4.00000 42.35000
v 72.39970 -4.00000 41.80000
v 73.35240 -4.00000 42.35000
v 73.35240 -4.00000 43.45000
v 72.39970 14.00000 44.00000
v 71.44710 14.00000 43.45000
v 71.44710 14.00000 42.35000
v 72.39970 14.00000 41.80000
v 73.35240 14.00000 42.35000
v 73.35240 14.00000 43.45000
v 74.30500 -4.00000 44.00000
v 73.35240 -4.00000 43.45000
v 73.35240 -4.00000 42.35000
v 74.30500 -4.00000 41.80000
v 75.25760 -4.00000 42.35000
v 75.25760 -4.00000 43.45000
v 74.30500 14.00000 44.00000
v 73.35240 14.00000 43.45000
v 73.35240 14.00000 42.35000
v 74.30500 14.00000 41.80000
v 75.25760 14.00000 42.35000
v 75.25760 14.00000 43.45000
v 65.73130 -4.00000 45.65000
v 64.77870 -4.00000 45.10000
v 64.77870 -4.00000 44.00000
v 65.73130 -4.00000 43.45000
v 66.68400 -4.00000 44.00000
v 66.68400 -4.00000 45.10000
v 65.73130 14.00000 45.65000
v 64.77870 14.00000 45.10000
v 64.77870 14.00000 44.00000
v 65.73130 14.00000 43.45000
v 66.68400 14.00000 44.00000
v 66.68400 14.00000 45.10000
v 67.63660 -4.00000 45.65000
v 66.68400 -4.00000 45.10000
v 66.68400 -4.00000 44.00000
v 67.63660 -4.00000 43.45000
v 68.58920 -4.00000 44.00000
v 68.58920 -4.00000 45.10000
v 67.63660 14.00000 45.65000
v 66.68400 14.00000 45.10000
v 66.68400 14.00000 44.00000
v 67.63660 14.00000 43.45000
v 68.58920 14.00000 44.00000
v 68.58920 14.00000 45.10000
v 69.54180 -4.00000 45.65000
v 68.58920 -4.00000 45.10000
v 68.58920 -4.00000 44.00000
v 69.54180 -4.00000 43.45000
v 70.49450 -4.00000 44.00000
v 70.49450 -4.00000 45.10000
v 69.54180 14.00000 45.65000
v 68.58920 14.00000 45.10000
v 68.58920 14.00000 44.00000
v 69.54180 14.00000 43.45000
v 70.49450 14.00000 44.00000
v 70.49450 14.00000 45.10000
v 71.44710 -4.00000 45.65000
v 70.49450 -4.00000 45.10000
v 70.49450 -4.00000 44.00000
v 71.44710 -4.00000 43.45000
v 72.39970 -4.00000 44.00000
v 72.39970 -4.00000 45.10000
v 71.44710 14.00000 45.65000
v 70.49450 14.00000 45.10000
v 70.49450 14.00000 44.00000
v 71.44710 14.00000 43.45000
v 72.39970 14.00000 44.00000
v 72.39970 14.00000 45.10000
v 73.35240 -4.00000 45.65000
v 72.39970 -4.00000 45.10000
v 72.39970 -4.00000 44.00000
v 73.35240 -4.00000 43.45000
v 74.30500 -4.00000 44.00000
v 74.30500 -4.00000 45.10000
v 73.35240 14.00000 45.65000
v 72.39970 14.00000 45.10000
v 72.39970 14.00000 44.00000
v 73.35240 14.00000 43.45000
v 74.30500 14.00000 44.00000
v 74.30500 14.00000 45.10000
v 64.77870 -4.00000 47.30000
v 63.82610 -4.00000 46.75000
v 63.82610 -4.00000 45.65000
v 64.77870 -4.00000 45.10000
v 65.73130 -4.00000 45.65000
v 65.73130 -4.00000 46.75000
v 64.77870 14.00000 47.30000
v 63.82610 14.00000 46.75000
v 63.82610 14.00000 45.65000
v 64.77870 14.00000 45.10000
v 65.73130 14.00000 45.65000
v 65.73130 14.00000 46.75000
v 66.68400 -4.00000 47.30000
v 65.73130 -4.00000 46.75000
v 65.73130 -4.00000 45.65000
v 66.68400 -4.00000 45.10000
v 67.63660 -4.00000 45.65000
v 67.63660 -4.00000 46.75000
v 66.68400 14.00000 47.30000
v 65.73130 14.00000 46.75000
v 65.73130 14.00000 45.65000
v 66.68400 14.00000 45.10000
v 67.63660 14.00000 45.65000
v 67.63660 14.00000 46.75000
v 68.58920 -4.00000 47.30000
v 67.63660 -4.00000 46.75000
v 67.63660 -4.00000 45.65000
v 68.58920 -4.00000 45.10000
v 69.54180 -4.00000 45.65000
v 69.54180 -4.00000 46.75000
v 68.58920 14.00000 47.30000
v 67.63660 14.00000 46.75000
v 67.63660 14.00000 45.65000
v 68.58920 14.00000 45.10000
v 69.54180 14.00000 45.65000
v 69.54180 14.00000 46.75000
v 70.49450 -4.00000 47.30000
v 69.54180 -4.00000 46.75000
v 69.54180 -4.00000 45.65000
v 70.49450 -4.00000 45.10000
v 71.44710 -4.00000 45.65000
v 71.44710 -4.00000 46.75000
v 70.49450 14.00000 47.30000
v 69.54180 14.00000 46.75000
v 69.54180 14.00000 45.65000
v 70.49450 14.00000 45.10000
v 71.44710 14.00000 45.65000
v 71.44710 14.00000 46.75000
v 72.39970 -4.00000 47.30000
v 71.44710 -4.00000 46.75000
v 71.44710 -4.00000 45.65000
v 72.39970 -4.00000 45.10000
v 73.35240 -4.00000 45.65000
v 73.35240 -4.00000 46.75000
v 72.39970 14.00000 47.30000
v 71.44710 14.00000 46.75000
v 71.44710 14.00000 45.65000
v 72.39970 14.00000 45.10000
v 73.35240 14.00000 45.65000
v 73.35240 14.00000 46.75000
v 63.82610 -4.00000 48.95000
v 62.87340 -4.00000 48.40000
v 62.87340 -4.00000 47.30000
v 63.82610 -4.00000 46.75000
v 64.77870 -4.00000 47.30000
v 64.77870 -4.00000 48.40000
v 63.82610 14.00000 48.95000
v 62.87340 14.00000 48.40000
v 62.87340 14.00000 47.30000
v 63.82610 14.00000 46.75000
v 64.77870 14.00000 47.30000
v 64.77870 14.00000 48.40000
v 65.73130 -4.00000 48.95000
v 64.77870 -4.00000 48.40000
v 64.77870 -4.00000 47.30000
v 65.73130 -4.00000 46.75000
v 66.68400 -4.00000 47.30000
v 66.68400 -4.00000 48.40000
v 65.73130 14.00000 48.95000
v 64.77870 14.00000 48.40000
v 64.77870 14.00000 47.30000
v 65.73130 14.00000 46.75000
v 66.68400 14.00000 47.30000
v 66.68400 14.00000 48.40000
v 67.63660 -4.00000 48.95000
v 66.68400 -4.00000 48.40000
v 66.68400 -4.00000 47.30000
v 67.63660 -4.00000 46.75000
v 68.58920 -4.00000 47.30000
v 68.58920 -4.00000 48.40000
v 67.63660 14.00000 48.95000
v 66.68400 14.00000 48.40000
v 66.68400 14.00000 47.30000
v 67.63660 14.00000 46.75000
v 68.58920 14.00000 47.30000
v 68.58920 14.00000 48.40000
v 69.54180 -4.00000 48.95000
v 68.58920 -4.00000 48.40000
v 68.58920 -4.00000 47.30000
v 69.54180 -4.00000 46.75000
v 70.49450 -4.00000 47.30000
v 70.49450 -4.00000 48.40000
v 69.54180 14.00000 48.95000
v 68.58920 14.00000 48.40000
v 68.58920 14.00000 47.30000
v 69.54180 14.00000 46.75000
v 70.49450 14.00000 47.30000
v 70.49450 14.00000 48.40000
v 71.44710 -4.00000 48.95000
v 70.49450 -4.00000 48.40000
v 70.49450 -4.00000 47.30000
v 71.44710 -4.00000 46.75000
v 72.39970 -4.00000 47.30000
v 72.39970 -4.00000 48.40000
v 71.44710 14.00000 48.95000
v 70.49450 14.00000 48.40000
v 70.49450 14.00000 47.30000
v 71.44710 14.00000 46.75000
v 72.39970 14.00000 47.30000
v 72.39970 14.00000 48.40000
v 62.87340 -4.00000 50.60000
v 61.92080 -4.00000 50.05000
v 61.92080 -4.00000 48.95000
v 62.87340 -4.00000 48.40000
v 63.82610 -4.00000 48.95000
v 63.82610 -4.00000 50.05000
v 62.87340 14.00000 50.60000
v 61.92080 14.00000 50.05000
v 61.92080 14.00000 48.95000
v 62.87340 14.00000 48.40000
v 63.82610 14.00000 48.95000
v 63.82610 14.00000 50.05000
v 64.77870 -4.00000 50.60000
v 63.82610 -4.00000 50.05000
v 63.82610 -4.00000 48.95000
v 64.77870 -4.00000 48.40000
v 65.73130 -4.00000 48.95000
v 65.73130 -4.00000 50.05000
v 64.77870 14.00000 50.60000
v 63.82610 14.00000 50.05000
v 63.82610 14.00000 48.95000
v 64.77870 14.00000 48.40000
v 65.73130 14.00000 48.95000
v 65.73130 14.00000 50.05000
v 66.68400 -4.00000 50.60000
v 65.73130 -4.00000 50.05000
v 65.73130 -4.00000 48.95000
v 66.68400 -4.00000 48.40000
v 67.63660 -4.00000 48.95000
v 67.63660 -4.00000 50.05000
v 66.68400 14.00000 50.60000
v 65.73130 14.00000 50.05000
v 65.73130 14.00000 48.95000
v 66.68400 14.00000 48.40000
v 67.63660 14.00000 48.95000
v 67.63660 14.00000 50.05000
v 68.58920 -4.00000 50.60000
v 67.63660 -4.00000 50.05000
v 67.63660 -4.00000 48.95000
v 68.58920 -4.00000 48.40000
v 69.54180 -4.00000 48.95000
v 69.54180 -4.00000 50.05000
v 68.58920 14.00000 50.60000
v 67.63660 14.00000 50.05000
v 67.63660 14.00000 48.95000
v 68.58920 14.00000 48.40000
v 69.54180 14.00000 48.95000
v 69.54180 14.00000 50.05000
v 70.49450 -4.00000 50.60000
v 69.54180 -4.00000 50.05000
v 69.54180 -4.00000 48.95000
v 70.49450 -4.00000 48.40000
v 71.44710 -4.00000 48.95000
v 71.44710 -4.00000 50.05000
v 70.49450 14.00000 50.60000
v 69.54180 14.00000 50.05000
v 69.54180 14.00000 48.95000
v 70.49450 14.00000 48.40000
v 71.44710 14.00000 48.95000
v 71.44710 14.00000 50.05000
v 61.92080 -4.00000 52.25000
v 60.96820 -4.00000 51.70000
v 60.96820 -4.00000 50.60000
v 61.92080 -4.00000 50.05000
v 62.87340 -4.00000 50.60000
v 62.87340 -4.00000 51.70000
v 61.92080 14.00000 52.25000
v 60.96820 14.00000 51.70000
v 60.96820 14.00000 50.60000
v 61.92080 14.00000 50.05000
v 62.87340 14.00000 50.60000
v 62.87340 14.00000 51.70000
v 63.82610 -4.00000 52.25000
v 62.87340 -4.00000 51.70000
v 62.87340 -4.00000 50.60000
v 63.82610 -4.00000 50.05000
v 64.77870 -4.00000 50.60000
v 64.77870 -4.00000 51.70000
v 63.82610 14.00000 52.25000
v 62.87340 14.00000 51.70000
v 62.87340 14.00000 50.60000
v 63.82610 14.00000 50.05000
v 64.77870 14.00000 50.60000
v 64.77870 14.00000 51.70000
v 65.73130 -4.00000 52.25000
v 64.77870 -4.00000 51.70000
v 64.77870 -4.00000 50.60000
v 65.73130 -4.00000 50.05000
v 66.68400 -4.00000 50.60000
v 66.68400 -4.00000 51.70000
v 65.73130 14.00000 52.25000
v 64.77870 14.00000 51.70000
v 64.77870 14.00000 50.60000
v 65.73130 14.00000 50.05000
v 66.68400 14.00000 50.60000
v 66.68400 14.00000 51.70000
v 67.63660 -4.00000 52.25000
v 66.68400 -4.00000 51.70000
v 66.68400 -4.00000 50.60000
v 67.63660 -4.00000 50.05000
v 68.58920 -4.00000 50.60000
v 68.58920 -4.00000 51.70000
v 67.63660 14.00000 52.25000
v 66.68400 14.00000 51.70000
v 66.68400 14.00000 50.60000
v 67.63660 14.00000 50.05000
v 68.58920 14.00000 50.60000
v 68.58920 14.00000 51.70000
v 69.54180 -4.00000 52.25000
v 68.58920 -4.00000 51.70000
v 68.58920 -4.00000 50.60000
v 69.54180 -4.00000 50.05000
v 70.49450 -4.00000 50.60000
v 70.49450 -4.00000 51.70000
v 69.54180 14.00000 52.25000
v 68.58920 14.00000 51.70000
v 68.58920 14.00000 50.60000
v 69.54180 14.00000 50.05000
v 70.49450 14.00000 50.60000
v 70.49450 14.00000 51.70000
v 59.06290 -4.00000 53.90000
v 58.11030 -4.00000 53.35000
v 58.11030 -4.00000 52.25000
v 59.06290 -4.00000 51.70000
v 60.01560 -4.00000 52.25000
v 60.01560 -4.00000 53.35000
v 59.06290 14.00000 53.90000
v 58.11030 14.00000 53.35000
v 58.11030 14.00000 52.25000
v 59.06290 14.00000 51.70000
v 60.01560 14.00000 52.25000
v 60.01560 14.00000 53.35000
v 60.96820 -4.00000 53.90000
v 60.01560 -4.00000 53.35000
v 60.01560 -4.00000 52.25000
v 60.96820 -4.00000 51.70000
v 61.92080 -4.00000 52.25000
v 61.92080 -4.00000 53.35000
v 60.96820 14.00000 53.90000
v 60.01560 14.00000 53.35000
v 60.01560 14.00000 52.25000
v 60.96820 14.00000 51.70000
v 61.92080 14.00000 52.25000
v 61.92080 14.00000 53.35000
v 62.87340 -4.00000 53.90000
v 61.92080 -4.00000 53.35000
v 61.92080 -4.00000 52.25000
v 62.87340 -4.00000 51.70000
v 63.82610 -4.00000 52.25000
v 63.82610 -4.00000 53.35000
v 62.87340 14.00000 53.90000
v 61.92080 14.00000 53.35000
v 61.92080 14.00000 52.25000
v 62.87340 14.00000 51.70000
v 63.82610 14.00000 52.25000
v 63.82610 14.00000 53.35000
v 64.77870 -4.00000 53.90000
v 63.82610 -4.00000 53.35000
v 63.82610 -4.00000 52.25000
v 64.77870 -4.00000 51.70000
v 65.73130 -4.00000 52.25000
v 65.73130 -4.00000 53.35000
v 64.77870 14.00000 53.90000
v 63.82610 14.00000 53.35000
v 63.82610 14.00000 52.25000
v 64.77870 14.00000 51.70000
v 65.73130 14.00000 52.25000
v 65.73130 14.00000 53.35000
v 66.68400 -4.00000 53.90000
v 65.73130 -4.00000 53.35000
v 65.73130 -4.00000 52.25000
v 66.68400 -4.00000 51.70000
v 67.63660 -4.00000 52.25000
v 67.63660 -4.00000 53.35000
v 66.68400 14.00000 53.90000
v 65.73130 14.00000 53.35000
v 65.73130 14.00000 52.25000
v 66.68400 14.00000 51.70000
v 67.63660 14.00000 52.25000
v 67.63660 14.00000 53.35000
v 68.58920 -4.00000 53.90000
v 67.63660 -4.00000 53.35000
v 67.63660 -4.00000 52.25000
v 68.58920 -4.00000 51.70000
v 69.54180 -4.00000 52.25000
v 69.54180 -4.00000 53.35000
v 68.58920 14.00000 53.90000
v 67.63660 14.00000 53.35000
v 67.63660 14.00000 52.25000
v 68.58920 14.00000 51.70000
v 69.54180 14.00000 52.25000
v 69.54180 14.00000 53.35000
v 58.11030 -4.00000 55.55000
v 57.15770 -4.00000 55.00000
v 57.15770 -4.00000 53.90000
v 58.11030 -4.00000 53.35000
v 59.06290 -4.00000 53.90000
v 59.06290 -4.00000 55.00000
v 58.11030 14.00000 55.55000
v 57.15770 14.00000 55.00000
v 57.15770 14.00000 53.90000
v 58.11030 14.00000 53.35000
v 59.06290 14.00000 53.90000
v 59.06290 14.00000 55.00000
v 60.01560 -4.00000 55.55000
v 59.06290 -4.00000 55.00000
v 59.06290 -4.00000 53.90000
v 60.01560 -4.00000 53.35000
v 60.96820 -4.00000 53.90000
v 60.96820 -4.00000 55.00000
v 60.01560 14.00000 55.55000
v 59.06290 14.00000 55.00000
v 59.06290 14.00000 53.90000
v 60.01560 14.00000 53.35000
v 60.96820 14.00000 53.90000
v 60.96820 14.00000 55.00000
v 61.92080 -4.00000 55.55000
v 60.96820 -4.00000 55.00000
v 60.96820 -4.00000 53.90000
v 61.92080 -4.00000 53.35000
v 62.87340 -4.00000 53.90000
v 62.87340 -4.00000 55.00000
v 61.92080 14.00000 55.55000
v 60.96820 14.00000 55.00000
v 60.96820 14.00000 53.90000
v 61.92080 14.00000 53.35000
v 62.87340 14.00000 53.90000
v 62.87340 14.00000 55.00000
v 63.82610 -4.00000 55.55000
v 62.87340 -4.00000 55.00000
v 62.87340 -4.00000 53.90000
v 63.82610 -4.00000 53.35000
v 64.77870 -4.00000 53.90000
v 64.77870 -4.00000 55.00000
v 63.82610 14.00000 55.55000
v 62.87340 14.00000 55.00000
v 62.87340 14.00000 53.90000
v 63.82610 14.00000 53.35000
v 64.77870 14.00000 53.90000
v 64.77870 14.00000 55.00000
v 65.73130 -4.00000 55.55000
v 64.77870 -4.00000 55.00000
v 64.77870 -4.00000 53.90000
v 65.73130 -4.00000 53.35000
v 66.68400 -4.00000 53.90000
v 66.68400 -4.00000 55.00000
v 65.73130 14.00000 55.55000
v 64.77870 14.00000 55.00000
v 64.77870 14.00000 53.90000
v 65.73130 14.00000 53.35000
v 66.68400 14.00000 53.90000
v 66.68400 14.00000 55.00000
v 67.63660 -4.00000 55.55000
v 66.68400 -4.00000 55.00000
v 66.68400 -4.00000 53.90000
v 67.63660 -4.00000 53.35000
v 68.58920 -4.00000 53.90000
v 68.58920 -4.00000 55.00000
v 67.63660 14.00000 55.55000
v 66.68400 14.00000 55.00000
v 66.68400 14.00000 53.90000
v 67.63660 14.00000 53.35000
v 68.58920 14.00000 53.90000
v 68.58920 14.00000 55.00000
v 57.15770 -4.00000 57.20000
v 56.20500 -4.00000 56.65000
v 56.20500 -4.00000 55.55000
v 57.15770 -4.00000 55.00000
v 58.11030 -4.00000 55.55000
v 58.11030 -4.00000 56.65000
v 57.15770 14.00000 57.20000
v 56.20500 14.00000 56.65000
v 56.20500 14.00000 55.55000
v 57.15770 14.00000 55.00000
v 58.11030 14.00000 55.55000
v 58.11030 14.00000 56.65000
v 59.06290 -4.00000 57.20000
v 58.11030 -4.00000 56.65000
v 58.11030 -4.00000 55.55000
v 59.06290 -4.00000 55.00000
v 60.01560 -4.00000 55.55000
v 60.01560 -4.00000 56.65000
v 59.06290 14.00000 57.20000
v 58.11030 14.00000 56.65000
v 58.11030 14.00000 55.55000
v 59.06290 14.00000 55.00000
v 60.01560 14.00000 55.55000
v 60.01560 14.00000 56.65000
v 60.96820 -4.00000 57.20000
v 60.01560 -4.00000 56.65000
v 60.01560 -4.00000 55.55000
v 60.96820 -4.00000 55.00000
v 61.92080 -4.00000 55.55000
v 61.92080 -4.00000 56.65000
v 60.96820 14.00000 57.20000
v 60.01560 14.00000 56.65000
v 60.01560 14.00000 55.55000
v 60.96820 14.00000 55.00000
v 61.92080 14.00000 55.55000
v 61.92080 14.00000 56.65000
v 62.87340 -4.00000 57.20000
v 61.92080 -4.00000 56.65000
v 61.92080 -4.00000 55.55000
v 62.87340 -4.00000 55.00000
v 63.82610 -4.00000 55.55000
v 63.82610 -4.00000 56.65000
v 62.87340 14.00000 57.20000
v 61.92080 14.00000 56.65000
v 61.92080 14.00000 55.55000
v 62.87340 14.00000 55.00000
v 63.82610 14.00000 55.55000
v 63.82610 14.00000 56.65000
v 64.77870 -4.00000 57.20000
v 63.82610 -4.00000 56.65000
v 63.82610 -4.00000 55.55000
v 64.77870 -4.00000 55.00000
v 65.73130 -4.00000 55.55000
v 65.73130 -4.00000 56.65000
v 64.77870 14.00000 57.20000
v 63.82610 14.00000 56.65000
v 63.82610 14.00000 55.55000
v 64.77870 14.00000 55.00000
v 65.73130 14.00000 55.55000
v 65.73130 14.00000 56.65000
v 58.11030 -4.00000 58.85000
v 57.15770 -4.00000 58.30000
v 57.15770 -4.00000 57.20000
v 58.11030 -4.00000 56.65000
v 59.06290 -4.00000 57.20000
v 59.06290 -4.00000 58.30000
v 58.11030 14.00000 58.85000
v 57.15770 14.00000 58.30000
v 57.15770 14.00000 57.20000
v 58.11030 14.00000 56.65000
v 59.06290 14.00000 57.20000
v 59.06290 14.00000 58.30000
v 60.01560 -4.00000 58.85000
v 59.06290 -4.00000 58.30000
v 59.06290 -4.00000 57.20000
v 60.01560 -4.00000 56.65000
v 60.96820 -4.00000 57.20000
v 60.96820 -4.00000 58.30000
v 60.01560 14.00000 58.85000
v 59.06290 14.00000 58.30000
v 59.06290 14.00000 57.20000
v 60.01560 14.00000 56.65000
v 60.96820 14.00000 57.20000
v 60.96820 14.00000 58.30000
v 61.92080 -4.00000 58.85000
v 60.96820 -4.00000 58.30000
v 60.96820 -4.00000 57.20000
v 61.92080 -4.00000 56.65000
v 62.87340 -4.00000 57.20000
v 62.87340 -4.00000 58.30000
v 61.92080 14.00000 58.85000
v 60.96820 14.00000 58.30000
v 60.96820 14.00000 57.20000
v 61.92080 14.00000 56.65000
v 62.87340 14.00000 57.20000
v 62.87340 14.00000 58.30000
v 63.82610 -4.00000 58.85000
v 62.87340 -4.00000 58.30000
v 62.87340 -4.00000 57.20000
v 63.82610 -4.00000 56.65000
v 64.77870 -4.00000 57.20000
v 64.77870 -4.00000 58.30000
v 63.82610 14.00000 58.85000
v 62.87340 14.00000 58.30000
v 62.87340 14.00000 57.20000
v 63.82610 14.00000 56.65000
v 64.77870 14.00000 57.20000
v 64.77870 14.00000 58.30000
v 60.96820 -4.00000 60.50000
v 60.01560 -4.00000 59.95000
v 60.01560 -4.00000 58.85000
v 60.96820 -4.00000 58.30000
v 61.92080 -4.00000 58.85000
v 61.92080 -4.00000 59.95000
v 60.96820 14.00000 60.50000
v 60.01560 14.00000 59.95000
v 60.01560 14.00000 58.85000
v 60.96820 14.00000 58.30000
v 61.92080 14.00000 58.85000
v 61.92080 14.00000 59.95000
v 62.87340 -4.00000 60.50000
v 61.92080 -4.00000 59.95000
v 61.92080 -4.00000 58.85000
v 62.87340 -4.00000 58.30000
v 63.82610 -4.00000 58.85000
v 63.82610 -4.00000 59.95000
v 62.87340 14.00000 60.50000
v 61.92080 14.00000 59.95000
v 61.92080 14.00000 58.85000
v 62.87340 14.00000 58.30000
v 63.82610 14.00000 58.85000
v 63.82610 14.00000 59.95000
v 61.92080 -4.00000 62.15000
v 60.96820 -4.00000 61.60000
v 60.96820 -4.00000 60.50000
v 61.92080 -4.00000 59.95000
v 62.87340 -4.00000 60.50000
v 62.87340 -4.00000 61.60000
v 61.92080 14.00000 62.15000
v 60.96820 14.00000 61.60000
v 60.96820 14.00000 60.50000
v 61.92080 14.00000 59.95000
v 62.87340 14.00000 60.50000
v 62.87340 14.00000 61.60000
v 54.29980 -4.00000 58.85000
v 53.34720 -4.00000 58.30000
v 53.34720 -4.00000 57.20000
v 54.29980 -4.00000 56.65000
v 55.25240 -4.00000 57.20000
v 55.25240 -4.00000 58.30000
v 54.29980 14.00000 58.85000
v 53.34720 14.00000 58.30000
v 53.34720 14.00000 57.20000
v 54.29980 14.00000 56.65000
v 55.25240 14.00000 57.20000
v 55.25240 14.00000 58.30000
v 56.20500 -4.00000 58.85000
v 55.25240 -4.00000 58.30000
v 55.25240 -4.00000 57.20000
v 56.20500 -4.00000 56.65000
v 57.15770 -4.00000 57.20000
v 57.15770 -4.00000 58.30000
v 56.20500 14.00000 58.85000
v 55.25240 14.00000 58.30000
v 55.25240 14.00000 57.20000
v 56.20500 14.00000 56.65000
v 57.15770 14.00000 57.20000
v 57.15770 14.00000 58.30000
v 53.34720 -4.00000 60.50000
v 52.39450 -4.00000 59.95000
v 52.39450 -4.00000 58.85000
v 53.34720 -4.00000 58.30000
v 54.29980 -4.00000 58.85000
v 54.29980 -4.00000 59.95000
v 53.34720 14.00000 60.50000
v 52.39450 14.00000 59.95000
v 52.39450 14.00000 58.85000
v 53.34720 14.00000 58.30000
v 54.29980 14.00000 58.85000
v 54.29980 14.00000 59.95000
v 55.25240 -4.00000 60.50000
v 54.29980 -4.00000 59.95000
v 54.29980 -4.00000 58.85000
v 55.25240 -4.00000 58.30000
v 56.20500 -4.00000 58.85000
v 56.20500 -4.00000 59.95000
v 55.25240 14.00000 60.50000
v 54.29980 14.00000 59.95000
v 54.29980 14.00000 58.85000
v 55.25240 14.00000 58.30000
v 56.20500 14.00000 58.85000
v 56.20500 14.00000 59.95000
v 57.15770 -4.00000 60.50000
v 56.20500 -4.00000 59.95000
v 56.20500 -4.00000 58.85000
v 57.15770 -4.00000 58.30000
v 58.11030 -4.00000 58.85000
v 58.11030 -4.00000 59.95000
v 57.15770 14.00000 60.50000
v 56.20500 14.00000 59.95000
v 56.20500 14.00000 58.85000
v 57.15770 14.00000 58.30000
v 58.11030 14.00000 58.85000
v 58.11030 14.00000 59.95000
v 59.06290 -4.00000 60.50000
v 58.11030 -4.00000 59.95000
v 58.11030 -4.00000 58.85000
v 59.06290 -4.00000 58.30000
v 60.01560 -4.00000 58.85000
v 60.01560 -4.00000 59.95000
v 59.06290 14.00000 60.50000
v 58.11030 14.00000 59.95000
v 58.11030 14.00000 58.85000
v 59.06290 14.00000 58.30000
v 60.01560 14.00000 58.85000
v 60.01560 14.00000 59.95000
v 50.48930 -4.00000 62.15000
v 49.53670 -4.00000 61.60000
v 49.53670 -4.00000 60.50000
v 50.48930 -4.00000 59.95000
v 51.44190 -4.00000 60.50000
v 51.44190 -4.00000 61.60000
v 50.48930 14.00000 62.15000
v 49.53670 14.00000 61.60000
v 49.53670 14.00000 60.50000
v 50.48930 14.00000 59.95000
v 51.44190 14.00000 60.50000
v 51.44190 14.00000 61.60000
v 52.39450 -4.00000 62.15000
v 51.44190 -4.00000 61.60000
v 51.44190 -4.00000 60.50000
v 52.39450 -4.00000 59.95000
v 53.34720 -4.00000 60.50000
v 53.34720 -4.00000 61.60000
v 52.39450 14.00000 62.15000
v 51.44190 14.00000 61.60000
v 51.44190 14.00000 60.50000
v 52.39450 14.00000 59.95000
v 53.34720 14.00000 60.50000
v 53.34720 14.00000 61.60000
v 54.29980 -4.00000 62.15000
v 53.34720 -4.00000 61.60000
v 53.34720 -4.00000 60.50000
v 54.29980 -4.00000 59.95000
v 55.25240 -4.00000 60.50000
v 55.25240 -4.00000 61.60000
v 54.29980 14.00000 62.15000
v 53.34720 14.00000 61.60000
v 53.34720 14.00000 60.50000
v 54.29980 14.00000 59.95000
v 55.25240 14.00000 60.50000
v 55.25240 14.00000 61.60000
v 56.20500 -4.00000 62.15000
v 55.25240 -4.00000 61.60000
v 55.25240 -4.00000 60.50000
v 56.20500 -4.00000 59.95000
v 57.15770 -4.00000 60.50000
v 57.15770 -4.00000 61.60000
v 56.20500 14.00000 62.15000
v 55.25240 14.00000 61.60000
v 55.25240 14.00000 60.50000
v 56.20500 14.00000 59.95000
v 57.15770 14.00000 60.50000
v 57.15770 14.00000 61.60000
v 58.11030 -4.00000 62.15000
v 57.15770 -4.00000 61.60000
v 57.15770 -4.00000 60.50000
v 58.11030 -4.00000 59.95000
v 59.06290 -4.00000 60.50000
v 59.06290 -4.00000 61.60000
v 58.11030 14.00000 62.15000
v 57.15770 14.00000 61.60000
v 57.15770 14.00000 60.50000
v 58.11030 14.00000 59.95000
v 59.06290 14.00000 60.50000
v 59.06290 14.00000 61.60000
v 60.01560 -4.00000 62.15000
v 59.06290 -4.00000 61.60000
v 59.06290 -4.00000 60.50000
v 60.01560 -4.00000 59.95000
v 60.96820 -4.00000 60.50000
v 60.96820 -4.00000 61.60000
v 60.01560 14.00000 62.15000
v 59.06290 14.00000 61.60000
v 59.06290 14.00000 60.50000
v 60.01560 14.00000 59.95000
v 60.96820 14.00000 60.50000
v 60.96820 14.00000 61.60000
v 49.53670 -4.00000 63.80000
v 48.58400 -4.00000 63.25000
v 48.58400 -4.00000 62.15000
v 49.53670 -4.00000 61.60000
v 50.48930 -4.00000 62.15000
v 50.48930 -4.00000 63.25000
v 49.53670 14.00000 63.80000
v 48.58400 14.00000 63.25000
v 48.58400 14.00000 62.15000
v 49.53670 14.00000 61.60000
v 50.48930 14.00000 62.15000
v 50.48930 14.00000 63.25000
v 51.44190 -4.00000 63.80000
v 50.48930 -4.00000 63.25000
v 50.48930 -4.00000 62.15000
v 51.44190 -4.00000 61.60000
v 52.39450 -4.00000 62.15000
v 52.39450 -4.00000 63.25000
v 51.44190 14.00000 63.80000
v 50.48930 14.00000 63.25000
v 50.48930 14.00000 62.15000
v 51.44190 14.00000 61.60000
v 52.39450 14.00000 62.15000
v 52.39450 14.00000 63.25000
v 53.34720 -4.00000 63.80000
v 52.39450 -4.00000 63.25000
v 52.39450 -4.00000 62.15000
v 53.34720 -4.00000 61.60000
v 54.29980 -4.00000 62.15000
v 54.29980 -4.00000 63.25000
v 53.34720 14.00000 63.80000
v 52.39450 14.00000 63.25000
v 52.39450 14.00000 62.15000
v 53.34720 14.00000 61.60000
v 54.29980 14.00000 62.15000
v 54.29980 14.00000 63.25000
v 55.25240 -4.00000 63.80000
v 54.29980 -4.00000 63.25000
v 54.29980 -4.00000 62.15000
v 55.25240 -4.00000 61.60000
v 56.20500 -4.00000 62.15000
v 56.20500 -4.00000 63.25000
v 55.25240 14.00000 63.80000
v 54.29980 14.00000 63.25000
v 54.29980 14.00000 62.15000
v 55.25240 14.00000 61.60000
v 56.20500 14.00000 62.15000
v 56.20500 14.00000 63.25000
v 57.15770 -4.00000 63.80000
v 56.20500 -4.00000 63.25000
v 56.20500 -4.00000 62.15000
v 57.15770 -4.00000 61.60000
v 58.11030 -4.00000 62.15000
v 58.11030 -4.00000 63.25000
v 57.15770 14.00000 63.80000
v 56.20500 14.00000 63.25000
v 56.20500 14.00000 62.15000
v 57.15770 14.00000 61.60000
v 58.11030 14.00000 62.15000
v 58.11030 14.00000 63.25000
v 59.06290 -4.00000 63.80000
v 58.11030 -4.00000 63.25000
v 58.11030 -4.00000 62.15000
v 59.06290 -4.00000 61.60000
v 60.01560 -4.00000 62.15000
v 60.01560 -4.00000 63.25000
v 59.06290 14.00000 63.80000
v 58.11030 14.00000 63.25000
v 58.11030 14.00000 62.15000
v 59.06290 14.00000 61.60000
v 60.01560 14.00000 62.15000
v 60.01560 14.00000 63.25000
v 46.67880 -4.00000 65.45000
v 45.72610 -4.00000 64.90000
v 45.72610 -4.00000 63.80000
v 46.67880 -4.00000 63.25000
v 47.63140 -4.00000 63.80000
v 47.63140 -4.00000 64.90000
v 46.67880 14.00000 65.45000
v 45.72610 14.00000 64.90000
v 45.72610 14.00000 63.80000
v 46.67880 14.00000 63.25000
v 47.63140 14.00000 63.80000
v 47.63140 14.00000 64.90000
v 48.58400 -4.00000 65.45000
v 47.63140 -4.00000 64.90000
v 47.63140 -4.00000 63.80000
v 48.58400 -4.00000 63.25000
v 49.53670 -4.00000 63.80000
v 49.53670 -4.00000 64.90000
v 48.58400 14.00000 65.45000
v 47.63140 14.00000 64.90000
v 47.63140 14.00000 63.80000
v 48.58400 14.00000 63.25000
v 49.53670 14.00000 63.80000
v 49.53670 14.00000 64.90000
v 50.48930 -4.00000 65.45000
v 49.53670 -4.00000 64.90000
v 49.53670 -4.00000 63.80000
v 50.48930 -4.00000 63.25000
v 51.44190 -4.00000 63.80000
v 51.44190 -4.00000 64.90000
v 50.48930 14.00000 65.45000
v 49.53670 14.00000 64.90000
v 49.53670 14.00000 63.80000
v 50.48930 14.00000 63.25000
v 51.44190 14.00000 63.80000
v 51.44190 14.00000 64.90000
v 52.39450 -4.00000 65.45000
v 51.44190 -4.00000 64.90000
v 51.44190 -4.00000 63.80000
v 52.39450 -4.00000 63.25000
v 53.34720 -4.00000 63.80000
v 53.34720 -4.00000 64.90000
v 52.39450 14.00000 65.45000
v 51.44190 14.00000 64.90000
v 51.44190 14.00000 63.80000
v 52.39450 14.00000 63.25000
v 53.34720 14.00000 63.80000
v 53.34720 14.00000 64.90000
v 54.29980 -4.00000 65.45000
v 53.34720 -4.00000 64.90000
v 53.34720 -4.00000 63.80000
v 54.29980 -4.00000 63.25000
v 55.25240 -4.00000 63.80000
v 55.25240 -4.00000 64.90000
v 54.29980 14.00000 65.45000
v 53.34720 14.00000 64.90000
v 53.34720 14.00000 63.80000
v 54.29980 14.00000 63.25000
v 55.25240 14.00000 63.80000
v 55.25240 14.00000 64.90000
v 56.20500 -4.00000 65.45000
v 55.25240 -4.00000 64.90000
v 55.25240 -4.00000 63.80000
v 56.20500 -4.00000 63.25000
v 57.15770 -4.00000 63.80000
v 57.15770 -4.00000 64.90000
v 56.20500 14.00000 65.45000
v 55.25240 14.00000 64.90000
v 55.25240 14.00000 63.80000
v 56.20500 14.00000 63.25000
v 57.15770 14.00000 63.80000
v 57.15770 14.00000 64.90000
v 58.11030 -4.00000 65.45000
v 57.15770 -4.00000 64.90000
v 57.15770 -4.00000 63.80000
v 58.11030 -4.00000 63.25000
v 59.06290 -4.00000 63.80000
v 59.06290 -4.00000 64.90000
v 58.11030 14.00000 65.45000
v 57.15770 14.00000 64.90000
v 57.15770 14.00000 63.80000
v 58.11030 14.00000 63.25000
v 59.06290 14.00000 63.80000
v 59.06290 14.00000 64.90000
v 43.82090 -4.00000 67.10000
v 42.86830 -4.00000 66.55000
v 42.86830 -4.00000 65.45000
v 43.82090 -4.00000 64.90000
v 44.77350 -4.00000 65.45000
v 44.77350 -4.00000 66.55000
v 43.82090 14.00000 67.10000
v 42.86830 14.00000 66.55000
v 42.86830 14.00000 65.45000
v 43.82090 14.00000 64.90000
v 44.77350 14.00000 65.45000
v 44.77350 14.00000 66.55000
v 45.72610 -4.00000 67.10000
v 44.77350 -4.00000 66.55000
v 44.77350 -4.00000 65.45000
v 45.72610 -4.00000 64.90000
v 46.67880 -4.00000 65.45000
v 46.67880 -4.00000 66.55000
v 45.72610 14.00000 67.10000
v 44.77350 14.00000 66.55000
v 44.77350 14.00000 65.45000
v 45.72610 14.00000 64.90000
v 46.67880 14.00000 65.45000
v 46.67880 14.00000 66.55000
v 47.63140 -4.00000 67.10000
v 46.67880 -4.00000 66.55000
v 46.67880 -4.00000 65.45000
v 47.63140 -4.00000 64.90000
v 48.58400 -4.00000 65.45000
v 48.58400 -4.00000 66.55000
v 47.63140 14.00000 67.10000
v 46.67880 14.00000 66.55000
v 46.67880 14.00000 65.45000
v 47.63140 14.00000 64.90000
v 48.58400 14.00000 65.45000
v 48.58400 14.00000 66.55000
v 49.53670 -4.00000 67.10000
v 48.58400 -4.00000 66.55000
v 48.58400 -4.00000 65.45000
v 49.53670 -4.00000 64.90000
v 50.48930 -4.00000 65.45000
v 50.48930 -4.00000 66.55000
v 49.53670 14.00000 67.10000
v 48.58400 14.00000 66.55000
v 48.58400 14.00000 65.45000
v 49.53670 14.00000 64.90000
v 50.48930 14.00000 65.45000
v 50.48930 14.00000 66.55000
v 51.44190 -4.00000 67.10000
v 50.48930 -4.00000 66.55000
v 50.48930 -4.00000 65.45000
v 51.44190 -4.00000 64.90000
v 52.39450 -4.00000 65.45000
v 52.39450 -4.00000 66.55000
v 51.44190 14.00000 67.10000
v 50.48930 14.00000 66.55000
v 50.48930 14.00000 65.45000
v 51.44190 14.00000 64.90000
v 52.39450 14.00000 65.45000
v 52.39450 14.00000 66.55000
v 53.34720 -4.00000 67.10000
v 52.39450 -4.00000 66.55000
v 52.39450 -4.00000 65.45000
v 53.34720 -4.00000 64.90000
v 54.29980 -4.00000 65.45000
v 54.29980 -4.00000 66.55000
v 53.34720 14.00000 67.10000
v 52.39450 14.00000 66.55000
v 52.39450 14.00000 65.45000
v 53.34720 14.00000 64.90000
v 54.29980 14.00000 65.45000
v 54.29980 14.00000 66.55000
v 55.25240 -4.00000 67.10000
v 54.29980 -4.00000 66.55000
v 54.29980 -4.00000 65.45000
v 55.25240 -4.00000 64.90000
v 56.20500 -4.00000 65.45000
v 56.20500 -4.00000 66.55000
v 55.25240 14.00000 67.10000
v 54.29980 14.00000 66.55000
v 54.29980 14.00000 65.45000
v 55.25240 14.00000 64.90000
v 56.20500 14.00000 65.45000
v 56.20500 14.00000 66.55000
v 40.96300 -4.00000 68.75000
v 40.01040 -4.00000 68.20000
v 40.01040 -4.00000 67.10000
v 40.96300 -4.00000 66.55000
v 41.91560 -4.00000 67.10000
v 41.91560 -4.00000 68.20000
v 40.96300 14.00000 68.75000
v 40.01040 14.00000 68.20000
v 40.01040 14.00000 67.10000
v 40.96300 14.00000 66.55000
v 41.91560 14.00000 67.10000
v 41.91560 14.00000 68.20000
v 42.86830 -4.00000 68.75000
v 41.91560 -4.00000 68.20000
v 41.91560 -4.00000 67.10000
v 42.86830 -4.00000 66.55000
v 43.82090 -4.00000 67.10000
v 43.82090 -4.00000 68.20000
v 42.86830 14.00000 68.75000
v 41.91560 14.00000 68.20000
v 41.91560 14.00000 67.10000
v 42.86830 14.00000 66.55000
v 43.82090 14.00000 67.10000
v 43.82090 14.00000 68.20000
v 44.77350 -4.00000 68.75000
v 43.82090 -4.00000 68.20000
v 43.82090 -4.00000 67.10000
v 44.77350 -4.00000 66.55000
v 45.72610 -4.00000 67.10000
v 45.72610 -4.00000 68.20000
v 44.77350 14.00000 68.75000
v 43.82090 14.00000 68.20000
v 43.82090 14.00000 67.10000
v 44.77350 14.00000 66.55000
v 45.72610 14.00000 67.10000
v 45.72610 14.00000 68.20000
v 46.67880 -4.00000 68.75000
v 45.72610 -4.00000 68.20000
v 45.72610 -4.00000 67.10000
v 46.67880 -4.00000 66.55000
v 47.63140 -4.00000 67.10000
v 47.63140 -4.00000 68.20000
v 46.67880 14.00000 68.75000
v 45.72610 14.00000 68.20000
v 45.72610 14.00000 67.10000
v 46.67880 14.00000 66.55000
v 47.63140 14.00000 67.10000
v 47.63140 14.00000 68.20000
v 48.58400 -4.00000 68.75000
v 47.63140 -4.00000 68.20000
v 47.63140 -4.00000 67.10000
v 48.58400 -4.00000 66.55000
v 49.53670 -4.00000 67.10000
v 49.53670 -4.00000 68.20000
v 48.58400 14.00000 68.75000
v 47.63140 14.00000 68.20000
v 47.63140 14.00000 67.10000
v 48.58400 14.00000 66.55000
v 49.53670 14.00000 67.10000
v 49.53670 14.00000 68.20000
v 50.48930 -4.00000 68.75000
v 49.53670 -4.00000 68.20000
v 49.53670 -4.00000 67.10000
v 50.48930 -4.00000 66.55000
v 51.44190 -4.00000 67.10000
v 51.44190 -4.00000 68.20000
v 50.48930 14.00000 68.75000
v 49.53670 14.00000 68.20000
v 49.53670 14.00000 67.10000
v 50.48930 14.00000 66.55000
v 51.44190 14.00000 67.10000
v 51.44190 14.00000 68.20000
v 52.39450 -4.00000 68.75000
v 51.44190 -4.00000 68.20000
v 51.44190 -4.00000 67.10000
v 52.39450 -4.00000 66.55000
v 53.34720 -4.00000 67.10000
v 53.34720 -4.00000 68.20000
v 52.39450 14.00000 68.75000
v 51.44190 14.00000 68.20000
v 51.44190 14.00000 67.10000
v 52.39450 14.00000 66.55000
v 53.34720 14.00000 67.10000
v 53.34720 14.00000 68.20000
v 54.29980 -4.00000 68.75000
v 53.34720 -4.00000 68.20000
v 53.34720 -4.00000 67.10000
v 54.29980 -4.00000 66.55000
v 55.25240 -4.00000 67.10000
v 55.25240 -4.00000 68.20000
v 54.29980 14.00000 68.75000
v 53.34720 14.00000 68.20000
v 53.34720 14.00000 67.10000
v 54.29980 14.00000 66.55000
v 55.25240 14.00000 67.10000
v 55.25240 14.00000 68.20000
v 38.10510 -4.00000 70.40000
v 37.15250 -4.00000 69.85000
v 37.15250 -4.00000 68.75000
v 38.10510 -4.00000 68.20000
v 39.05770 -4.00000 68.75000
v 39.05770 -4.00000 69.85000
v 38.10510 14.00000 70.40000
v 37.15250 14.00000 69.85000
v 37.15250 14.00000 68.75000
v 38.10510 14.00000 68.20000
v 39.05770 14.00000 68.75000
v 39.05770 14.00000 69.85000
v 40.01040 -4.00000 70.40000
v 39.05770 -4.00000 69.85000
v 39.05770 -4.00000 68.75000
v 40.01040 -4.00000 68.20000
v 40.96300 -4.00000 68.75000
v 40.96300 -4.00000 69.85000
v 40.01040 14.00000 70.40000
v 39.05770 14.00000 69.85000
v 39.05770 14.00000 68.75000
v 40.01040 14.00000 68.20000
v 40.96300 14.00000 68.75000
v 40.96300 14.00000 69.85000
v 41.91560 -4.00000 70.40000
v 40.96300 -4.00000 69.85000
v 40.96300 -4.00000 68.75000
v 41.91560 -4.00000 68.20000
v 42.86830 -4.00000 68.75000
v 42.86830 -4.00000 69.85000
v 41.91560 14.00000 70.40000
v 40.96300 14.00000 69.85000
v 40.96300 14.00000 68.75000
v 41.91560 14.00000 68.20000
v 42.86830 14.00000 68.75000
v 42.86830 14.00000 69.85000
v 43.82090 -4.00000 70.40000
v 42.86830 -4.00000 69.85000
v 42.86830 -4.00000 68.75000
v 43.82090 -4.00000 68.20000
v 44.77350 -4.00000 68.75000
v 44.77350 -4.00000 69.85000
v 43.82090 14.00000 70.40000
v 42.86830 14.00000 69.85000
v 42.86830 14.00000 68.75000
v 43.82090 14.00000 68.20000
v 44.77350 14.00000 68.75000
v 44.77350 14.00000 69.85000
v 45.72610 -4.00000 70.40000
v 44.77350 -4.00000 69.85000
v 44.77350 -4.00000 68.75000
v 45.72610 -4.00000 68.20000
v 46.67880 -4.00000 68.75000
v 46.67880 -4.00000 69.85000
v 45.72610 14.00000 70.40000
v 44.77350 14.00000 69.85000
v 44.77350 14.00000 68.75000
v 45.72610 14.00000 68.20000
v 46.67880 14.00000 68.75000
v 46.67880 14.00000 69.85000
v 47.63140 -4.00000 70.40000
v 46.67880 -4.00000 69.85000
v 46.67880 -4.00000 68.75000
v 47.63140 -4.00000 68.20000
v 48.58400 -4.00000 68.75000
v 48.58400 -4.00000 69.85000
v 47.63140 14.00000 70.40000
v 46.67880 14.00000 69.85000
v 46.67880 14.00000 68.75000
v 47.63140 14.00000 68.20000
v 48.58400 14.00000 68.75000
v 48.58400 14.00000 69.85000
v 49.53670 -4.00000 70.40000
v 48.58400 -4.00000 69.85000
v 48.58400 -4.00000 68.75000
v 49.53670 -4.00000 68.20000
v 50.48930 -4.00000 68.75000
v 50.48930 -4.00000 69.85000
v 49.53670 14.00000 70.40000
v 48.58400 14.00000 69.85000
v 48.58400 14.00000 68.75000
v 49.53670 14.00000 68.20000
v 50.48930 14.00000 68.75000
v 50.48930 14.00000 69.85000
v 51.44190 -4.00000 70.40000
v 50.48930 -4.00000 69.85000
v 50.48930 -4.00000 68.75000
v 51.44190 -4.00000 68.20000
v 52.39450 -4.00000 68.75000
v 52.39450 -4.00000 69.85000
v 51.44190 14.00000 70.40000
v 50.48930 14.00000 69.85000
v 50.48930 14.00000 68.75000
v 51.44190 14.00000 68.20000
v 52.39450 14.00000 68.75000
v 52.39450 14.00000 69.85000
v 35.24720 -4.00000 72.05000
v 34.29460 -4.00000 71.50000
v 34.29460 -4.00000 70.40000
v 35.24720 -4.00000 69.85000
v 36.19990 -4.00000 70.40000
v 36.19990 -4.00000 71.50000
v 35.24720 14.00000 72.05000
v 34.29460 14.00000 71.50000
v 34.29460 14.00000 70.40000
v 35.24720 14.00000 69.85000
v 36.19990 14.00000 70.40000
v 36.19990 14.00000 71.50000
v 37.15250 -4.00000 72.05000
v 36.19990 -4.00000 71.50000
v 36.19990 -4.00000 70.40000
v 37.15250 -4.00000 69.85000
v 38.10510 -4.00000 70.40000
v 38.10510 -4.00000 71.50000
v 37.15250 14.00000 72.05000
v 36.19990 14.00000 71.50000
v 36.19990 14.00000 70.40000
v 37.15250 14.00000 69.85000
v 38.10510 14.00000 70.40000
v 38.10510 14.00000 71.50000
v 39.05770 -4.00000 72.05000
v 38.10510 -4.00000 71.50000
v 38.10510 -4.00000 70.40000
v 39.05770 -4.00000 69.85000
v 40.01040 -4.00000 70.40000
v 40.01040 -4.00000 71.50000
v 39.05770 14.00000 72.05000
v 38.10510 14.00000 71.50000
v 38.10510 14.00000 70.40000
v 39.05770 14.00000 69.85000
v 40.01040 14.00000 70.40000
v 40.01040 14.00000 71.50000
v 40.96300 -4.00000 72.05000
v 40.01040 -4.00000 71.50000
v 40.01040 -4.00000 70.40000
v 40.96300 -4.00000 69.85000
v 41.91560 -4.00000 70.40000
v 41.91560 -4.00000 71.50000
v 40.96300 14.00000 72.05000
v 40.01040 14.00000 71.50000
v 40.01040 14.00000 70.40000
v 40.96300 14.00000 69.85000
v 41.91560 14.00000 70.40000
v 41.91560 14.00000 71.50000
v 42.86830 -4.00000 72.05000
v 41.91560 -4.00000 71.50000
v 41.91560 -4.00000 70.40000
v 42.86830 -4.00000 69.85000
v 43.82090 -4.00000 70.40000
v 43.82090 -4.00000 71.50000
v 42.86830 14.00000 72.05000
v 41.91560 14.00000 71.50000
v 41.91560 14.00000 70.40000
v 42.86830 14.00000 69.85000
v 43.82090 14.00000 70.40000
v 43.82090 14.00000 71.50000
v 44.77350 -4.00000 72.05000
v 43.82090 -4.00000 71.50000
v 43.82090 -4.00000 70.40000
v 44.77350 -4.00000 69.85000
v 45.72610 -4.00000 70.40000
v 45.72610 -4.00000 71.50000
v 44.77350 14.00000 72.05000
v 43.82090 14.00000 71.50000
v 43.82090 14.00000 70.40000
v 44.77350 14.00000 69.85000
v 45.72610 14.00000 70.40000
v 45.72610 14.00000 71.50000
v 46.67880 -4.00000 72.05000
v 45.72610 -4.00000 71.50000
v 45.72610 -4.00000 70.40000
v 46.67880 -4.00000 69.85000
v 47.63140 -4.00000 70.40000
v 47.63140 -4.00000 71.50000
v 46.67880 14.00000 72.05000
v 45.72610 14.00000 71.50000
v 45.72610 14.00000 70.40000
v 46.67880 14.00000 69.85000
v 47.63140 14.00000 70.40000
v 47.63140 14.00000 71.50000
v 48.58400 -4.00000 72.05000
v 47.63140 -4.00000 71.50000
v 47.63140 -4.00000 70.40000
v 48.58400 -4.00000 69.85000
v 49.53670 -4.00000 70.40000
v 49.53670 -4.00000 71.50000
v 48.58400 14.00000 72.05000
v 47.63140 14.00000 71.50000
v 47.63140 14.00000 70.40000
v 48.58400 14.00000 69.85000
v 49.53670 14.00000 70.40000
v 49.53670 14.00000 71.50000
v 32.38940 -4.00000 73.70000
v 31.43670 -4.00000 73.15000
v 31.43670 -4.00000 72.05000
v 32.38940 -4.00000 71.50000
v 33.34200 -4.00000 72.05000
v 33.34200 -4.00000 73.15000
v 32.38940 14.00000 73.70000
v 31.43670 14.00000 73.15000
v 31.43670 14.00000 72.05000
v 32.38940 14.00000 71.50000
v 33.34200 14.00000 72.05000
v 33.34200 14.00000 73.15000
v 34.29460 -4.00000 73.70000
v 33.34200 -4.00000 73.15000
v 33.34200 -4.00000 72.05000
v 34.29460 -4.00000 71.50000
v 35.24720 -4.00000 72.05000
v 35.24720 -4.00000 73.15000
v 34.29460 14.00000 73.70000
v 33.34200 14.00000 73.15000
v 33.34200 14.00000 72.05000
v 34.29460 14.00000 71.50000
v 35.24720 14.00000 72.05000
v 35.24720 14.00000 73.15000
v 36.19990 -4.00000 73.70000
v 35.24720 -4.00000 73.15000
v 35.24720 -4.00000 72.05000
v 36.19990 -4.00000 71.50000
v 37.15250 -4.00000 72.05000
v 37.15250 -4.00000 73.15000
v 36.19990 14.00000 73.70000
v 35.24720 14.00000 73.15000
v 35.24720 14.00000 72.05000
v 36.19990 14.00000 71.50000
v 37.15250 14.00000 72.05000
v 37.15250 14.00000 73.15000
v 38.10510 -4.00000 73.70000
v 37.15250 -4.00000 73.15000
v 37.15250 -4.00000 72.05000
v 38.10510 -4.00000 71.50000
v 39.05770 -4.00000 72.05000
v 39.05770 -4.00000 73.15000
v 38.10510 14.00000 73.70000
v 37.15250 14.00000 73.15000
v 37.15250 14.00000 72.05000
v 38.10510 14.00000 71.50000
v 39.05770 14.00000 72.05000
v 39.05770 14.00000 73.15000
v 40.01040 -4.00000 73.70000
v 39.05770 -4.00000 73.15000
v 39.05770 -4.00000 72.05000
v 40.01040 -4.00000 71.50000
v 40.96300 -4.00000 72.05000
v 40.96300 -4.00000 73.15000
v 40.01040 14.00000 73.70000
v 39.05770 14.00000 73.15000
v 39.05770 14.00000 72.05000
v 40.01040 14.00000 71.50000
v 40.96300 14.00000 72.05000
v 40.96300 14.00000 73.15000
v 41.91560 -4.00000 73.70000
v 40.96300 -4.00000 73.15000
v 40.96300 -4.00000 72.05000
v 41.91560 -4.00000 71.50000
v 42.86830 -4.00000 72.05000
v 42.86830 -4.00000 73.15000
v 41.91560 14.00000 73.70000
v 40.96300 14.00000 73.15000
v 40.96300 14.00000 72.05000
v 41.91560 14.00000 71.50000
v 42.86830 14.00000 72.05000
v 42.86830 14.00000 73.15000
v 43.82090 -4.00000 73.70000
v 42.86830 -4.00000 73.15000
v 42.86830 -4.00000 72.05000
v 43.82090 -4.00000 71.50000
v 44.77350 -4.00000 72.05000
v 44.77350 -4.00000 73.15000
v 43.82090 14.00000 73.70000
v 42.86830 14.00000 73.15000
v 42.86830 14.00000 72.05000
v 43.82090 14.00000 71.50000
v 44.77350 14.00000 72.05000
v 44.77350 14.00000 73.15000
v 45.72610 -4.00000 73.70000
v 44.77350 -4.00000 73.15000
v 44.77350 -4.00000 72.05000
v 45.72610 -4.00000 71.50000
v 46.67880 -4.00000 72.05000
v 46.67880 -4.00000 73.15000
v 45.72610 14.00000 73.70000
v 44.77350 14.00000 73.15000
v 44.77350 14.00000 72.05000
v 45.72610 14.00000 71.50000
v 46.67880 14.00000 72.05000
v 46.67880 14.00000 73.15000
v 47.63140 -4.00000 73.70000
v 46.67880 -4.00000 73.15000
v 46.67880 -4.00000 72.05000
v 47.63140 -4.00000 71.50000
v 48.58400 -4.00000 72.05000
v 48.58400 -4.00000 73.15000
v 47.63140 14.00000 73.70000
v 46.67880 14.00000 73.15000
v 46.67880 14.00000 72.05000
v 47.63140 14.00000 71.50000
v 48.58400 14.00000 72.05000
v 48.58400 14.00000 73.15000
v 27.62620 -4.00000 75.35000
v 26.67360 -4.00000 74.80000
v 26.67360 -4.00000 73.70000
v 27.62620 -4.00000 73.15000
v 28.57880 -4.00000 73.70000
v 28.57880 -4.00000 74.80000
v 27.62620 14.00000 75.35000
v 26.67360 14.00000 74.80000
v 26.67360 14.00000 73.70000
v 27.62620 14.00000 73.15000
v 28.57880 14.00000 73.70000
v 28.57880 14.00000 74.80000
v 29.53150 -4.00000 75.35000
v 28.57880 -4.00000 74.80000
v 28.57880 -4.00000 73.70000
v 29.53150 -4.00000 73.15000
v 30.48410 -4.00000 73.70000
v 30.48410 -4.00000 74.80000
v 29.53150 14.00000 75.35000
v 28.57880 14.00000 74.80000
v 28.57880 14.00000 73.70000
v 29.53150 14.00000 73.15000
v 30.48410 14.00000 73.70000
v 30.48410 14.00000 74.80000
v 31.43670 -4.00000 75.35000
v 30.48410 -4.00000 74.80000
v 30.48410 -4.00000 73.70000
v 31.43670 -4.00000 73.15000
v 32.38940 -4.00000 73.70000
v 32.38940 -4.00000 74.80000
v 31.43670 14.00000 75.35000
v 30.48410 14.00000 74.80000
v 30.48410 14.00000 73.70000
v 31.43670 14.00000 73.15000
v 32.38940 14.00000 73.70000
v 32.38940 14.00000 74.80000
v 33.34200 -4.00000 75.35000
v 32.38940 -4.00000 74.80000
v 32.38940 -4.00000 73.70000
v 33.34200 -4.00000 73.15000
v 34.29460 -4.00000 73.70000
v 34.29460 -4.00000 74.80000
v 33.34200 14.00000 75.35000
v 32.38940 14.00000 74.80000
v 32.38940 14.00000 73.70000
v 33.34200 14.00000 73.15000
v 34.29460 14.00000 73.70000
v 34.29460 14.00000 74.80000
v 35.24720 -4.00000 75.35000
v 34.29460 -4.00000 74.80000
v 34.29460 -4.00000 73.70000
v 35.24720 -4.00000 73.15000
v 36.19990 -4.00000 73.70000
v 36.19990 -4.00000 74.80000
v 35.24720 14.00000 75.35000
v 34.29460 14.00000 74.80000
v 34.29460 14.00000 73.70000
v 35.24720 14.00000 73.15000
v 36.19990 14.00000 73.70000
v 36.19990 14.00000 74.80000
v 37.15250 -4.00000 75.35000
v 36.19990 -4.00000 74.80000
v 36.19990 -4.00000 73.70000
v 37.15250 -4.00000 73.15000
v 38.10510 -4.00000 73.70000
v 38.10510 -4.00000 74.80000
v 37.15250 14.00000 75.35000
v 36.19990 14.00000 74.80000
v 36.19990 14.00000 73.70000
v 37.15250 14.00000 73.15000
v 38.10510 14.00000 73.70000
v 38.10510 14.00000 74.80000
v 39.05770 -4.00000 75.35000
v 38.10510 -4.00000 74.80000
v 38.10510 -4.00000 73.70000
v 39.05770 -4.00000 73.15000
v 40.01040 -4.00000 73.70000
v 40.01040 -4.00000 74.80000
v 39.05770 14.00000 75.35000
v 38.10510 14.00000 74.80000
v 38.10510 14.00000 73.70000
v 39.05770 14.00000 73.15000
v 40.01040 14.00000 73.70000
v 40.01040 14.00000 74.80000
v 40.96300 -4.00000 75.35000
v 40.01040 -4.00000 74.80000
v 40.01040 -4.00000 73.70000
v 40.96300 -4.00000 73.15000
v 41.91560 -4.00000 73.70000
v 41.91560 -4.00000 74.80000
v 40.96300 14.00000 75.35000
v 40.01040 14.00000 74.80000
v 40.01040 14.00000 73.70000
v 40.96300 14.00000 73.15000
v 41.91560 14.00000 73.70000
v 41.91560 14.00000 74.80000
v 42.86830 -4.00000 75.35000
v 41.91560 -4.00000 74.80000
v 41.91560 -4.00000 73.70000
v 42.86830 -4.00000 73.15000
v 43.82090 -4.00000 73.70000
v 43.82090 -4.00000 74.80000
v 42.86830 14.00000 75.35000
v 41.91560 14.00000 74.80000
v 41.91560 14.00000 73.70000
v 42.86830 14.00000 73.15000
v 43.82090 14.00000 73.70000
v 43.82090 14.00000 74.80000
v 44.77350 -4.00000 75.35000
v 43.82090 -4.00000 74.80000
v 43.82090 -4.00000 73.70000
v 44.77350 -4.00000 73.15000
v 45.72610 -4.00000 73.70000
v 45.72610 -4.00000 74.80000
v 44.77350 14.00000 75.35000
v 43.82090 14.00000 74.80000
v 43.82090 14.00000 73.70000
v 44.77350 14.00000 73.15000
v 45.72610 14.00000 73.70000
v 45.72610 14.00000 74.80000
v 22.86310 -4.00000 77.00000
v 21.91040 -4.00000 76.45000
v 21.91040 -4.00000 75.35000
v 22.86310 -4.00000 74.80000
v 23.81570 -4.00000 75.35000
v 23.81570 -4.00000 76.45000
v 22.86310 14.00000 77.00000
v 21.91040 14.00000 76.45000
v 21.91040 14.00000 75.35000
v 22.86310 14.00000 74.80000
v 23.81570 14.00000 75.35000
v 23.81570 14.00000 76.45000
v 24.76830 -4.00000 77.00000
v 23.81570 -4.00000 76.45000
v 23.81570 -4.00000 75.35000
v 24.76830 -4.00000 74.80000
v 25.72100 -4.00000 75.35000
v 25.72100 -4.00000 76.45000
v 24.76830 14.00000 77.00000
v 23.81570 14.00000 76.45000
v 23.81570 14.00000 75.35000
v 24.76830 14.00000 74.80000
v 25.72100 14.00000 75.35000
v 25.72100 14.00000 76.45000
v 26.67360 -4.00000 77.00000
v 25.72100 -4.00000 76.45000
v 25.72100 -4.00000 75.35000
v 26.67360 -4.00000 74.80000
v 27.62620 -4.00000 75.35000
v 27.62620 -4.00000 76.45000
v 26.67360 14.00000 77.00000
v 25.72100 14.00000 76.45000
v 25.72100 14.00000 75.35000
v 26.67360 14.00000 74.80000
v 27.62620 14.00000 75.35000
v 27.62620 14.00000 76.45000
v 28.57880 -4.00000 77.00000
v 27.62620 -4.00000 76.45000
v 27.62620 -4.00000 75.35000
v 28.57880 -4.00000 74.80000
v 29.53150 -4.00000 75.35000
v 29.53150 -4.00000 76.45000
v 28.57880 14.00000 77.00000
v 27.62620 14.00000 76.45000
v 27.62620 14.00000 75.35000
v 28.57880 14.00000 74.80000
v 29.53150 14.00000 75.35000
v 29.53150 14.00000 76.45000
v 30.48410 -4.00000 77.00000
v 29.53150 -4.00000 76.45000
v 29.53150 -4.00000 75.35000
v 30.48410 -4.00000 74.80000
v 31.43670 -4.00000 75.35000
v 31.43670 -4.00000 76.45000
v 30.48410 14.00000 77.00000
v 29.53150 14.00000 76.45000
v 29.53150 14.00000 75.35000
v 30.48410 14.00000 74.80000
v 31.43670 14.00000 75.35000
v 31.43670 14.00000 76.45000
v 32.38940 -4.00000 77.00000
v 31.43670 -4.00000 76.45000
v 31.43670 -4.00000 75.35000
v 32.38940 -4.00000 74.80000
v 33.34200 -4.00000 75.35000
v 33.34200 -4.00000 76.45000
v 32.38940 14.00000 77.00000
v 31.43670 14.00000 76.45000
v 31.43670 14.00000 75.35000
v 32.38940 14.00000 74.80000
v 33.34200 14.00000 75.35000
v 33.34200 14.00000 76.45000
v 34.29460 -4.00000 77.00000
v 33.34200 -4.00000 76.45000
v 33.34200 -4.00000 75.35000
v 34.29460 -4.00000 74.80000
v 35.24720 -4.00000 75.35000
v 35.24720 -4.00000 76.45000
v 34.29460 14.00000 77.00000
v 33.34200 14.00000 76.45000
v 33.34200 14.00000 75.35000
v 34.29460 14.00000 74.80000
v 35.24720 14.00000 75.35000
v 35.24720 14.00000 76.45000
v 36.19990 -4.00000 77.00000
v 35.24720 -4.00000 76.45000
v 35.24720 -4.00000 75.35000
v 36.19990 -4.00000 74.80000
v 37.15250 -4.00000 75.35000
v 37.15250 -4.00000 76.45000
v 36.19990 14.00000 77.00000
v 35.24720 14.00000 76.45000
v 35.24720 14.00000 75.35000
v 36.19990 14.00000 74.80000
v 37.15250 14.00000 75.35000
v 37.15250 14.00000 76.45000
v 38.10510 -4.00000 77.00000
v 37.15250 -4.00000 76.45000
v 37.15250 -4.00000 75.35000
v 38.10510 -4.00000 74.80000
v 39.05770 -4.00000 75.35000
v 39.05770 -4.00000 76.45000
v 38.10510 14.00000 77.00000
v 37.15250 14.00000 76.45000
v 37.15250 14.00000 75.35000
v 38.10510 14.00000 74.80000
v 39.05770 14.00000 75.35000
v 39.05770 14.00000 76.45000
v 40.01040 -4.00000 77.00000
v 39.05770 -4.00000 76.45000
v 39.05770 -4.00000 75.35000
v 40.01040 -4.00000 74.80000
v 40.96300 -4.00000 75.35000
v 40.96300 -4.00000 76.45000
v 40.01040 14.00000 77.00000
v 39.05770 14.00000 76.45000
v 39.05770 14.00000 75.35000
v 40.01040 14.00000 74.80000
v 40.96300 14.00000 75.35000
v 40.96300 14.00000 76.45000
v 41.91560 -4.00000 77.00000
v 40.96300 -4.00000 76.45000
v 40.96300 -4.00000 75.35000
v 41.91560 -4.00000 74.80000
v 42.86830 -4.00000 75.35000
v 42.86830 -4.00000 76.45000
v 41.91560 14.00000 77.00000
v 40.96300 14.00000 76.45000
v 40.96300 14.00000 75.35000
v 41.91560 14.00000 74.80000
v 42.86830 14.00000 75.35000
v 42.86830 14.00000 76.45000
v 16.19470 -4.00000 78.65000
v 15.24200 -4.00000 78.10000
v 15.24200 -4.00000 77.00000
v 16.19470 -4.00000 76.45000
v 17.14730 -4.00000 77.00000
v 17.14730 -4.00000 78.10000
v 16.19470 14.00000 78.65000
v 15.24200 14.00000 78.10000
v 15.24200 14.00000 77.00000
v 16.19470 14.00000 76.45000
v 17.14730 14.00000 77.00000
v 17.14730 14.00000 78.10000
v 18.09990 -4.00000 78.65000
v 17.14730 -4.00000 78.10000
v 17.14730 -4.00000 77.00000
v 18.09990 -4.00000 76.45000
v 19.05260 -4.00000 77.00000
v 19.05260 -4.00000 78.10000
v 18.09990 14.00000 78.65000
v 17.14730 14.00000 78.10000
v 17.14730 14.00000 77.00000
v 18.09990 14.00000 76.45000
v 19.05260 14.00000 77.00000
v 19.05260 14.00000 78.10000
v 20.00520 -4.00000 78.65000
v 19.05260 -4.00000 78.10000
v 19.05260 -4.00000 77.00000
v 20.00520 -4.00000 76.45000
v 20.95780 -4.00000 77.00000
v 20.95780 -4.00000 78.10000
v 20.00520 14.00000 78.65000
v 19.05260 14.00000 78.10000
v 19.05260 14.00000 77.00000
v 20.00520 14.00000 76.45000
v 20.95780 14.00000 77.00000
v 20.95780 14.00000 78.10000
v 21.91040 -4.00000 78.65000
v 20.95780 -4.00000 78.10000
v 20.95780 -4.00000 77.00000
v 21.91040 -4.00000 76.45000
v 22.86310 -4.00000 77.00000
v 22.86310 -4.00000 78.10000
v 21.91040 14.00000 78.65000
v 20.95780 14.00000 78.10000
v 20.95780 14.00000 77.00000
v 21.91040 14.00000 76.45000
v 22.86310 14.00000 77.00000
v 22.86310 14.00000 78.10000
v 23.81570 -4.00000 78.65000
v 22.86310 -4.00000 78.10000
v 22.86310 -4.00000 77.00000
v 23.81570 -4.00000 76.45000
v 24.76830 -4.00000 77.00000
v 24.76830 -4.00000 78.10000
v 23.81570 14.00000 78.65000
v 22.86310 14.00000 78.10000
v 22.86310 14.00000 77.00000
v 23.81570 14.00000 76.45000
v 24.76830 14.00000 77.00000
v 24.76830 14.00000 78.10000
v 25.72100 -4.00000 78.65000
v 24.76830 -4.00000 78.10000
v 24.76830 -4.00000 77.00000
v 25.72100 -4.00000 76.45000
v 26.67360 -4.00000 77.00000
v 26.67360 -4.00000 78.10000
v 25.72100 14.00000 78.65000
v 24.76830 14.00000 78.10000
v 24.76830 14.00000 77.00000
v 25.72100 14.00000 76.45000
v 26.67360 14.00000 77.00000
v 26.67360 14.00000 78.10000
v 27.62620 -4.00000 78.65000
v 26.67360 -4.00000 78.10000
v 26.67360 -4.00000 77.00000
v 27.62620 -4.00000 76.45000
v 28.57880 -4.00000 77.00000
v 28.57880 -4.00000 78.10000
v 27.62620 14.00000 78.65000
v 26.67360 14.00000 78.10000
v 26.67360 14.00000 77.00000
v 27.62620 14.00000 76.45000
v 28.57880 14.00000 77.00000
v 28.57880 14.00000 78.10000
v 29.53150 -4.00000 78.65000
v 28.57880 -4.00000 78.10000
v 28.57880 -4.00000 77.00000
v 29.53150 -4.00000 76.45000
v 30.48410 -4.00000 77.00000
v 30.48410 -4.00000 78.10000
v 29.53150 14.00000 78.65000
v 28.57880 14.00000 78.10000
v 28.57880 14.00000 77.00000
v 29.53150 14.00000 76.45000
v 30.48410 14.00000 77.00000
v 30.48410 14.00000 78.10000
v 31.43670 -4.00000 78.65000
v 30.48410 -4.00000 78.10000
v 30.48410 -4.00000 77.00000
v 31.43670 -4.00000 76.45000
v 32.38940 -4.00000 77.00000
v 32.38940 -4.00000 78.10000
v 31.43670 14.00000 78.65000
v 30.48410 14.00000 78.10000
v 30.48410 14.00000 77.00000
v 31.43670 14.00000 76.45000
v 32.38940 14.00000 77.00000
v 32.38940 14.00000 78.10000
v 33.34200 -4.00000 78.65000
v 32.38940 -4.00000 78.10000
v 32.38940 -4.00000 77.00000
v 33.34200 -4.00000 76.45000
v 34.29460 -4.00000 77.00000
v 34.29460 -4.00000 78.10000
v 33.34200 14.00000 78.65000
v 32.38940 14.00000 78.10000
v 32.38940 14.00000 77.00000
v 33.34200 14.00000 76.45000
v 34.29460 14.00000 77.00000
v 34.29460 14.00000 78.10000
v 35.24720 -4.00000 78.65000
v 34.29460 -4.00000 78.10000
v 34.29460 -4.00000 77.00000
v 35.24720 -4.00000 76.45000
v 36.19990 -4.00000 77.00000
v 36.19990 -4.00000 78.10000
v 35.24720 14.00000 78.65000
v 34.29460 14.00000 78.10000
v 34.29460 14.00000 77.00000
v 35.24720 14.00000 76.45000
v 36.19990 14.00000 77.00000
v 36.19990 14.00000 78.10000
v 37.15250 -4.00000 78.65000
v 36.19990 -4.00000 78.10000
v 36.19990 -4.00000 77.00000
v 37.15250 -4.00000 76.45000
v 38.10510 -4.00000 77.00000
v 38.10510 -4.00000 78.10000
v 37.15250 14.00000 78.65000
v 36.19990 14.00000 78.10000
v 36.19990 14.00000 77.00000
v 37.15250 14.00000 76.45000
v 38.10510 14.00000 77.00000
v 38.10510 14.00000 78.10000
v 39.05770 -4.00000 78.65000
v 38.10510 -4.00000 78.10000
v 38.10510 -4.00000 77.00000
v 39.05770 -4.00000 76.45000
v 40.01040 -4.00000 77.00000
v 40.01040 -4.00000 78.10000
v 39.05770 14.00000 78.65000
v 38.10510 14.00000 78.10000
v 38.10510 14.00000 77.00000
v 39.05770 14.00000 76.45000
v 40.01040 14.00000 77.00000
v 40.01040 14.00000 78.10000
v 1.90530 -4.00000 80.30000
v 0.95260 -4.00000 79.75000
v 0.95260 -4.00000 78.65000
v 1.90530 -4.00000 78.10000
v 2.85790 -4.00000 78.65000
v 2.85790 -4.00000 79.75000
v 1.90530 14.00000 80.30000
v 0.95260 14.00000 79.75000
v 0.95260 14.00000 78.65000
v 1.90530 14.00000 78.10000
v 2.85790 14.00000 78.65000
v 2.85790 14.00000 79.75000
v 3.81050 -4.00000 80.30000
v 2.85790 -4.00000 79.75000
v 2.85790 -4.00000 78.65000
v 3.81050 -4.00000 78.10000
v 4.76310 -4.00000 78.65000
v 4.76310 -4.00000 79.75000
v 3.81050 14.00000 80.30000
v 2.85790 14.00000 79.75000
v 2.85790 14.00000 78.65000
v 3.81050 14.00000 78.10000
v 4.76310 14.00000 78.65000
v 4.76310 14.00000 79.75000
v 5.71580 -4.00000 80.30000
v 4.76310 -4.00000 79.75000
v 4.76310 -4.00000 78.65000
v 5.71580 -4.00000 78.10000
v 6.66840 -4.00000 78.65000
v 6.66840 -4.00000 79.75000
v 5.71580 14.00000 80.30000
v 4.76310 14.00000 79.75000
v 4.76310 14.00000 78.65000
v 5.71580 14.00000 78.10000
v 6.66840 14.00000 78.65000
v 6.66840 14.00000 79.75000
v 7.62100 -4.00000 80.30000
v 6.66840 -4.00000 79.75000
v 6.66840 -4.00000 78.65000
v 7.62100 -4.00000 78.10000
v 8.57370 -4.00000 78.65000
v 8.57370 -4.00000 79.75000
v 7.62100 14.00000 80.30000
v 6.66840 14.00000 79.75000
v 6.66840 14.00000 78.65000
v 7.62100 14.00000 78.10000
v 8.57370 14.00000 78.65000
v 8.57370 14.00000 79.75000
v 9.52630 -4.00000 80.30000
v 8.57370 -4.00000 79.75000
v 8.57370 -4.00000 78.65000
v 9.52630 -4.00000 78.10000
v 10.47890 -4.00000 78.65000
v 10.47890 -4.00000 79.75000
v 9.52630 14.00000 80.30000
v 8.57370 14.00000 79.75000
v 8.57370 14.00000 78.65000
v 9.52630 14.00000 78.10000
v 10.47890 14.00000 78.65000
v 10.47890 14.00000 79.75000
v 11.43150 -4.00000 80.30000
v 10.47890 -4.00000 79.75000
v 10.47890 -4.00000 78.65000
v 11.43150 -4.00000 78.10000
v 12.38420 -4.00000 78.65000
v 12.38420 -4.00000 79.75000
v 11.43150 14.00000 80.30000
v 10.47890 14.00000 79.75000
v 10.47890 14.00000 78.65000
v 11.43150 14.00000 78.10000
v 12.38420 14.00000 78.65000
v 12.38420 14.00000 79.75000
v 13.33680 -4.00000 80.30000
v 12.38420 -4.00000 79.75000
v 12.38420 -4.00000 78.65000
v 13.33680 -4.00000 78.10000
v 14.28940 -4.00000 78.65000
v 14.28940 -4.00000 79.75000
v 13.33680 14.00000 80.30000
v 12.38420 14.00000 79.75000
v 12.38420 14.00000 78.65000
v 13.33680 14.00000 78.10000
v 14.28940 14.00000 78.65000
v 14.28940 14.00000 79.75000
v 15.24200 -4.00000 80.30000
v 14.28940 -4.00000 79.75000
v 14.28940 -4.00000 78.65000
v 15.24200 -4.00000 78.10000
v 16.19470 -4.00000 78.65000
v 16.19470 -4.00000 79.75000
v 15.24200 14.00000 80.30000
v 14.28940 14.00000 79.75000
v 14.28940 14.00000 78.65000
v 15.24200 14.00000 78.10000
v 16.19470 14.00000 78.65000
v 16.19470 14.00000 79.75000
v 17.14730 -4.00000 80.30000
v 16.19470 -4.00000 79.75000
v 16.19470 -4.00000 78.65000
v 17.14730 -4.00000 78.10000
v 18.09990 -4.00000 78.65000
v 18.09990 -4.00000 79.75000
v 17.14730 14.00000 80.30000
v 16.19470 14.00000 79.75000
v 16.19470 14.00000 78.65000
v 17.14730 14.00000 78.10000
v 18.09990 14.00000 78.65000
v 18.09990 14.00000 79.75000
v 19.05260 -4.00000 80.30000
v 18.09990 -4.00000 79.75000
v 18.09990 -4.00000 78.65000
v 19.05260 -4.00000 78.10000
v 20.00520 -4.00000 78.65000
v 20.00520 -4.00000 79.75000
v 19.05260 14.00000 80.30000
v 18.09990 14.00000 79.75000
v 18.09990 14.00000 78.65000
v 19.05260 14.00000 78.10000
v 20.00520 14.00000 78.65000
v 20.00520 14.00000 79.75000
v 20.95780 -4.00000 80.30000
v 20.00520 -4.00000 79.75000
v 20.00520 -4.00000 78.65000
v 20.95780 -4.00000 78.10000
v 21.91040 -4.00000 78.65000
v 21.91040 -4.00000 79.75000
v 20.95780 14.00000 80.30000
v 20.00520 14.00000 79.75000
v 20.00520 14.00000 78.65000
v 20.95780 14.00000 78.10000
v 21.91040 14.00000 78.65000
v 21.91040 14.00000 79.75000
v 22.86310 -4.00000 80.30000
v 21.91040 -4.00000 79.75000
v 21.91040 -4.00000 78.65000
v 22.86310 -4.00000 78.10000
v 23.81570 -4.00000 78.65000
v 23.81570 -4.00000 79.75000
v 22.86310 14.00000 80.30000
v 21.91040 14.00000 79.75000
v 21.91040 14.00000 78.65000
v 22.86310 14.00000 78.10000
v 23.81570 14.00000 78.65000
v 23.81570 14.00000 79.75000
v 24.76830 -4.00000 80.30000
v 23.81570 -4.00000 79.75000
v 23.81570 -4.00000 78.65000
v 24.76830 -4.00000 78.10000
v 25.72100 -4.00000 78.65000
v 25.72100 -4.00000 79.75000
v 24.76830 14.00000 80.30000
v 23.81570 14.00000 79.75000
v 23.81570 14.00000 78.65000
v 24.76830 14.00000 78.10000
v 25.72100 14.00000 78.65000
v 25.72100 14.00000 79.75000
v 26.67360 -4.00000 80.30000
v 25.72100 -4.00000 79.75000
v 25.72100 -4.00000 78.65000
v 26.67360 -4.00000 78.10000
v 27.62620 -4.00000 78.65000
v 27.62620 -4.00000 79.75000
v 26.67360 14.00000 80.30000
v 25.72100 14.00000 79.75000
v 25.72100 14.00000 78.65000
v 26.67360 14.00000 78.10000
v 27.62620 14.00000 78.65000
v 27.62620 14.00000 79.75000
v 28.57880 -4.00000 80.30000
v 27.62620 -4.00000 79.75000
v 27.62620 -4.00000 78.65000
v 28.57880 -4.00000 78.10000
v 29.53150 -4.00000 78.65000
v 29.53150 -4.00000 79.75000
v 28.57880 14.00000 80.30000
v 27.62620 14.00000 79.75000
v 27.62620 14.00000 78.65000
v 28.57880 14.00000 78.10000
v 29.53150 14.00000 78.65000
v 29.53150 14.00000 79.75000
v 30.48410 -4.00000 80.30000
v 29.53150 -4.00000 79.75000
v 29.53150 -4.00000 78.65000
v 30.48410 -4.00000 78.10000
v 31.43670 -4.00000 78.65000
v 31.43670 -4.00000 79.75000
v 30.48410 14.00000 80.30000
v 29.53150 14.00000 79.75000
v 29.53150 14.00000 78.65000
v 30.48410 14.00000 78.10000
v 31.43670 14.00000 78.65000
v 31.43670 14.00000 79.75000
v 32.38940 -4.00000 80.30000
v 31.43670 -4.00000 79.75000
v 31.43670 -4.00000 78.65000
v 32.38940 -4.00000 78.10000
v 33.34200 -4.00000 78.65000
v 33.34200 -4.00000 79.75000
v 32.38940 14.00000 80.30000
v 31.43670 14.00000 79.75000
v 31.43670 14.00000 78.65000
v 32.38940 14.00000 78.10000
v 33.34200 14.00000 78.65000
v 33.34200 14.00000 79.75000
v 34.29460 -4.00000 80.30000
v 33.34200 -4.00000 79.75000
v 33.34200 -4.00000 78.65000
v 34.29460 -4.00000 78.10000
v 35.24720 -4.00000 78.65000
v 35.24720 -4.00000 79.75000
v 34.29460 14.00000 80.30000
v 33.34200 14.00000 79.75000
v 33.34200 14.00000 78.65000
v 34.29460 14.00000 78.10000
v 35.24720 14.00000 78.65000
v 35.24720 14.00000 79.75000
v 0.95260 -4.00000 81.95000
v -0.00000 -4.00000 81.40000
v 0.00000 -4.00000 80.30000
v 0.95260 -4.00000 79.75000
v 1.90530 -4.00000 80.30000
v 1.90530 -4.00000 81.40000
v 0.95260 14.00000 81.95000
v -0.00000 14.00000 81.40000
v 0.00000 14.00000 80.30000
v 0.95260 14.00000 79.75000
v 1.90530 14.00000 80.30000
v 1.90530 14.00000 81.40000
v 2.85790 -4.00000 81.95000
v 1.90530 -4.00000 81.40000
v 1.90530 -4.00000 80.30000
v 2.85790 -4.00000 79.75000
v 3.81050 -4.00000 80.30000
v 3.81050 -4.00000 81.40000
v 2.85790 14.00000 81.95000
v 1.90530 14.00000 81.40000
v 1.90530 14.00000 80.30000
v 2.85790 14.00000 79.75000
v 3.81050 14.00000 80.30000
v 3.81050 14.00000 81.40000
v 4.76310 -4.00000 81.95000
v 3.81050 -4.00000 81.40000
v 3.81050 -4.00000 80.30000
v 4.76310 -4.00000 79.75000
v 5.71580 -4.00000 80.30000
v 5.71580 -4.00000 81.40000
v 4.76310 14.00000 81.95000
v 3.81050 14.00000 81.40000
v 3.81050 14.00000 80.30000
v 4.76310 14.00000 79.75000
v 5.71580 14.00000 80.30000
v 5.71580 14.00000 81.40000
v 6.66840 -4.00000 81.95000
v 5.71580 -4.00000 81.40000
v 5.71580 -4.00000 80.30000
v 6.66840 -4.00000 79.75000
v 7.62100 -4.00000 80.30000
v 7.62100 -4.00000 81.40000
v 6.66840 14.00000 81.95000
v 5.71580 14.00000 81.40000
v 5.71580 14.00000 80.30000
v 6.66840 14.00000 79.75000
v 7.62100 14.00000 80.30000
v 7.62100 14.00000 81.40000
v 8.57370 -4.00000 81.95000
v 7.62100 -4.00000 81.40000
v 7.62100 -4.00000 80.30000
v 8.57370 -4.00000 79.75000
v 9.52630 -4.00000 80.30000
v 9.52630 -4.00000 81.40000
v 8.57370 14.00000 81.95000
v 7.62100 14.00000 81.40000
v 7.62100 14.00000 80.30000
v 8.57370 14.00000 79.75000
v 9.52630 14.00000 80.30000
v 9.52630 14.00000 81.40000
v 10.47890 -4.00000 81.95000
v 9.52630 -4.00000 81.40000
v 9.52630 -4.00000 80.30000
v 10.47890 -4.00000 79.75000
v 11.43150 -4.00000 80.30000
v 11.43150 -4.00000 81.40000
v 10.47890 14.00000 81.95000
v 9.52630 14.00000 81.40000
v 9.52630 14.00000 80.30000
v 10.47890 14.00000 79.75000
v 11.43150 14.00000 80.30000
v 11.43150 14.00000 81.40000
v 12.38420 -4.00000 81.95000
v 11.43150 -4.00000 81.40000
v 11.43150 -4.00000 80.30000
v 12.38420 -4.00000 79.75000
v 13.33680 -4.00000 80.30000
v 13.33680 -4.00000 81.40000
v 12.38420 14.00000 81.95000
v 11.43150 14.00000 81.40000
v 11.43150 14.00000 80.30000
v 12.38420 14.00000 79.75000
v 13.33680 14.00000 80.30000
v 13.33680 14.00000 81.40000
v 14.28940 -4.00000 81.95000
v 13.33680 -4.00000 81.40000
v 13.33680 -4.00000 80.30000
v 14.28940 -4.00000 79.75000
v 15.24200 -4.00000 80.30000
v 15.24200 -4.00000 81.40000
v 14.28940 14.00000 81.95000
v 13.33680 14.00000 81.40000
v 13.33680 14.00000 80.30000
v 14.28940 14.00000 79.75000
v 15.24200 14.00000 80.30000
v 15.24200 14.00000 81.40000
v 16.19470 -4.00000 81.95000
v 15.24200 -4.00000 81.40000
v 15.24200 -4.00000 80.30000
v 16.19470 -4.00000 79.75000
v 17.14730 -4.00000 80.30000
v 17.14730 -4.00000 81.40000
v 16.19470 14.00000 81.95000
v 15.24200 14.00000 81.40000
v 15.24200 14.00000 80.30000
v 16.19470 14.00000 79.75000
v 17.14730 14.00000 80.30000
v 17.14730 14.00000 81.40000
v 18.09990 -4.00000 81.95000
v 17.14730 -4.00000 81.40000
v 17.14730 -4.00000 80.30000
v 18.09990 -4.00000 79.75000
v 19.05260 -4.00000 80.30000
v 19.05260 -4.00000 81.40000
v 18.09990 14.00000 81.95000
v 17.14730 14.00000 81.40000
v 17.14730 14.00000 80.30000
v 18.09990 14.00000 79.75000
v 19.05260 14.00000 80.30000
v 19.05260 14.00000 81.40000
v 20.00520 -4.00000 81.95000
v 19.05260 -4.00000 81.40000
v 19.05260 -4.00000 80.30000
v 20.00520 -4.00000 79.75000
v 20.95780 -4.00000 80.30000
v 20.95780 -4.00000 81.40000
v 20.00520 14.00000 81.95000
v 19.05260 14.00000 81.40000
v 19.05260 14.00000 80.30000
v 20.00520 14.00000 79.75000
v 20.95780 14.00000 80.30000
v 20.95780 14.00000 81.40000
v 21.91040 -4.00000 81.95000
v 20.95780 -4.00000 81.40000
v 20.95780 -4.00000 80.30000
v 21.91040 -4.00000 79.75000
v 22.86310 -4.00000 80.30000
v 22.86310 -4.00000 81.40000
v 21.91040 14.00000 81.95000
v 20.95780 14.00000 81.40000
v 20.95780 14.00000 80.30000
v 21.91040 14.00000 79.75000
v 22.86310 14.00000 80.30000
v 22.86310 14.00000 81.40000
v 23.81570 -4.00000 81.95000
v 22.86310 -4.00000 81.40000
v 22.86310 -4.00000 80.30000
v 23.81570 -4.00000 79.75000
v 24.76830 -4.00000 80.30000
v 24.76830 -4.00000 81.40000
v 23.81570 14.00000 81.95000
v 22.86310 14.00000 81.40000
v 22.86310 14.00000 80.30000
v 23.81570 14.00000 79.75000
v 24.76830 14.00000 80.30000
v 24.76830 14.00000 81.40000
v 25.72100 -4.00000 81.95000
v 24.76830 -4.00000 81.40000
v 24.76830 -4.00000 80.30000
v 25.72100 -4.00000 79.75000
v 26.67360 -4.00000 80.30000
v 26.67360 -4.00000 81.40000
v 25.72100 14.00000 81.95000
v 24.76830 14.00000 81.40000
v 24.76830 14.00000 80.30000
v 25.72100 14.00000 79.75000
v 26.67360 14.00000 80.30000
v 26.67360 14.00000 81.40000
v 27.62620 -4.00000 81.95000
v 26.67360 -4.00000 81.40000
v 26.67360 -4.00000 80.30000
v 27.62620 -4.00000 79.75000
v 28.57880 -4.00000 80.30000
v 28.57880 -4.00000 81.40000
v 27.62620 14.00000 81.95000
v 26.67360 14.00000 81.40000
v 26.67360 14.00000 80.30000
v 27.62620 14.00000 79.75000
v 28.57880 14.00000 80.30000
v 28.57880 14.00000 81.40000
v 29.53150 -4.00000 81.95000
v 28.57880 -4.00000 81.40000
v 28.57880 -4.00000 80.30000
v 29.53150 -4.00000 79.75000
v 30.48410 -4.00000 80.30000
v 30.48410 -4.00000 81.40000
v 29.53150 14.00000 81.95000
v 28.57880 14.00000 81.40000
v 28.57880 14.00000 80.30000
v 29.53150 14.00000 79.75000
v 30.48410 14.00000 80.30000
v 30.48410 14.00000 81.40000
v 31.43670 -4.00000 81.95000
v 30.48410 -4.00000 81.40000
v 30.48410 -4.00000 80.30000
v 31.43670 -4.00000 79.75000
v 32.38940 -4.00000 80.30000
v 32.38940 -4.00000 81.40000
v 31.43670 14.00000 81.95000
v 30.48410 14.00000 81.40000
v 30.48410 14.00000 80.30000
v 31.43670 14.00000 79.75000
v 32.38940 14.00000 80.30000
v 32.38940 14.00000 81.40000
v 1.90530 -4.00000 83.60000
v 0.95260 -4.00000 83.05000
v 0.95260 -4.00000 81.95000
v 1.90530 -4.00000 81.40000
v 2.85790 -4.00000 81.95000
v 2.85790 -4.00000 83.05000
v 1.90530 14.00000 83.60000
v 0.95260 14.00000 83.05000
v 0.95260 14.00000 81.95000
v 1.90530 14.00000 81.40000
v 2.85790 14.00000 81.95000
v 2.85790 14.00000 83.05000
v 3.81050 -4.00000 83.60000
v 2.85790 -4.00000 83.05000
v 2.85790 -4.00000 81.95000
v 3.81050 -4.00000 81.40000
v 4.76310 -4.00000 81.95000
v 4.76310 -4.00000 83.05000
v 3.81050 14.00000 83.60000
v 2.85790 14.00000 83.05000
v 2.85790 14.00000 81.95000
v 3.81050 14.00000 81.40000
v 4.76310 14.00000 81.95000
v 4.76310 14.00000 83.05000
v 5.71580 -4.00000 83.60000
v 4.76310 -4.00000 83.05000
v 4.76310 -4.00000 81.95000
v 5.71580 -4.00000 81.40000
v 6.66840 -4.00000 81.95000
v 6.66840 -4.00000 83.05000
v 5.71580 14.00000 83.60000
v 4.76310 14.00000 83.05000
v 4.76310 14.00000 81.95000
v 5.71580 14.00000 81.40000
v 6.66840 14.00000 81.95000
v 6.66840 14.00000 83.05000
v 7.62100 -4.00000 83.60000
v 6.66840 -4.00000 83.05000
v 6.66840 -4.00000 81.95000
v 7.62100 -4.00000 81.40000
v 8.57370 -4.00000 81.95000
v 8.57370 -4.00000 83.05000
v 7.62100 14.00000 83.60000
v 6.66840 14.00000 83.05000
v 6.66840 14.00000 81.95000
v 7.62100 14.00000 81.40000
v 8.57370 14.00000 81.95000
v 8.57370 14.00000 83.05000
v 9.52630 -4.00000 83.60000
v 8.57370 -4.00000 83.05000
v 8.57370 -4.00000 81.95000
v 9.52630 -4.00000 81.40000
v 10.47890 -4.00000 81.95000
v 10.47890 -4.00000 83.05000
v 9.52630 14.00000 83.60000
v 8.57370 14.00000 83.05000
v 8.57370 14.00000 81.95000
v 9.52630 14.00000 81.40000
v 10.47890 14.00000 81.95000
v 10.47890 14.00000 83.05000
v 11.43150 -4.00000 83.60000
v 10.47890 -4.00000 83.05000
v 10.47890 -4.00000 81.95000
v 11.43150 -4.00000 81.40000
v 12.38420 -4.00000 81.95000
v 12.38420 -4.00000 83.05000
v 11.43150 14.00000 83.60000
v 10.47890 14.00000 83.05000
v 10.47890 14.00000 81.95000
v 11.43150 14.00000 81.40000
v 12.38420 14.00000 81.95000
v 12.38420 14.00000 83.05000
v 13.33680 -4.00000 83.60000
v 12.38420 -4.00000 83.05000
v 12.38420 -4.00000 81.95000
v 13.33680 -4.00000 81.40000
v 14.28940 -4.00000 81.95000
v 14.28940 -4.00000 83.05000
v 13.33680 14.00000 83.60000
v 12.38420 14.00000 83.05000
v 12.38420 14.00000 81.95000
v 13.33680 14.00000 81.40000
v 14.28940 14.00000 81.95000
v 14.28940 14.00000 83.05000
v 15.24200 -4.00000 83.60000
v 14.28940 -4.00000 83.05000
v 14.28940 -4.00000 81.95000
v 15.24200 -4.00000 81.40000
v 16.19470 -4.00000 81.95000
v 16.19470 -4.00000 83.05000
v 15.24200 14.00000 83.60000
v 14.28940 14.00000 83.05000
v 14.28940 14.00000 81.95000
v 15.24200 14.00000 81.40000
v 16.19470 14.00000 81.95000
v 16.19470 14.00000 83.05000
v 17.14730 -4.00000 83.60000
v 16.19470 -4.00000 83.05000
v 16.19470 -4.00000 81.95000
v 17.14730 -4.00000 81.40000
v 18.09990 -4.00000 81.95000
v 18.09990 -4.00000 83.05000
v 17.14730 14.00000 83.60000
v 16.19470 14.00000 83.05000
v 16.19470 14.00000 81.95000
v 17.14730 14.00000 81.40000
v 18.09990 14.00000 81.95000
v 18.09990 14.00000 83.05000
v 19.05260 -4.00000 83.60000
v 18.09990 -4.00000 83.05000
v 18.09990 -4.00000 81.95000
v 19.05260 -4.00000 81.40000
v 20.00520 -4.00000 81.95000
v 20.00520 -4.00000 83.05000
v 19.05260 14.00000 83.60000
v 18.09990 14.00000 83.05000
v 18.09990 14.00000 81.95000
v 19.05260 14.00000 81.40000
v 20.00520 14.00000 81.95000
v 20.00520 14.00000 83.05000
v 20.95780 -4.00000 83.60000
v 20.00520 -4.00000 83.05000
v 20.00520 -4.00000 81.95000
v 20.95780 -4.00000 81.40000
v 21.91040 -4.00000 81.95000
v 21.91040 -4.00000 83.05000
v 20.95780 14.00000 83.60000
v 20.00520 14.00000 83.05000
v 20.00520 14.00000 81.95000
v 20.95780 14.00000 81.40000
v 21.91040 14.00000 81.95000
v 21.91040 14.00000 83.05000
v 22.86310 -4.00000 83.60000
v 21.91040 -4.00000 83.05000
v 21.91040 -4.00000 81.95000
v 22.86310 -4.00000 81.40000
v 23.81570 -4.00000 81.95000
v 23.81570 -4.00000 83.05000
v 22.86310 14.00000 83.60000
v 21.91040 14.00000 83.05000
v 21.91040 14.00000 81.95000
v 22.86310 14.00000 81.40000
v 23.81570 14.00000 81.95000
v 23.81570 14.00000 83.05000
v 24.76830 -4.00000 83.60000
v 23.81570 -4.00000 83.05000
v 23.81570 -4.00000 81.95000
v 24.76830 -4.00000 81.40000
v 25.72100 -4.00000 81.95000
v 25.72100 -4.00000 83.05000
v 24.76830 14.00000 83.60000
v 23.81570 14.00000 83.05000
v 23.81570 14.00000 81.95000
v 24.76830 14.00000 81.40000
v 25.72100 14.00000 81.95000
v 25.72100 14.00000 83.05000
v 26.67360 -4.00000 83.60000
v 25.72100 -4.00000 83.05000
v 25.72100 -4.00000 81.95000
v 26.67360 -4.00000 81.40000
v 27.62620 -4.00000 81.95000
v 27.62620 -4.00000 83.05000
v 26.67360 14.00000 83.60000
v 25.72100 14.00000 83.05000
v 25.72100 14.00000 81.95000
v 26.67360 14.00000 81.40000
v 27.62620 14.00000 81.95000
v 27.62620 14.00000 83.05000
v 0.95260 -4.00000 85.25000
v -0.00000 -4.00000 84.70000
v 0.00000 -4.00000 83.60000
v 0.95260 -4.00000 83.05000
v 1.90530 -4.00000 83.60000
v 1.90530 -4.00000 84.70000
v 0.95260 14.00000 85.25000
v -0.00000 14.00000 84.70000
v 0.00000 14.00000 83.60000
v 0.95260 14.00000 83.05000
v 1.90530 14.00000 83.60000
v 1.90530 14.00000 84.70000
v 2.85790 -4.00000 85.25000
v 1.90530 -4.00000 84.70000
v 1.90530 -4.00000 83.60000
v 2.85790 -4.00000 83.05000
v 3.81050 -4.00000 83.60000
v 3.81050 -4.00000 84.70000
v 2.85790 14.00000 85.25000
v 1.90530 14.00000 84.70000
v 1.90530 14.00000 83.60000
v 2.85790 14.00000 83.05000
v 3.81050 14.00000 83.60000
v 3.81050 14.00000 84.70000
v 4.76310 -4.00000 85.25000
v 3.81050 -4.00000 84.70000
v 3.81050 -4.00000 83.60000
v 4.76310 -4.00000 83.05000
v 5.71580 -4.00000 83.60000
v 5.71580 -4.00000 84.70000
v 4.76310 14.00000 85.25000
v 3.81050 14.00000 84.70000
v 3.81050 14.00000 83.60000
v 4.76310 14.00000 83.05000
v 5.71580 14.00000 83.60000
v 5.71580 14.00000 84.70000
v 6.66840 -4.00000 85.25000
v 5.71580 -4.00000 84.70000
v 5.71580 -4.00000 83.60000
v 6.66840 -4.00000 83.05000
v 7.62100 -4.00000 83.60000
v 7.62100 -4.00000 84.70000
v 6.66840 14.00000 85.25000
v 5.71580 14.00000 84.70000
v 5.71580 14.00000 83.60000
v 6.66840 14.00000 83.05000
v 7.62100 14.00000 83.60000
v 7.62100 14.00000 84.70000
v 8.57370 -4.00000 85.25000
v 7.62100 -4.00000 84.70000
v 7.62100 -4.00000 83.60000
v 8.57370 -4.00000 83.05000
v 9.52630 -4.00000 83.60000
v 9.52630 -4.00000 84.70000
v 8.57370 14.00000 85.25000
v 7.62100 14.00000 84.70000
v 7.62100 14.00000 83.60000
v 8.57370 14.00000 83.05000
v 9.52630 14.00000 83.60000
v 9.52630 14.00000 84.70000
v 10.47890 -4.00000 85.25000
v 9.52630 -4.00000 84.70000
v 9.52630 -4.00000 83.60000
v 10.47890 -4.00000 83.05000
v 11.43150 -4.00000 83.60000
v 11.43150 -4.00000 84.70000
v 10.47890 14.00000 85.25000
v 9.52630 14.00000 84.70000
v 9.52630 14.00000 83.60000
v 10.47890 14.00000 83.05000
v 11.43150 14.00000 83.60000
v 11.43150 14.00000 84.70000
v 12.38420 -4.00000 85.25000
v 11.43150 -4.00000 84.70000
v 11.43150 -4.00000 83.60000
v 12.38420 -4.00000 83.05000
v 13.33680 -4.00000 83.60000
v 13.33680 -4.00000 84.70000
v 12.38420 14.00000 85.25000
v 11.43150 14.00000 84.70000
v 11.43150 14.00000 83.60000
v 12.38420 14.00000 83.05000
v 13.33680 14.00000 83.60000
v 13.33680 14.00000 84.70000
v 14.28940 -4.00000 85.25000
v 13.33680 -4.00000 84.70000
v 13.33680 -4.00000 83.60000
v 14.28940 -4.00000 83.05000
v 15.24200 -4.00000 83.60000
v 15.24200 -4.00000 84.70000
v 14.28940 14.00000 85.25000
v 13.33680 14.00000 84.70000
v 13.33680 14.00000 83.60000
v 14.28940 14.00000 83.05000
v 15.24200 14.00000 83.60000
v 15.24200 14.00000 84.70000
v 16.19470 -4.00000 85.25000
v 15.24200 -4.00000 84.70000
v 15.24200 -4.00000 83.60000
v 16.19470 -4.00000 83.05000
v 17.14730 -4.00000 83.60000
v 17.14730 -4.00000 84.70000
v 16.19470 14.00000 85.25000
v 15.24200 14.00000 84.70000
v 15.24200 14.00000 83.60000
v 16.19470 14.00000 83.05000
v 17.14730 14.00000 83.60000
v 17.14730 14.00000 84.70000
v 18.09990 -4.00000 85.25000
v 17.14730 -4.00000 84.70000
v 17.14730 -4.00000 83.60000
v 18.09990 -4.00000 83.05000
v 19.05260 -4.00000 83.60000
v 19.05260 -4.00000 84.70000
v 18.09990 14.00000 85.25000
v 17.14730 14.00000 84.70000
v 17.14730 14.00000 83.60000
v 18.09990 14.00000 83.05000
v 19.05260 14.00000 83.60000
v 19.05260 14.00000 84.70000
v 20.00520 -4.00000 85.25000
v 19.05260 -4.00000 84.70000
v 19.05260 -4.00000 83.60000
v 20.00520 -4.00000 83.05000
v 20.95780 -4.00000 83.60000
v 20.95780 -4.00000 84.70000
v 20.00520 14.00000 85.25000
v 19.05260 14.00000 84.70000
v 19.05260 14.00000 83.60000
v 20.00520 14.00000 83.05000
v 20.95780 14.00000 83.60000
v 20.95780 14.00000 84.70000
v 21.91040 -4.00000 85.25000
v 20.95780 -4.00000 84.70000
v 20.95780 -4.00000 83.60000
v 21.91040 -4.00000 83.05000
v 22.86310 -4.00000 83.60000
v 22.86310 -4.00000 84.70000
v 21.91040 14.00000 85.25000
v 20.95780 14.00000 84.70000
v 20.95780 14.00000 83.60000
v 21.91040 14.00000 83.05000
v 22.86310 14.00000 83.60000
v 22.86310 14.00000 84.70000
v 1.90530 -4.00000 86.90000
v 0.95260 -4.00000 86.35000
v 0.95260 -4.00000 85.25000
v 1.90530 -4.00000 84.70000
v 2.85790 -4.00000 85.25000
v 2.85790 -4.00000 86.35000
v 1.90530 14.00000 86.90000
v 0.95260 14.00000 86.35000
v 0.95260 14.00000 85.25000
v 1.90530 14.00000 84.70000
v 2.85790 14.00000 85.25000
v 2.85790 14.00000 86.35000
v 3.81050 -4.00000 86.90000
v 2.85790 -4.00000 86.35000
v 2.85790 -4.00000 85.25000
v 3.81050 -4.00000 84.70000
v 4.76310 -4.00000 85.25000
v 4.76310 -4.00000 86.35000
v 3.81050 14.00000 86.90000
v 2.85790 14.00000 86.35000
v 2.85790 14.00000 85.25000
v 3.81050 14.00000 84.70000
v 4.76310 14.00000 85.25000
v 4.76310 14.00000 86.35000
v 5.71580 -4.00000 86.90000
v 4.76310 -4.00000 86.35000
v 4.76310 -4.00000 85.25000
v 5.71580 -4.00000 84.70000
v 6.66840 -4.00000 85.25000
v 6.66840 -4.00000 86.35000
v 5.71580 14.00000 86.90000
v 4.76310 14.00000 86.35000
v 4.76310 14.00000 85.25000
v 5.71580 14.00000 84.70000
v 6.66840 14.00000 85.25000
v 6.66840 14.00000 86.35000
v 7.62100 -4.00000 86.90000
v 6.66840 -4.00000 86.35000
v 6.66840 -4.00000 85.25000
v 7.62100 -4.00000 84.70000
v 8.57370 -4.00000 85.25000
v 8.57370 -4.00000 86.35000
v 7.62100 14.00000 86.90000
v 6.66840 14.00000 86.35000
v 6.66840 14.00000 85.25000
v 7.62100 14.00000 84.70000
v 8.57370 14.00000 85.25000
v 8.57370 14.00000 86.35000
v 9.52630 -4.00000 86.90000
v 8.57370 -4.00000 86.35000
v 8.57370 -4.00000 85.25000
v 9.52630 -4.00000 84.70000
v 10.47890 -4.00000 85.25000
v 10.47890 -4.00000 86.35000
v 9.52630 14.00000 86.90000
v 8.57370 14.00000 86.35000
v 8.57370 14.00000 85.25000
v 9.52630 14.00000 84.70000
v 10.47890 14.00000 85.25000
v 10.47890 14.00000 86.35000
v 11.43150 -4.00000 86.90000
v 10.47890 -4.00000 86.35000
v 10.47890 -4.00000 85.25000
v 11.43150 -4.00000 84.70000
v 12.38420 -4.00000 85.25000
v 12.38420 -4.00000 86.35000
v 11.43150 14.00000 86.90000
v 10.47890 14.00000 86.35000
v 10.47890 14.00000 85.25000
v 11.43150 14.00000 84.70000
v 12.38420 14.00000 85.25000
v 12.38420 14.00000 86.35000
v 13.33680 -4.00000 86.90000
v 12.38420 -4.00000 86.35000
v 12.38420 -4.00000 85.25000
v 13.33680 -4.00000 84.70000
v 14.28940 -4.00000 85.25000
v 14.28940 -4.00000 86.35000
v 13.33680 14.00000 86.90000
v 12.38420 14.00000 86.35000
v 12.38420 14.00000 85.25000
v 13.33680 14.00000 84.70000
v 14.28940 14.00000 85.25000
v 14.28940 14.00000 86.35000
v -56.20500 -4.00000 58.85000
v -57.15770 -4.00000 58.30000
v -57.15770 -4.00000 57.20000
v -56.20500 -4.00000 56.65000
v -55.25240 -4.00000 57.20000
v -55.25240 -4.00000 58.30000
v -56.20500 14.00000 58.85000
v -57.15770 14.00000 58.30000
v -57.15770 14.00000 57.20000
v -56.20500 14.00000 56.65000
v -55.25240 14.00000 57.20000
v -55.25240 14.00000 58.30000
v -54.29980 -4.00000 58.85000
v -55.25240 -4.00000 58.30000
v -55.25240 -4.00000 57.20000
v -54.29980 -4.00000 56.65000
v -53.34720 -4.00000 57.20000
v -53.34720 -4.00000 58.30000
v -54.29980 14.00000 58.85000
v -55.25240 14.00000 58.30000
v -55.25240 14.00000 57.20000
v -54.29980 14.00000 56.65000
v -53.34720 14.00000 57.20000
v -53.34720 14.00000 58.30000
v -59.06290 -4.00000 60.50000
v -60.01560 -4.00000 59.95000
v -60.01560 -4.00000 58.85000
v -59.06290 -4.00000 58.30000
v -58.11030 -4.00000 58.85000
v -58.11030 -4.00000 59.95000
v -59.06290 14.00000 60.50000
v -60.01560 14.00000 59.95000
v -60.01560 14.00000 58.85000
v -59.06290 14.00000 58.30000
v -58.11030 14.00000 58.85000
v -58.11030 14.00000 59.95000
v -57.15770 -4.00000 60.50000
v -58.11030 -4.00000 59.95000
v -58.11030 -4.00000 58.85000
v -57.15770 -4.00000 58.30000
v -56.20500 -4.00000 58.85000
v -56.20500 -4.00000 59.95000
v -57.15770 14.00000 60.50000
v -58.11030 14.00000 59.95000
v -58.11030 14.00000 58.85000
v -57.15770 14.00000 58.30000
v -56.20500 14.00000 58.85000
v -56.20500 14.00000 59.95000
v -55.25240 -4.00000 60.50000
v -56.20500 -4.00000 59.95000
v -56.20500 -4.00000 58.85000
v -55.25240 -4.00000 58.30000
v -54.29980 -4.00000 58.85000
v -54.29980 -4.00000 59.95000
v -55.25240 14.00000 60.50000
v -56.20500 14.00000 59.95000
v -56.20500 14.00000 58.85000
v -55.25240 14.00000 58.30000
v -54.29980 14.00000 58.85000
v -54.29980 14.00000 59.95000
v -53.34720 -4.00000 60.50000
v -54.29980 -4.00000 59.95000
v -54.29980 -4.00000 58.85000
v -53.34720 -4.00000 58.30000
v -52.39450 -4.00000 58.85000
v -52.39450 -4.00000 59.95000
v -53.34720 14.00000 60.50000
v -54.29980 14.00000 59.95000
v -54.29980 14.00000 58.85000
v -53.34720 14.00000 58.30000
v -52.39450 14.00000 58.85000
v -52.39450 14.00000 59.95000
v -60.01560 -4.00000 62.15000
v -60.96820 -4.00000 61.60000
v -60.96820 -4.00000 60.50000
v -60.01560 -4.00000 59.95000
v -59.06290 -4.00000 60.50000
v -59.06290 -4.00000 61.60000
v -60.01560 14.00000 62.15000
v -60.96820 14.00000 61.60000
v -60.96820 14.00000 60.50000
v -60.01560 14.00000 59.95000
v -59.06290 14.00000 60.50000
v -59.06290 14.00000 61.60000
v -58.11030 -4.00000 62.15000
v -59.06290 -4.00000 61.60000
v -59.06290 -4.00000 60.50000
v -58.11030 -4.00000 59.95000
v -57.15770 -4.00000 60.50000
v -57.15770 -4.00000 61.60000
v -58.11030 14.00000 62.15000
v -59.06290 14.00000 61.60000
v -59.06290 14.00000 60.50000
v -58.11030 14.00000 59.95000
v -57.15770 14.00000 60.50000
v -57.15770 14.00000 61.60000
v -56.20500 -4.00000 62.15000
v -57.15770 -4.00000 61.60000
v -57.15770 -4.00000 60.50000
v -56.20500 -4.00000 59.95000
v -55.25240 -4.00000 60.50000
v -55.25240 -4.00000 61.60000
v -56.20500 14.00000 62.15000
v -57.15770 14.00000 61.60000
v -57.15770 14.00000 60.50000
v -56.20500 14.00000 59.95000
v -55.25240 14.00000 60.50000
v -55.25240 14.00000 61.60000
v -54.29980 -4.00000 62.15000
v -55.25240 -4.00000 61.60000
v -55.25240 -4.00000 60.50000
v -54.29980 -4.00000 59.95000
v -53.34720 -4.00000 60.50000
v -53.34720 -4.00000 61.60000
v -54.29980 14.00000 62.15000
v -55.25240 14.00000 61.60000
v -55.25240 14.00000 60.50000
v -54.29980 14.00000 59.95000
v -53.34720 14.00000 60.50000
v -53.34720 14.00000 61.60000
v -52.39450 -4.00000 62.15000
v -53.34720 -4.00000 61.60000
v -53.34720 -4.00000 60.50000
v -52.39450 -4.00000 59.95000
v -51.44190 -4.00000 60.50000
v -51.44190 -4.00000 61.60000
v -52.39450 14.00000 62.15000
v -53.34720 14.00000 61.60000
v -53.34720 14.00000 60.50000
v -52.39450 14.00000 59.95000
v -51.44190 14.00000 60.50000
v -51.44190 14.00000 61.60000
v -50.48930 -4.00000 62.15000
v -51.44190 -4.00000 61.60000
v -51.44190 -4.00000 60.50000
v -50.48930 -4.00000 59.95000
v -49.53670 -4.00000 60.50000
v -49.53670 -4.00000 61.60000
v -50.48930 14.00000 62.15000
v -51.44190 14.00000 61.60000
v -51.44190 14.00000 60.50000
v -50.48930 14.00000 59.95000
v -49.53670 14.00000 60.50000
v -49.53670 14.00000 61.60000
v -59.06290 -4.00000 63.80000
v -60.01560 -4.00000 63.25000
v -60.01560 -4.00000 62.15000
v -59.06290 -4.00000 61.60000
v -58.11030 -4.00000 62.15000
v -58.11030 -4.00000 63.25000
v -59.06290 14.00000 63.80000
v -60.01560 14.00000 63.25000
v -60.01560 14.00000 62.15000
v -59.06290 14.00000 61.60000
v -58.11030 14.00000 62.15000
v -58.11030 14.00000 63.25000
v -57.15770 -4.00000 63.80000
v -58.11030 -4.00000 63.25000
v -58.11030 -4.00000 62.15000
v -57.15770 -4.00000 61.60000
v -56.20500 -4.00000 62.15000
v -56.20500 -4.00000 63.25000
v -57.15770 14.00000 63.80000
v -58.11030 14.00000 63.25000
v -58.11030 14.00000 62.15000
v -57.15770 14.00000 61.60000
v -56.20500 14.00000 62.15000
v -56.20500 14.00000 63.25000
v -55.25240 -4.00000 63.80000
v -56.20500 -4.00000 63.25000
v -56.20500 -4.00000 62.15000
v -55.25240 -4.00000 61.60000
v -54.29980 -4.00000 62.15000
v -54.29980 -4.00000 63.25000
v -55.25240 14.00000 63.80000
v -56.20500 14.00000 63.25000
v -56.20500 14.00000 62.15000
v -55.25240 14.00000 61.60000
v -54.29980 14.00000 62.15000
v -54.29980 14.00000 63.25000
v -53.34720 -4.00000 63.80000
v -54.29980 -4.00000 63.25000
v -54.29980 -4.00000 62.15000
v -53.34720 -4.00000 61.60000
v -52.39450 -4.00000 62.15000
v -52.39450 -4.00000 63.25000
v -53.34720 14.00000 63.80000
v -54.29980 14.00000 63.25000
v -54.29980 14.00000 62.15000
v -53.34720 14.00000 61.60000
v -52.39450 14.00000 62.15000
v -52.39450 14.00000 63.25000
v -51.44190 -4.00000 63.80000
v -52.39450 -4.00000 63.25000
v -52.39450 -4.00000 62.15000
v -51.44190 -4.00000 61.60000
v -50.48930 -4.00000 62.15000
v -50.48930 -4.00000 63.25000
v -51.44190 14.00000 63.80000
v -52.39450 14.00000 63.25000
v -52.39450 14.00000 62.15000
v -51.44190 14.00000 61.60000
v -50.48930 14.00000 62.15000
v -50.48930 14.00000 63.25000
v -49.53670 -4.00000 63.80000
v -50.48930 -4.00000 63.25000
v -50.48930 -4.00000 62.15000
v -49.53670 -4.00000 61.60000
v -48.58400 -4.00000 62.15000
v -48.58400 -4.00000 63.25000
v -49.53670 14.00000 63.80000
v -50.48930 14.00000 63.25000
v -50.48930 14.00000 62.15000
v -49.53670 14.00000 61.60000
v -48.58400 14.00000 62.15000
v -48.58400 14.00000 63.25000
v -58.11030 -4.00000 65.45000
v -59.06290 -4.00000 64.90000
v -59.06290 -4.00000 63.80000
v -58.11030 -4.00000 63.25000
v -57.15770 -4.00000 63.80000
v -57.15770 -4.00000 64.90000
v -58.11030 14.00000 65.45000
v -59.06290 14.00000 64.90000
v -59.06290 14.00000 63.80000
v -58.11030 14.00000 63.25000
v -57.15770 14.00000 63.80000
v -57.15770 14.00000 64.90000
v -56.20500 -4.00000 65.45000
v -57.15770 -4.00000 64.90000
v -57.15770 -4.00000 63.80000
v -56.20500 -4.00000 63.25000
v -55.25240 -4.00000 63.80000
v -55.25240 -4.00000 64.90000
v -56.20500 14.00000 65.45000
v -57.15770 14.00000 64.90000
v -57.15770 14.00000 63.80000
v -56.20500 14.00000 63.25000
v -55.25240 14.00000 63.80000
v -55.25240 14.00000 64.90000
v -54.29980 -4.00000 65.45000
v -55.25240 -4.00000 64.90000
v -55.25240 -4.00000 63.80000
v -54.29980 -4.00000 63.25000
v -53.34720 -4.00000 63.80000
v -53.34720 -4.00000 64.90000
v -54.29980 14.00000 65.45000
v -55.25240 14.00000 64.90000
v -55.25240 14.00000 63.80000
v -54.29980 14.00000 63.25000
v -53.34720 14.00000 63.80000
v -53.34720 14.00000 64.90000
v -52.39450 -4.00000 65.45000
v -53.34720 -4.00000 64.90000
v -53.34720 -4.00000 63.80000
v -52.39450 -4.00000 63.25000
v -51.44190 -4.00000 63.80000
v -51.44190 -4.00000 64.90000
v -52.39450 14.00000 65.45000
v -53.34720 14.00000 64.90000
v -53.34720 14.00000 63.80000
v -52.39450 14.00000 63.25000
v -51.44190 14.00000 63.80000
v -51.44190 14.00000 64.90000
v -50.48930 -4.00000 65.45000
v -51.44190 -4.00000 64.90000
v -51.44190 -4.00000 63.80000
v -50.48930 -4.00000 63.25000
v -49.53670 -4.00000 63.80000
v -49.53670 -4.00000 64.90000
v -50.48930 14.00000 65.45000
v -51.44190 14.00000 64.90000
v -51.44190 14.00000 63.80000
v -50.48930 14.00000 63.25000
v -49.53670 14.00000 63.80000
v -49.53670 14.00000 64.90000
v -48.58400 -4.00000 65.45000
v -49.53670 -4.00000 64.90000
v -49.53670 -4.00000 63.80000
v -48.58400 -4.00000 63.25000
v -47.63140 -4.00000 63.80000
v -47.63140 -4.00000 64.90000
v -48.58400 14.00000 65.45000
v -49.53670 14.00000 64.90000
v -49.53670 14.00000 63.80000
v -48.58400 14.00000 63.25000
v -47.63140 14.00000 63.80000
v -47.63140 14.00000 64.90000
v -46.67880 -4.00000 65.45000
v -47.63140 -4.00000 64.90000
v -47.63140 -4.00000 63.80000
v -46.67880 -4.00000 63.25000
v -45.72610 -4.00000 63.80000
v -45.72610 -4.00000 64.90000
v -46.67880 14.00000 65.45000
v -47.63140 14.00000 64.90000
v -47.63140 14.00000 63.80000
v -46.67880 14.00000 63.25000
v -45.72610 14.00000 63.80000
v -45.72610 14.00000 64.90000
v -55.25240 -4.00000 67.10000
v -56.20500 -4.00000 66.55000
v -56.20500 -4.00000 65.45000
v -55.25240 -4.00000 64.90000
v -54.29980 -4.00000 65.45000
v -54.29980 -4.00000 66.55000
v -55.25240 14.00000 67.10000
v -56.20500 14.00000 66.55000
v -56.20500 14.00000 65.45000
v -55.25240 14.00000 64.90000
v -54.29980 14.00000 65.45000
v -54.29980 14.00000 66.55000
v -53.34720 -4.00000 67.10000
v -54.29980 -4.00000 66.55000
v -54.29980 -4.00000 65.45000
v -53.34720 -4.00000 64.90000
v -52.39450 -4.00000 65.45000
v -52.39450 -4.00000 66.55000
v -53.34720 14.00000 67.10000
v -54.29980 14.00000 66.55000
v -54.29980 14.00000 65.45000
v -53.34720 14.00000 64.90000
v -52.39450 14.00000 65.45000
v -52.39450 14.00000 66.55000
v -51.44190 -4.00000 67.10000
v -52.39450 -4.00000 66.55000
v -52.39450 -4.00000 65.45000
v -51.44190 -4.00000 64.90000
v -50.48930 -4.00000 65.45000
v -50.48930 -4.00000 66.55000
v -51.44190 14.00000 67.10000
v -52.39450 14.00000 66.55000
v -52.39450 14.00000 65.45000
v -51.44190 14.00000 64.90000
v -50.48930 14.00000 65.45000
v -50.48930 14.00000 66.55000
v -49.53670 -4.00000 67.10000
v -50.48930 -4.00000 66.55000
v -50.48930 -4.00000 65.45000
v -49.53670 -4.00000 64.90000
v -48.58400 -4.00000 65.45000
v -48.58400 -4.00000 66.55000
v -49.53670 14.00000 67.10000
v -50.48930 14.00000 66.55000
v -50.48930 14.00000 65.45000
v -49.53670 14.00000 64.90000
v -48.58400 14.00000 65.45000
v -48.58400 14.00000 66.55000
v -47.63140 -4.00000 67.10000
v -48.58400 -4.00000 66.55000
v -48.58400 -4.00000 65.45000
v -47.63140 -4.00000 64.90000
v -46.67880 -4.00000 65.45000
v -46.67880 -4.00000 66.55000
v -47.63140 14.00000 67.10000
v -48.58400 14.00000 66.55000
v -48.58400 14.00000 65.45000
v -47.63140 14.00000 64.90000
v -46.67880 14.00000 65.45000
v -46.67880 14.00000 66.55000
v -45.72610 -4.00000 67.10000
v -46.67880 -4.00000 66.55000
v -46.67880 -4.00000 65.45000
v -45.72610 -4.00000 64.90000
v -44.77350 -4.00000 65.45000
v -44.77350 -4.00000 66.55000
v -45.72610 14.00000 67.10000
v -46.67880 14.00000 66.55000
v -46.67880 14.00000 65.45000
v -45.72610 14.00000 64.90000
v -44.77350 14.00000 65.45000
v -44.77350 14.00000 66.55000
v -43.82090 -4.00000 67.10000
v -44.77350 -4.00000 66.55000
v -44.77350 -4.00000 65.45000
v -43.82090 -4.00000 64.90000
v -42.86830 -4.00000 65.45000
v -42.86830 -4.00000 66.55000
v -43.82090 14.00000 67.10000
v -44.77350 14.00000 66.55000
v -44.77350 14.00000 65.45000
v -43.82090 14.00000 64.90000
v -42.86830 14.00000 65.45000
v -42.86830 14.00000 66.55000
v -54.29980 -4.00000 68.75000
v -55.25240 -4.00000 68.20000
v -55.25240 -4.00000 67.10000
v -54.29980 -4.00000 66.55000
v -53.34720 -4.00000 67.10000
v -53.34720 -4.00000 68.20000
v -54.29980 14.00000 68.75000
v -55.25240 14.00000 68.20000
v -55.25240 14.00000 67.10000
v -54.29980 14.00000 66.55000
v -53.34720 14.00000 67.10000
v -53.34720 14.00000 68.20000
v -52.39450 -4.00000 68.75000
v -53.34720 -4.00000 68.20000
v -53.34720 -4.00000 67.10000
v -52.39450 -4.00000 66.55000
v -51.44190 -4.00000 67.10000
v -51.44190 -4.00000 68.20000
v -52.39450 14.00000 68.75000
v -53.34720 14.00000 68.20000
v -53.34720 14.00000 67.10000
v -52.39450 14.00000 66.55000
v -51.44190 14.00000 67.10000
v -51.44190 14.00000 68.20000
v -50.48930 -4.00000 68.75000
v -51.44190 -4.00000 68.20000
v -51.44190 -4.00000 67.10000
v -50.48930 -4.00000 66.55000
v -49.53670 -4.00000 67.10000
v -49.53670 -4.00000 68.20000
v -50.48930 14.00000 68.75000
v -51.44190 14.00000 68.20000
v -51.44190 14.00000 67.10000
v -50.48930 14.00000 66.55000
v -49.53670 14.00000 67.10000
v -49.53670 14.00000 68.20000
v -48.58400 -4.00000 68.75000
v -49.53670 -4.00000 68.20000
v -49.53670 -4.00000 67.10000
v -48.58400 -4.00000 66.55000
v -47.63140 -4.00000 67.10000
v -47.63140 -4.00000 68.20000
v -48.58400 14.00000 68.75000
v -49.53670 14.00000 68.20000
v -49.53670 14.00000 67.10000
v -48.58400 14.00000 66.55000
v -47.63140 14.00000 67.10000
v -47.63140 14.00000 68.20000
v -46.67880 -4.00000 68.75000
v -47.63140 -4.00000 68.20000
v -47.63140 -4.00000 67.10000
v -46.67880 -4.00000 66.55000
v -45.72610 -4.00000 67.10000
v -45.72610 -4.00000 68.20000
v -46.67880 14.00000 68.75000
v -47.63140 14.00000 68.20000
v -47.63140 14.00000 67.10000
v -46.67880 14.00000 66.55000
v -45.72610 14.00000 67.10000
v -45.72610 14.00000 68.20000
v -44.77350 -4.00000 68.75000
v -45.72610 -4.00000 68.20000
v -45.72610 -4.00000 67.10000
v -44.77350 -4.00000 66.55000
v -43.82090 -4.00000 67.10000
v -43.82090 -4.00000 68.20000
v -44.77350 14.00000 68.75000
v -45.72610 14.00000 68.20000
v -45.72610 14.00000 67.10000
v -44.77350 14.00000 66.55000
v -43.82090 14.00000 67.10000
v -43.82090 14.00000 68.20000
v -42.86830 -4.00000 68.75000
v -43.82090 -4.00000 68.20000
v -43.82090 -4.00000 67.10000
v -42.86830 -4.00000 66.55000
v -41.91560 -4.00000 67.10000
v -41.91560 -4.00000 68.20000
v -42.86830 14.00000 68.75000
v -43.82090 14.00000 68.20000
v -43.82090 14.00000 67.10000
v -42.86830 14.00000 66.55000
v -41.91560 14.00000 67.10000
v -41.91560 14.00000 68.20000
v -40.96300 -4.00000 68.75000
v -41.91560 -4.00000 68.20000
v -41.91560 -4.00000 67.10000
v -40.96300 -4.00000 66.55000
v -40.01040 -4.00000 67.10000
v -40.01040 -4.00000 68.20000
v -40.96300 14.00000 68.75000
v -41.91560 14.00000 68.20000
v -41.91560 14.00000 67.10000
v -40.96300 14.00000 66.55000
v -40.01040 14.00000 67.10000
v -40.01040 14.00000 68.20000
v -51.44190 -4.00000 70.40000
v -52.39450 -4.00000 69.85000
v -52.39450 -4.00000 68.75000
v -51.44190 -4.00000 68.20000
v -50.48930 -4.00000 68.75000
v -50.48930 -4.00000 69.85000
v -51.44190 14.00000 70.40000
v -52.39450 14.00000 69.85000
v -52.39450 14.00000 68.75000
v -51.44190 14.00000 68.20000
v -50.48930 14.00000 68.75000
v -50.48930 14.00000 69.85000
v -49.53670 -4.00000 70.40000
v -50.48930 -4.00000 69.85000
v -50.48930 -4.00000 68.75000
v -49.53670 -4.00000 68.20000
v -48.58400 -4.00000 68.75000
v -48.58400 -4.00000 69.85000
v -49.53670 14.00000 70.40000
v -50.48930 14.00000 69.85000
v -50.48930 14.00000 68.75000
v -49.53670 14.00000 68.20000
v -48.58400 14.00000 68.75000
v -48.58400 14.00000 69.85000
v -47.63140 -4.00000 70.40000
v -48.58400 -4.00000 69.85000
v -48.58400 -4.00000 68.75000
v -47.63140 -4.00000 68.20000
v -46.67880 -4.00000 68.75000
v -46.67880 -4.00000 69.85000
v -47.63140 14.00000 70.40000
v -48.58400 14.00000 69.85000
v -48.58400 14.00000 68.75000
v -47.63140 14.00000 68.20000
v -46.67880 14.00000 68.75000
v -46.67880 14.00000 69.85000
v -45.72610 -4.00000 70.40000
v -46.67880 -4.00000 69.85000
v -46.67880 -4.00000 68.75000
v -45.72610 -4.00000 68.20000
v -44.77350 -4.00000 68.75000
v -44.77350 -4.00000 69.85000
v -45.72610 14.00000 70.40000
v -46.67880 14.00000 69.85000
v -46.67880 14.00000 68.75000
v -45.72610 14.00000 68.20000
v -44.77350 14.00000 68.75000
v -44.77350 14.00000 69.85000
v -43.82090 -4.00000 70.40000
v -44.77350 -4.00000 69.85000
v -44.77350 -4.00000 68.75000
v -43.82090 -4.00000 68.20000
v -42.86830 -4.00000 68.75000
v -42.86830 -4.00000 69.85000
v -43.82090 14.00000 70.40000
v -44.77350 14.00000 69.85000
v -44.77350 14.00000 68.75000
v -43.82090 14.00000 68.20000
v -42.86830 14.00000 68.75000
v -42.86830 14.00000 69.85000
v -41.91560 -4.00000 70.40000
v -42.86830 -4.00000 69.85000
v -42.86830 -4.00000 68.75000
v -41.91560 -4.00000 68.20000
v -40.96300 -4.00000 68.75000
v -40.96300 -4.00000 69.85000
v -41.91560 14.00000 70.40000
v -42.86830 14.00000 69.85000
v -42.86830 14.00000 68.75000
v -41.91560 14.00000 68.20000
v -40.96300 14.00000 68.75000
v -40.96300 14.00000 69.85000
v -40.01040 -4.00000 70.40000
v -40.96300 -4.00000 69.85000
v -40.96300 -4.00000 68.75000
v -40.01040 -4.00000 68.20000
v -39.05770 -4.00000 68.75000
v -39.05770 -4.00000 69.85000
v -40.01040 14.00000 70.40000
v -40.96300 14.00000 69.85000
v -40.96300 14.00000 68.75000
v -40.01040 14.00000 68.20000
v -39.05770 14.00000 68.75000
v -39.05770 14.00000 69.85000
v -38.10510 -4.00000 70.40000
v -39.05770 -4.00000 69.85000
v -39.05770 -4.00000 68.75000
v -38.10510 -4.00000 68.20000
v -37.15250 -4.00000 68.75000
v -37.15250 -4.00000 69.85000
v -38.10510 14.00000 70.40000
v -39.05770 14.00000 69.85000
v -39.05770 14.00000 68.75000
v -38.10510 14.00000 68.20000
v -37.15250 14.00000 68.75000
v -37.15250 14.00000 69.85000
v -48.58400 -4.00000 72.05000
v -49.53670 -4.00000 71.50000
v -49.53670 -4.00000 70.40000
v -48.58400 -4.00000 69.85000
v -47.63140 -4.00000 70.40000
v -47.63140 -4.00000 71.50000
v -48.58400 14.00000 72.05000
v -49.53670 14.00000 71.50000
v -49.53670 14.00000 70.40000
v -48.58400 14.00000 69.85000
v -47.63140 14.00000 70.40000
v -47.63140 14.00000 71.50000
v -46.67880 -4.00000 72.05000
v -47.63140 -4.00000 71.50000
v -47.63140 -4.00000 70.40000
v -46.67880 -4.00000 69.85000
v -45.72610 -4.00000 70.40000
v -45.72610 -4.00000 71.50000
v -46.67880 14.00000 72.05000
v -47.63140 14.00000 71.50000
v -47.63140 14.00000 70.40000
v -46.67880 14.00000 69.85000
v -45.72610 14.00000 70.40000
v -45.72610 14.00000 71.50000
v -44.77350 -4.00000 72.05000
v -45.72610 -4.00000 71.50000
v -45.72610 -4.00000 70.40000
v -44.77350 -4.00000 69.85000
v -43.82090 -4.00000 70.40000
v -43.82090 -4.00000 71.50000
v -44.77350 14.00000 72.05000
v -45.72610 14.00000 71.50000
v -45.72610 14.00000 70.40000
v -44.77350 14.00000 69.85000
v -43.82090 14.00000 70.40000
v -43.82090 14.00000 71.50000
v -42.86830 -4.00000 72.05000
v -43.82090 -4.00000 71.50000
v -43.82090 -4.00000 70.40000
v -42.86830 -4.00000 69.85000
v -41.91560 -4.00000 70.40000
v -41.91560 -4.00000 71.50000
v -42.86830 14.00000 72.05000
v -43.82090 14.00000 71.50000
v -43.82090 14.00000 70.40000
v -42.86830 14.00000 69.85000
v -41.91560 14.00000 70.40000
v -41.91560 14.00000 71.50000
v -40.96300 -4.00000 72.05000
v -41.91560 -4.00000 71.50000
v -41.91560 -4.00000 70.40000
v -40.96300 -4.00000 69.85000
v -40.01040 -4.00000 70.40000
v -40.01040 -4.00000 71.50000
v -40.96300 14.00000 72.05000
v -41.91560 14.00000 71.50000
v -41.91560 14.00000 70.40000
v -40.96300 14.00000 69.85000
v -40.01040 14.00000 70.40000
v -40.01040 14.00000 71.50000
v -39.05770 -4.00000 72.05000
v -40.01040 -4.00000 71.50000
v -40.01040 -4.00000 70.40000
v -39.05770 -4.00000 69.85000
v -38.10510 -4.00000 70.40000
v -38.10510 -4.00000 71.50000
v -39.05770 14.00000 72.05000
v -40.01040 14.00000 71.50000
v -40.01040 14.00000 70.40000
v -39.05770 14.00000 69.85000
v -38.10510 14.00000 70.40000
v -38.10510 14.00000 71.50000
v -37.15250 -4.00000 72.05000
v -38.10510 -4.00000 71.50000
v -38.10510 -4.00000 70.40000
v -37.15250 -4.00000 69.85000
v -36.19990 -4.00000 70.40000
v -36.19990 -4.00000 71.50000
v -37.15250 14.00000 72.05000
v -38.10510 14.00000 71.50000
v -38.10510 14.00000 70.40000
v -37.15250 14.00000 69.85000
v -36.19990 14.00000 70.40000
v -36.19990 14.00000 71.50000
v -35.24720 -4.00000 72.05000
v -36.19990 -4.00000 71.50000
v -36.19990 -4.00000 70.40000
v -35.24720 -4.00000 69.85000
v -34.29460 -4.00000 70.40000
v -34.29460 -4.00000 71.50000
v -35.24720 14.00000 72.05000
v -36.19990 14.00000 71.50000
v -36.19990 14.00000 70.40000
v -35.24720 14.00000 69.85000
v -34.29460 14.00000 70.40000
v -34.29460 14.00000 71.50000
v -47.63140 -4.00000 73.70000
v -48.58400 -4.00000 73.15000
v -48.58400 -4.00000 72.05000
v -47.63140 -4.00000 71.50000
v -46.67880 -4.00000 72.05000
v -46.67880 -4.00000 73.15000
v -47.63140 14.00000 73.70000
v -48.58400 14.00000 73.15000
v -48.58400 14.00000 72.05000
v -47.63140 14.00000 71.50000
v -46.67880 14.00000 72.05000
v -46.67880 14.00000 73.15000
v -45.72610 -4.00000 73.70000
v -46.67880 -4.00000 73.15000
v -46.67880 -4.00000 72.05000
v -45.72610 -4.00000 71.50000
v -44.77350 -4.00000 72.05000
v -44.77350 -4.00000 73.15000
v -45.72610 14.00000 73.70000
v -46.67880 14.00000 73.15000
v -46.67880 14.00000 72.05000
v -45.72610 14.00000 71.50000
v -44.77350 14.00000 72.05000
v -44.77350 14.00000 73.15000
v -43.82090 -4.00000 73.70000
v -44.77350 -4.00000 73.15000
v -44.77350 -4.00000 72.05000
v -43.82090 -4.00000 71.50000
v -42.86830 -4.00000 72.05000
v -42.86830 -4.00000 73.15000
v -43.82090 14.00000 73.70000
v -44.77350 14.00000 73.15000
v -44.77350 14.00000 72.05000
v -43.82090 14.00000 71.50000
v -42.86830 14.00000 72.05000
v -42.86830 14.00000 73.15000
v -41.91560 -4.00000 73.70000
v -42.86830 -4.00000 73.15000
v -42.86830 -4.00000 72.05000
v -41.91560 -4.00000 71.50000
v -40.96300 -4.00000 72.05000
v -40.96300 -4.00000 73.15000
v -41.91560 14.00000 73.70000
v -42.86830 14.00000 73.15000
v -42.86830 14.00000 72.05000
v -41.91560 14.00000 71.50000
v -40.96300 14.00000 72.05000
v -40.96300 14.00000 73.15000
v -40.01040 -4.00000 73.70000
v -40.96300 -4.00000 73.15000
v -40.96300 -4.00000 72.05000
v -40.01040 -4.00000 71.50000
v -39.05770 -4.00000 72.05000
v -39.05770 -4.00000 73.15000
v -40.01040 14.00000 73.70000
v -40.96300 14.00000 73.15000
v -40.96300 14.00000 72.05000
v -40.01040 14.00000 71.50000
v -39.05770 14.00000 72.05000
v -39.05770 14.00000 73.15000
v -38.10510 -4.00000 73.70000
v -39.05770 -4.00000 73.15000
v -39.05770 -4.00000 72.05000
v -38.10510 -4.00000 71.50000
v -37.15250 -4.00000 72.05000
v -37.15250 -4.00000 73.15000
v -38.10510 14.00000 73.70000
v -39.05770 14.00000 73.15000
v -39.05770 14.00000 72.05000
v -38.10510 14.00000 71.50000
v -37.15250 14.00000 72.05000
v -37.15250 14.00000 73.15000
v -36.19990 -4.00000 73.70000
v -37.15250 -4.00000 73.15000
v -37.15250 -4.00000 72.05000
v -36.19990 -4.00000 71.50000
v -35.24720 -4.00000 72.05000
v -35.24720 -4.00000 73.15000
v -36.19990 14.00000 73.70000
v -37.15250 14.00000 73.15000
v -37.15250 14.00000 72.05000
v -36.19990 14.00000 71.50000
v -35.24720 14.00000 72.05000
v -35.24720 14.00000 73.15000
v -34.29460 -4.00000 73.70000
v -35.24720 -4.00000 73.15000
v -35.24720 -4.00000 72.05000
v -34.29460 -4.00000 71.50000
v -33.34200 -4.00000 72.05000
v -33.34200 -4.00000 73.15000
v -34.29460 14.00000 73.70000
v -35.24720 14.00000 73.15000
v -35.24720 14.00000 72.05000
v -34.29460 14.00000 71.50000
v -33.34200 14.00000 72.05000
v -33.34200 14.00000 73.15000
v -32.38940 -4.00000 73.70000
v -33.34200 -4.00000 73.15000
v -33.34200 -4.00000 72.05000
v -32.38940 -4.00000 71.50000
v -31.43670 -4.00000 72.05000
v -31.43670 -4.00000 73.15000
v -32.38940 14.00000 73.70000
v -33.34200 14.00000 73.15000
v -33.34200 14.00000 72.05000
v -32.38940 14.00000 71.50000
v -31.43670 14.00000 72.05000
v -31.43670 14.00000 73.15000
v -44.77350 -4.00000 75.35000
v -45.72610 -4.00000 74.80000
v -45.72610 -4.00000 73.70000
v -44.77350 -4.00000 73.15000
v -43.82090 -4.00000 73.70000
v -43.82090 -4.00000 74.80000
v -44.77350 14.00000 75.35000
v -45.72610 14.00000 74.80000
v -45.72610 14.00000 73.70000
v -44.77350 14.00000 73.15000
v -43.82090 14.00000 73.70000
v -43.82090 14.00000 74.80000
v -42.86830 -4.00000 75.35000
v -43.82090 -4.00000 74.80000
v -43.82090 -4.00000 73.70000
v -42.86830 -4.00000 73.15000
v -41.91560 -4.00000 73.70000
v -41.91560 -4.00000 74.80000
v -42.86830 14.00000 75.35000
v -43.82090 14.00000 74.80000
v -43.82090 14.00000 73.70000
v -42.86830 14.00000 73.15000
v -41.91560 14.00000 73.70000
v -41.91560 14.00000 74.80000
v -40.96300 -4.00000 75.35000
v -41.91560 -4.00000 74.80000
v -41.91560 -4.00000 73.70000
v -40.96300 -4.00000 73.15000
v -40.01040 -4.00000 73.70000
v -40.01040 -4.00000 74.80000
v -40.96300 14.00000 75.35000
v -41.91560 14.00000 74.80000
v -41.91560 14.00000 73.70000
v -40.96300 14.00000 73.15000
v -40.01040 14.00000 73.70000
v -40.01040 14.00000 74.80000
v -39.05770 -4.00000 75.35000
v -40.01040 -4.00000 74.80000
v -40.01040 -4.00000 73.70000
v -39.05770 -4.00000 73.15000
v -38.10510 -4.00000 73.70000
v -38.10510 -4.00000 74.80000
v -39.05770 14.00000 75.35000
v -40.01040 14.00000 74.80000
v -40.01040 14.00000 73.70000
v -39.05770 14.00000 73.15000
v -38.10510 14.00000 73.70000
v -38.10510 14.00000 74.80000
v -37.15250 -4.00000 75.35000
v -38.10510 -4.00000 74.80000
v -38.10510 -4.00000 73.70000
v -37.15250 -4.00000 73.15000
v -36.19990 -4.00000 73.70000
v -36.19990 -4.00000 74.80000
v -37.15250 14.00000 75.35000
v -38.10510 14.00000 74.80000
v -38.10510 14.00000 73.70000
v -37.15250 14.00000 73.15000
v -36.19990 14.00000 73.70000
v -36.19990 14.00000 74.80000
v -35.24720 -4.00000 75.35000
v -36.19990 -4.00000 74.80000
v -36.19990 -4.00000 73.70000
v -35.24720 -4.00000 73.15000
v -34.29460 -4.00000 73.70000
v -34.29460 -4.00000 74.80000
v -35.24720 14.00000 75.35000
v -36.19990 14.00000 74.80000
v -36.19990 14.00000 73.70000
v -35.24720 14.00000 73.15000
v -34.29460 14.00000 73.70000
v -34.29460 14.00000 74.80000
v -33.34200 -4.00000 75.35000
v -34.29460 -4.00000 74.80000
v -34.29460 -4.00000 73.70000
v -33.34200 -4.00000 73.15000
v -32.38940 -4.00000 73.70000
v -32.38940 -4.00000 74.80000
v -33.34200 14.00000 75.35000
v -34.29460 14.00000 74.80000
v -34.29460 14.00000 73.70000
v -33.34200 14.00000 73.15000
v -32.38940 14.00000 73.70000
v -32.38940 14.00000 74.80000
v -31.43670 -4.00000 75.35000
v -32.38940 -4.00000 74.80000
v -32.38940 -4.00000 73.70000
v -31.43670 -4.00000 73.15000
v -30.48410 -4.00000 73.70000
v -30.48410 -4.00000 74.80000
v -31.43670 14.00000 75.35000
v -32.38940 14.00000 74.80000
v -32.38940 14.00000 73.70000
v -31.43670 14.00000 73.15000
v -30.48410 14.00000 73.70000
v -30.48410 14.00000 74.80000
v -29.53150 -4.00000 75.35000
v -30.48410 -4.00000 74.80000
v -30.48410 -4.00000 73.70000
v -29.53150 -4.00000 73.15000
v -28.57880 -4.00000 73.70000
v -28.57880 -4.00000 74.80000
v -29.53150 14.00000 75.35000
v -30.48410 14.00000 74.80000
v -30.48410 14.00000 73.70000
v -29.53150 14.00000 73.15000
v -28.57880 14.00000 73.70000
v -28.57880 14.00000 74.80000
v -27.62620 -4.00000 75.35000
v -28.57880 -4.00000 74.80000
v -28.57880 -4.00000 73.70000
v -27.62620 -4.00000 73.15000
v -26.67360 -4.00000 73.70000
v -26.67360 -4.00000 74.80000
v -27.62620 14.00000 75.35000
v -28.57880 14.00000 74.80000
v -28.57880 14.00000 73.70000
v -27.62620 14.00000 73.15000
v -26.67360 14.00000 73.70000
v -26.67360 14.00000 74.80000
v -41.91560 -4.00000 77.00000
v -42.86830 -4.00000 76.45000
v -42.86830 -4.00000 75.35000
v -41.91560 -4.00000 74.80000
v -40.96300 -4.00000 75.35000
v -40.96300 -4.00000 76.45000
v -41.91560 14.00000 77.00000
v -42.86830 14.00000 76.45000
v -42.86830 14.00000 75.35000
v -41.91560 14.00000 74.80000
v -40.96300 14.00000 75.35000
v -40.96300 14.00000 76.45000
v -40.01040 -4.00000 77.00000
v -40.96300 -4.00000 76.45000
v -40.96300 -4.00000 75.35000
v -40.01040 -4.00000 74.80000
v -39.05770 -4.00000 75.35000
v -39.05770 -4.00000 76.45000
v -40.01040 14.00000 77.00000
v -40.96300 14.00000 76.45000
v -40.96300 14.00000 75.35000
v -40.01040 14.00000 74.80000
v -39.05770 14.00000 75.35000
v -39.05770 14.00000 76.45000
v -38.10510 -4.00000 77.00000
v -39.05770 -4.00000 76.45000
v -39.05770 -4.00000 75.35000
v -38.10510 -4.00000 74.80000
v -37.15250 -4.00000 75.35000
v -37.15250 -4.00000 76.45000
v -38.10510 14.00000 77.00000
v -39.05770 14.00000 76.45000
v -39.05770 14.00000 75.35000
v -38.10510 14.00000 74.80000
v -37.15250 14.00000 75.35000
v -37.15250 14.00000 76.45000
v -36.19990 -4.00000 77.00000
v -37.15250 -4.00000 76.45000
v -37.15250 -4.00000 75.35000
v -36.19990 -4.00000 74.80000
v -35.24720 -4.00000 75.35000
v -35.24720 -4.00000 76.45000
v -36.19990 14.00000 77.00000
v -37.15250 14.00000 76.45000
v -37.15250 14.00000 75.35000
v -36.19990 14.00000 74.80000
v -35.24720 14.00000 75.35000
v -35.24720 14.00000 76.45000
v -34.29460 -4.00000 77.00000
v -35.24720 -4.00000 76.45000
v -35.24720 -4.00000 75.35000
v -34.29460 -4.00000 74.80000
v -33.34200 -4.00000 75.35000
v -33.34200 -4.00000 76.45000
v -34.29460 14.00000 77.00000
v -35.24720 14.00000 76.45000
v -35.24720 14.00000 75.35000
v -34.29460 14.00000 74.80000
v -33.34200 14.00000 75.35000
v -33.34200 14.00000 76.45000
v -32.38940 -4.00000 77.00000
v -33.34200 -4.00000 76.45000
v -33.34200 -4.00000 75.35000
v -32.38940 -4.00000 74.80000
v -31.43670 -4.00000 75.35000
v -31.43670 -4.00000 76.45000
v -32.38940 14.00000 77.00000
v -33.34200 14.00000 76.45000
v -33.34200 14.00000 75.35000
v -32.38940 14.00000 74.80000
v -31.43670 14.00000 75.35000
v -31.43670 14.00000 76.45000
v -30.48410 -4.00000 77.00000
v -31.43670 -4.00000 76.45000
v -31.43670 -4.00000 75.35000
v -30.48410 -4.00000 74.80000
v -29.53150 -4.00000 75.35000
v -29.53150 -4.00000 76.45000
v -30.48410 14.00000 77.00000
v -31.43670 14.00000 76.45000
v -31.43670 14.00000 75.35000
v -30.48410 14.00000 74.80000
v -29.53150 14.00000 75.35000
v -29.53150 14.00000 76.45000
v -28.57880 -4.00000 77.00000
v -29.53150 -4.00000 76.45000
v -29.53150 -4.00000 75.35000
v -28.57880 -4.00000 74.80000
v -27.62620 -4.00000 75.35000
v -27.62620 -4.00000 76.45000
v -28.57880 14.00000 77.00000
v -29.53150 14.00000 76.45000
v -29.53150 14.00000 75.35000
v -28.57880 14.00000 74.80000
v -27.62620 14.00000 75.35000
v -27.62620 14.00000 76.45000
v -26.67360 -4.00000 77.00000
v -27.62620 -4.00000 76.45000
v -27.62620 -4.00000 75.35000
v -26.67360 -4.00000 74.80000
v -25.72100 -4.00000 75.35000
v -25.72100 -4.00000 76.45000
v -26.67360 14.00000 77.00000
v -27.62620 14.00000 76.45000
v -27.62620 14.00000 75.35000
v -26.67360 14.00000 74.80000
v -25.72100 14.00000 75.35000
v -25.72100 14.00000 76.45000
v -24.76830 -4.00000 77.00000
v -25.72100 -4.00000 76.45000
v -25.72100 -4.00000 75.35000
v -24.76830 -4.00000 74.80000
v -23.81570 -4.00000 75.35000
v -23.81570 -4.00000 76.45000
v -24.76830 14.00000 77.00000
v -25.72100 14.00000 76.45000
v -25.72100 14.00000 75.35000
v -24.76830 14.00000 74.80000
v -23.81570 14.00000 75.35000
v -23.81570 14.00000 76.45000
v -22.86310 -4.00000 77.00000
v -23.81570 -4.00000 76.45000
v -23.81570 -4.00000 75.35000
v -22.86310 -4.00000 74.80000
v -21.91040 -4.00000 75.35000
v -21.91040 -4.00000 76.45000
v -22.86310 14.00000 77.00000
v -23.81570 14.00000 76.45000
v -23.81570 14.00000 75.35000
v -22.86310 14.00000 74.80000
v -21.91040 14.00000 75.35000
v -21.91040 14.00000 76.45000
v -39.05770 -4.00000 78.65000
v -40.01040 -4.00000 78.10000
v -40.01040 -4.00000 77.00000
v -39.05770 -4.00000 76.45000
v -38.10510 -4.00000 77.00000
v -38.10510 -4.00000 78.10000
v -39.05770 14.00000 78.65000
v -40.01040 14.00000 78.10000
v -40.01040 14.00000 77.00000
v -39.05770 14.00000 76.45000
v -38.10510 14.00000 77.00000
v -38.10510 14.00000 78.10000
v -37.15250 -4.00000 78.65000
v -38.10510 -4.00000 78.10000
v -38.10510 -4.00000 77.00000
v -37.15250 -4.00000 76.45000
v -36.19990 -4.00000 77.00000
v -36.19990 -4.00000 78.10000
v -37.15250 14.00000 78.65000
v -38.10510 14.00000 78.10000
v -38.10510 14.00000 77.00000
v -37.15250 14.00000 76.45000
v -36.19990 14.00000 77.00000
v -36.19990 14.00000 78.10000
v -35.24720 -4.00000 78.65000
v -36.19990 -4.00000 78.10000
v -36.19990 -4.00000 77.00000
v -35.24720 -4.00000 76.45000
v -34.29460 -4.00000 77.00000
v -34.29460 -4.00000 78.10000
v -35.24720 14.00000 78.65000
v -36.19990 14.00000 78.10000
v -36.19990 14.00000 77.00000
v -35.24720 14.00000 76.45000
v -34.29460 14.00000 77.00000
v -34.29460 14.00000 78.10000
v -33.34200 -4.00000 78.65000
v -34.29460 -4.00000 78.10000
v -34.29460 -4.00000 77.00000
v -33.34200 -4.00000 76.45000
v -32.38940 -4.00000 77.00000
v -32.38940 -4.00000 78.10000
v -33.34200 14.00000 78.65000
v -34.29460 14.00000 78.10000
v -34.29460 14.00000 77.00000
v -33.34200 14.00000 76.45000
v -32.38940 14.00000 77.00000
v -32.38940 14.00000 78.10000
v -31.43670 -4.00000 78.65000
v -32.38940 -4.00000 78.10000
v -32.38940 -4.00000 77.00000
v -31.43670 -4.00000 76.45000
v -30.48410 -4.00000 77.00000
v -30.48410 -4.00000 78.10000
v -31.43670 14.00000 78.65000
v -32.38940 14.00000 78.10000
v -32.38940 14.00000 77.00000
v -31.43670 14.00000 76.45000
v -30.48410 14.00000 77.00000
v -30.48410 14.00000 78.10000
v -29.53150 -4.00000 78.65000
v -30.48410 -4.00000 78.10000
v -30.48410 -4.00000 77.00000
v -29.53150 -4.00000 76.45000
v -28.57880 -4.00000 77.00000
v -28.57880 -4.00000 78.10000
v -29.53150 14.00000 78.65000
v -30.48410 14.00000 78.10000
v -30.48410 14.00000 77.00000
v -29.53150 14.00000 76.45000
v -28.57880 14.00000 77.00000
v -28.57880 14.00000 78.10000
v -27.62620 -4.00000 78.65000
v -28.57880 -4.00000 78.10000
v -28.57880 -4.00000 77.00000
v -27.62620 -4.00000 76.45000
v -26.67360 -4.00000 77.00000
v -26.67360 -4.00000 78.10000
v -27.62620 14.00000 78.65000
v -28.57880 14.00000 78.10000
v -28.57880 14.00000 77.00000
v -27.62620 14.00000 76.45000
v -26.67360 14.00000 77.00000
v -26.67360 14.00000 78.10000
v -25.72100 -4.00000 78.65000
v -26.67360 -4.00000 78.10000
v -26.67360 -4.00000 77.00000
v -25.72100 -4.00000 76.45000
v -24.76830 -4.00000 77.00000
v -24.76830 -4.00000 78.10000
v -25.72100 14.00000 78.65000
v -26.67360 14.00000 78.10000
v -26.67360 14.00000 77.00000
v -25.72100 14.00000 76.45000
v -24.76830 14.00000 77.00000
v -24.76830 14.00000 78.10000
v -23.81570 -4.00000 78.65000
v -24.76830 -4.00000 78.10000
v -24.76830 -4.00000 77.00000
v -23.81570 -4.00000 76.45000
v -22.86310 -4.00000 77.00000
v -22.86310 -4.00000 78.10000
v -23.81570 14.00000 78.65000
v -24.76830 14.00000 78.10000
v -24.76830 14.00000 77.00000
v -23.81570 14.00000 76.45000
v -22.86310 14.00000 77.00000
v -22.86310 14.00000 78.10000
v -21.91040 -4.00000 78.65000
v -22.86310 -4.00000 78.10000
v -22.86310 -4.00000 77.00000
v -21.91040 -4.00000 76.45000
v -20.95780 -4.00000 77.00000
v -20.95780 -4.00000 78.10000
v -21.91040 14.00000 78.65000
v -22.86310 14.00000 78.10000
v -22.86310 14.00000 77.00000
v -21.91040 14.00000 76.45000
v -20.95780 14.00000 77.00000
v -20.95780 14.00000 78.10000
v -20.00520 -4.00000 78.65000
v -20.95780 -4.00000 78.10000
v -20.95780 -4.00000 77.00000
v -20.00520 -4.00000 76.45000
v -19.05260 -4.00000 77.00000
v -19.05260 -4.00000 78.10000
v -20.00520 14.00000 78.65000
v -20.95780 14.00000 78.10000
v -20.95780 14.00000 77.00000
v -20.00520 14.00000 76.45000
v -19.05260 14.00000 77.00000
v -19.05260 14.00000 78.10000
v -18.09990 -4.00000 78.65000
v -19.05260 -4.00000 78.10000
v -19.05260 -4.00000 77.00000
v -18.09990 -4.00000 76.45000
v -17.14730 -4.00000 77.00000
v -17.14730 -4.00000 78.10000
v -18.09990 14.00000 78.65000
v -19.05260 14.00000 78.10000
v -19.05260 14.00000 77.00000
v -18.09990 14.00000 76.45000
v -17.14730 14.00000 77.00000
v -17.14730 14.00000 78.10000
v -16.19470 -4.00000 78.65000
v -17.14730 -4.00000 78.10000
v -17.14730 -4.00000 77.00000
v -16.19470 -4.00000 76.45000
v -15.24200 -4.00000 77.00000
v -15.24200 -4.00000 78.10000
v -16.19470 14.00000 78.65000
v -17.14730 14.00000 78.10000
v -17.14730 14.00000 77.00000
v -16.19470 14.00000 76.45000
v -15.24200 14.00000 77.00000
v -15.24200 14.00000 78.10000
v -34.29460 -4.00000 80.30000
v -35.24720 -4.00000 79.75000
v -35.24720 -4.00000 78.65000
v -34.29460 -4.00000 78.10000
v -33.34200 -4.00000 78.65000
v -33.34200 -4.00000 79.75000
v -34.29460 14.00000 80.30000
v -35.24720 14.00000 79.75000
v -35.24720 14.00000 78.65000
v -34.29460 14.00000 78.10000
v -33.34200 14.00000 78.65000
v -33.34200 14.00000 79.75000
v -32.38940 -4.00000 80.30000
v -33.34200 -4.00000 79.75000
v -33.34200 -4.00000 78.65000
v -32.38940 -4.00000 78.10000
v -31.43670 -4.00000 78.65000
v -31.43670 -4.00000 79.75000
v -32.38940 14.00000 80.30000
v -33.34200 14.00000 79.75000
v -33.34200 14.00000 78.65000
v -32.38940 14.00000 78.10000
v -31.43670 14.00000 78.65000
v -31.43670 14.00000 79.75000
v -30.48410 -4.00000 80.30000
v -31.43670 -4.00000 79.75000
v -31.43670 -4.00000 78.65000
v -30.48410 -4.00000 78.10000
v -29.53150 -4.00000 78.65000
v -29.53150 -4.00000 79.75000
v -30.48410 14.00000 80.30000
v -31.43670 14.00000 79.75000
v -31.43670 14.00000 78.65000
v -30.48410 14.00000 78.10000
v -29.53150 14.00000 78.65000
v -29.53150 14.00000 79.75000
v -28.57880 -4.00000 80.30000
v -29.53150 -4.00000 79.75000
v -29.53150 -4.00000 78.65000
v -28.57880 -4.00000 78.10000
v -27.62620 -4.00000 78.65000
v -27.62620 -4.00000 79.75000
v -28.57880 14.00000 80.30000
v -29.53150 14.00000 79.75000
v -29.53150 14.00000 78.65000
v -28.57880 14.00000 78.10000
v -27.62620 14.00000 78.65000
v -27.62620 14.00000 79.75000
v -26.67360 -4.00000 80.30000
v -27.62620 -4.00000 79.75000
v -27.62620 -4.00000 78.65000
v -26.67360 -4.00000 78.10000
v -25.72100 -4.00000 78.65000
v -25.72100 -4.00000 79.75000
v -26.67360 14.00000 80.30000
v -27.62620 14.00000 79.75000
v -27.62620 14.00000 78.65000
v -26.67360 14.00000 78.10000
v -25.72100 14.00000 78.65000
v -25.72100 14.00000 79.75000
v -24.76830 -4.00000 80.30000
v -25.72100 -4.00000 79.75000
v -25.72100 -4.00000 78.65000
v -24.76830 -4.00000 78.10000
v -23.81570 -4.00000 78.65000
v -23.81570 -4.00000 79.75000
v -24.76830 14.00000 80.30000
v -25.72100 14.00000 79.75000
v -25.72100 14.00000 78.65000
v -24.76830 14.00000 78.10000
v -23.81570 14.00000 78.65000
v -23.81570 14.00000 79.75000
v -22.86310 -4.00000 80.30000
v -23.81570 -4.00000 79.75000
v -23.81570 -4.00000 78.65000
v -22.86310 -4.00000 78.10000
v -21.91040 -4.00000 78.65000
v -21.91040 -4.00000 79.75000
v -22.86310 14.00000 80.30000
v -23.81570 14.00000 79.75000
v -23.81570 14.00000 78.65000
v -22.86310 14.00000 78.10000
v -21.91040 14.00000 78.65000
v -21.91040 14.00000 79.75000
v -20.95780 -4.00000 80.30000
v -21.91040 -4.00000 79.75000
v -21.91040 -4.00000 78.65000
v -20.95780 -4.00000 78.10000
v -20.00520 -4.00000 78.65000
v -20.00520 -4.00000 79.75000
v -20.95780 14.00000 80.30000
v -21.91040 14.00000 79.75000
v -21.91040 14.00000 78.65000
v -20.95780 14.00000 78.10000
v -20.00520 14.00000 78.65000
v -20.00520 14.00000 79.75000
v -19.05260 -4.00000 80.30000
v -20.00520 -4.00000 79.75000
v -20.00520 -4.00000 78.65000
v -19.05260 -4.00000 78.10000
v -18.09990 -4.00000 78.65000
v -18.09990 -4.00000 79.75000
v -19.05260 14.00000 80.30000
v -20.00520 14.00000 79.75000
v -20.00520 14.00000 78.65000
v -19.05260 14.00000 78.10000
v -18.09990 14.00000 78.65000
v -18.09990 14.00000 79.75000
v -17.14730 -4.00000 80.30000
v -18.09990 -4.00000 79.75000
v -18.09990 -4.00000 78.65000
v -17.14730 -4.00000 78.10000
v -16.19470 -4.00000 78.65000
v -16.19470 -4.00000 79.75000
v -17.14730 14.00000 80.30000
v -18.09990 14.00000 79.75000
v -18.09990 14.00000 78.65000
v -17.14730 14.00000 78.10000
v -16.19470 14.00000 78.65000
v -16.19470 14.00000 79.75000
v -15.24200 -4.00000 80.30000
v -16.19470 -4.00000 79.75000
v -16.19470 -4.00000 78.65000
v -15.24200 -4.00000 78.10000
v -14.28940 -4.00000 78.65000
v -14.28940 -4.00000 79.75000
v -15.24200 14.00000 80.30000
v -16.19470 14.00000 79.75000
v -16.19470 14.00000 78.65000
v -15.24200 14.00000 78.10000
v -14.28940 14.00000 78.65000
v -14.28940 14.00000 79.75000
v -13.33680 -4.00000 80.30000
v -14.28940 -4.00000 79.75000
v -14.28940 -4.00000 78.65000
v -13.33680 -4.00000 78.10000
v -12.38420 -4.00000 78.65000
v -12.38420 -4.00000 79.75000
v -13.33680 14.00000 80.30000
v -14.28940 14.00000 79.75000
v -14.28940 14.00000 78.65000
v -13.33680 14.00000 78.10000
v -12.38420 14.00000 78.65000
v -12.38420 14.00000 79.75000
v -11.43150 -4.00000 80.30000
v -12.38420 -4.00000 79.75000
v -12.38420 -4.00000 78.65000
v -11.43150 -4.00000 78.10000
v -10.47890 -4.00000 78.65000
v -10.47890 -4.00000 79.75000
v -11.43150 14.00000 80.30000
v -12.38420 14.00000 79.75000
v -12.38420 14.00000 78.65000
v -11.43150 14.00000 78.10000
v -10.47890 14.00000 78.65000
v -10.47890 14.00000 79.75000
v -9.52630 -4.00000 80.30000
v -10.47890 -4.00000 79.75000
v -10.47890 -4.00000 78.65000
v -9.52630 -4.00000 78.10000
v -8.57370 -4.00000 78.65000
v -8.57370 -4.00000 79.75000
v -9.52630 14.00000 80.30000
v -10.47890 14.00000 79.75000
v -10.47890 14.00000 78.65000
v -9.52630 14.00000 78.10000
v -8.57370 14.00000 78.65000
v -8.57370 14.00000 79.75000
v -7.62100 -4.00000 80.30000
v -8.57370 -4.00000 79.75000
v -8.57370 -4.00000 78.65000
v -7.62100 -4.00000 78.10000
v -6.66840 -4.00000 78.65000
v -6.66840 -4.00000 79.75000
v -7.62100 14.00000 80.30000
v -8.57370 14.00000 79.75000
v -8.57370 14.00000 78.65000
v -7.62100 14.00000 78.10000
v -6.66840 14.00000 78.65000
v -6.66840 14.00000 79.75000
v -5.71580 -4.00000 80.30000
v -6.66840 -4.00000 79.75000
v -6.66840 -4.00000 78.65000
v -5.71580 -4.00000 78.10000
v -4.76310 -4.00000 78.65000
v -4.76310 -4.00000 79.75000
v -5.71580 14.00000 80.30000
v -6.66840 14.00000 79.75000
v -6.66840 14.00000 78.65000
v -5.71580 14.00000 78.10000
v -4.76310 14.00000 78.65000
v -4.76310 14.00000 79.75000
v -3.81050 -4.00000 80.30000
v -4.76310 -4.00000 79.75000
v -4.76310 -4.00000 78.65000
v -3.81050 -4.00000 78.10000
v -2.85790 -4.00000 78.65000
v -2.85790 -4.00000 79.75000
v -3.81050 14.00000 80.30000
v -4.76310 14.00000 79.75000
v -4.76310 14.00000 78.65000
v -3.81050 14.00000 78.10000
v -2.85790 14.00000 78.65000
v -2.85790 14.00000 79.75000
v -1.90530 -4.00000 80.30000
v -2.85790 -4.00000 79.75000
v -2.85790 -4.00000 78.65000
v -1.90530 -4.00000 78.10000
v -0.95260 -4.00000 78.65000
v -0.95260 -4.00000 79.75000
v -1.90530 14.00000 80.30000
v -2.85790 14.00000 79.75000
v -2.85790 14.00000 78.65000
v -1.90530 14.00000 78.10000
v -0.95260 14.00000 78.65000
v -0.95260 14.00000 79.75000
v 0.00000 -4.00000 80.30000
v -0.95260 -4.00000 79.75000
v -0.95260 -4.00000 78.65000
v -0.00000 -4.00000 78.10000
v 0.95260 -4.00000 78.65000
v 0.95260 -4.00000 79.75000
v 0.00000 14.00000 80.30000
v -0.95260 14.00000 79.75000
v -0.95260 14.00000 78.65000
v -0.00000 14.00000 78.10000
v 0.95260 14.00000 78.65000
v 0.95260 14.00000 79.75000
v -31.43670 -4.00000 81.95000
v -32.38940 -4.00000 81.40000
v -32.38940 -4.00000 80.30000
v -31.43670 -4.00000 79.75000
v -30.48410 -4.00000 80.30000
v -30.48410 -4.00000 81.40000
v -31.43670 14.00000 81.95000
v -32.38940 14.00000 81.40000
v -32.38940 14.00000 80.30000
v -31.43670 14.00000 79.75000
v -30.48410 14.00000 80.30000
v -30.48410 14.00000 81.40000
v -29.53150 -4.00000 81.95000
v -30.48410 -4.00000 81.40000
v -30.48410 -4.00000 80.30000
v -29.53150 -4.00000 79.75000
v -28.57880 -4.00000 80.30000
v -28.57880 -4.00000 81.40000
v -29.53150 14.00000 81.95000
v -30.48410 14.00000 81.40000
v -30.48410 14.00000 80.30000
v -29.53150 14.00000 79.75000
v -28.57880 14.00000 80.30000
v -28.57880 14.00000 81.40000
v -27.62620 -4.00000 81.95000
v -28.57880 -4.00000 81.40000
v -28.57880 -4.00000 80.30000
v -27.62620 -4.00000 79.75000
v -26.67360 -4.00000 80.30000
v -26.67360 -4.00000 81.40000
v -27.62620 14.00000 81.95000
v -28.57880 14.00000 81.40000
v -28.57880 14.00000 80.30000
v -27.62620 14.00000 79.75000
v -26.67360 14.00000 80.30000
v -26.67360 14.00000 81.40000
v -25.72100 -4.00000 81.95000
v -26.67360 -4.00000 81.40000
v -26.67360 -4.00000 80.30000
v -25.72100 -4.00000 79.75000
v -24.76830 -4.00000 80.30000
v -24.76830 -4.00000 81.40000
v -25.72100 14.00000 81.95000
v -26.67360 14.00000 81.40000
v -26.67360 14.00000 80.30000
v -25.72100 14.00000 79.75000
v -24.76830 14.00000 80.30000
v -24.76830 14.00000 81.40000
v -23.81570 -4.00000 81.95000
v -24.76830 -4.00000 81.40000
v -24.76830 -4.00000 80.30000
v -23.81570 -4.00000 79.75000
v -22.86310 -4.00000 80.30000
v -22.86310 -4.00000 81.40000
v -23.81570 14.00000 81.95000
v -24.76830 14.00000 81.40000
v -24.76830 14.00000 80.30000
v -23.81570 14.00000 79.75000
v -22.86310 14.00000 80.30000
v -22.86310 14.00000 81.40000
v -21.91040 -4.00000 81.95000
v -22.86310 -4.00000 81.40000
v -22.86310 -4.00000 80.30000
v -21.91040 -4.00000 79.75000
v -20.95780 -4.00000 80.30000
v -20.95780 -4.00000 81.40000
v -21.91040 14.00000 81.95000
v -22.86310 14.00000 81.40000
v -22.86310 14.00000 80.30000
v -21.91040 14.00000 79.75000
v -20.95780 14.00000 80.30000
v -20.95780 14.00000 81.40000
v -20.00520 -4.00000 81.95000
v -20.95780 -4.00000 81.40000
v -20.95780 -4.00000 80.30000
v -20.00520 -4.00000 79.75000
v -19.05260 -4.00000 80.30000
v -19.05260 -4.00000 81.40000
v -20.00520 14.00000 81.95000
v -20.95780 14.00000 81.40000
v -20.95780 14.00000 80.30000
v -20.00520 14.00000 79.75000
v -19.05260 14.00000 80.30000
v -19.05260 14.00000 81.40000
v -18.09990 -4.00000 81.95000
v -19.05260 -4.00000 81.40000
v -19.05260 -4.00000 80.30000
v -18.09990 -4.00000 79.75000
v -17.14730 -4.00000 80.30000
v -17.14730 -4.00000 81.40000
v -18.09990 14.00000 81.95000
v -19.05260 14.00000 81.40000
v -19.05260 14.00000 80.30000
v -18.09990 14.00000 79.75000
v -17.14730 14.00000 80.30000
v -17.14730 14.00000 81.40000
v -16.19470 -4.00000 81.95000
v -17.14730 -4.00000 81.40000
v -17.14730 -4.00000 80.30000
v -16.19470 -4.00000 79.75000
v -15.24200 -4.00000 80.30000
v -15.24200 -4.00000 81.40000
v -16.19470 14.00000 81.95000
v -17.14730 14.00000 81.40000
v -17.14730 14.00000 80.30000
v -16.19470 14.00000 79.75000
v -15.24200 14.00000 80.30000
v -15.24200 14.00000 81.40000
v -14.28940 -4.00000 81.95000
v -15.24200 -4.00000 81.40000
v -15.24200 -4.00000 80.30000
v -14.28940 -4.00000 79.75000
v -13.33680 -4.00000 80.30000
v -13.33680 -4.00000 81.40000
v -14.28940 14.00000 81.95000
v -15.24200 14.00000 81.40000
v -15.24200 14.00000 80.30000
v -14.28940 14.00000 79.75000
v -13.33680 14.00000 80.30000
v -13.33680 14.00000 81.40000
v -12.38420 -4.00000 81.95000
v -13.33680 -4.00000 81.40000
v -13.33680 -4.00000 80.30000
v -12.38420 -4.00000 79.75000
v -11.43150 -4.00000 80.30000
v -11.43150 -4.00000 81.40000
v -12.38420 14.00000 81.95000
v -13.33680 14.00000 81.40000
v -13.33680 14.00000 80.30000
v -12.38420 14.00000 79.75000
v -11.43150 14.00000 80.30000
v -11.43150 14.00000 81.40000
v -10.47890 -4.00000 81.95000
v -11.43150 -4.00000 81.40000
v -11.43150 -4.00000 80.30000
v -10.47890 -4.00000 79.75000
v -9.52630 -4.00000 80.30000
v -9.52630 -4.00000 81.40000
v -10.47890 14.00000 81.95000
v -11.43150 14.00000 81.40000
v -11.43150 14.00000 80.30000
v -10.47890 14.00000 79.75000
v -9.52630 14.00000 80.30000
v -9.52630 14.00000 81.40000
v -8.57370 -4.00000 81.95000
v -9.52630 -4.00000 81.40000
v -9.52630 -4.00000 80.30000
v -8.57370 -4.00000 79.75000
v -7.62100 -4.00000 80.30000
v -7.62100 -4.00000 81.40000
v -8.57370 14.00000 81.95000
v -9.52630 14.00000 81.40000
v -9.52630 14.00000 80.30000
v -8.57370 14.00000 79.75000
v -7.62100 14.00000 80.30000
v -7.62100 14.00000 81.40000
v -6.66840 -4.00000 81.95000
v -7.62100 -4.00000 81.40000
v -7.62100 -4.00000 80.30000
v -6.66840 -4.00000 79.75000
v -5.71580 -4.00000 80.30000
v -5.71580 -4.00000 81.40000
v -6.66840 14.00000 81.95000
v -7.62100 14.00000 81.40000
v -7.62100 14.00000 80.30000
v -6.66840 14.00000 79.75000
v -5.71580 14.00000 80.30000
v -5.71580 14.00000 81.40000
v -4.76310 -4.00000 81.95000
v -5.71580 -4.00000 81.40000
v -5.71580 -4.00000 80.30000
v -4.76310 -4.00000 79.75000
v -3.81050 -4.00000 80.30000
v -3.81050 -4.00000 81.40000
v -4.76310 14.00000 81.95000
v -5.71580 14.00000 81.40000
v -5.71580 14.00000 80.30000
v -4.76310 14.00000 79.75000
v -3.81050 14.00000 80.30000
v -3.81050 14.00000 81.40000
v -2.85790 -4.00000 81.95000
v -3.81050 -4.00000 81.40000
v -3.81050 -4.00000 80.30000
v -2.85790 -4.00000 79.75000
v -1.90530 -4.00000 80.30000
v -1.90530 -4.00000 81.40000
v -2.85790 14.00000 81.95000
v -3.81050 14.00000 81.40000
v -3.81050 14.00000 80.30000
v -2.85790 14.00000 79.75000
v -1.90530 14.00000 80.30000
v -1.90530 14.00000 81.40000
v -0.95260 -4.00000 81.95000
v -1.90530 -4.00000 81.40000
v -1.90530 -4.00000 80.30000
v -0.95260 -4.00000 79.75000
v -0.00000 -4.00000 80.30000
v 0.00000 -4.00000 81.40000
v -0.95260 14.00000 81.95000
v -1.90530 14.00000 81.40000
v -1.90530 14.00000 80.30000
v -0.95260 14.00000 79.75000
v -0.00000 14.00000 80.30000
v 0.00000 14.00000 81.40000
v -26.67360 -4.00000 83.60000
v -27.62620 -4.00000 83.05000
v -27.62620 -4.00000 81.95000
v -26.67360 -4.00000 81.40000
v -25.72100 -4.00000 81.95000
v -25.72100 -4.00000 83.05000
v -26.67360 14.00000 83.60000
v -27.62620 14.00000 83.05000
v -27.62620 14.00000 81.95000
v -26.67360 14.00000 81.40000
v -25.72100 14.00000 81.95000
v -25.72100 14.00000 83.05000
v -24.76830 -4.00000 83.60000
v -25.72100 -4.00000 83.05000
v -25.72100 -4.00000 81.95000
v -24.76830 -4.00000 81.40000
v -23.81570 -4.00000 81.95000
v -23.81570 -4.00000 83.05000
v -24.76830 14.00000 83.60000
v -25.72100 14.00000 83.05000
v -25.72100 14.00000 81.95000
v -24.76830 14.00000 81.40000
v -23.81570 14.00000 81.95000
v -23.81570 14.00000 83.05000
v -22.86310 -4.00000 83.60000
v -23.81570 -4.00000 83.05000
v -23.81570 -4.00000 81.95000
v -22.86310 -4.00000 81.40000
v -21.91040 -4.00000 81.95000
v -21.91040 -4.00000 83.05000
v -22.86310 14.00000 83.60000
v -23.81570 14.00000 83.05000
v -23.81570 14.00000 81.95000
v -22.86310 14.00000 81.40000
v -21.91040 14.00000 81.95000
v -21.91040 14.00000 83.05000
v -20.95780 -4.00000 83.60000
v -21.91040 -4.00000 83.05000
v -21.91040 -4.00000 81.95000
v -20.95780 -4.00000 81.40000
v -20.00520 -4.00000 81.95000
v -20.00520 -4.00000 83.05000
v -20.95780 14.00000 83.60000
v -21.91040 14.00000 83.05000
v -21.91040 14.00000 81.95000
v -20.95780 14.00000 81.40000
v -20.00520 14.00000 81.95000
v -20.00520 14.00000 83.05000
v -19.05260 -4.00000 83.60000
v -20.00520 -4.00000 83.05000
v -20.00520 -4.00000 81.95000
v -19.05260 -4.00000 81.40000
v -18.09990 -4.00000 81.95000
v -18.09990 -4.00000 83.05000
v -19.05260 14.00000 83.60000
v -20.00520 14.00000 83.05000
v -20.00520 14.00000 81.95000
v -19.05260 14.00000 81.40000
v -18.09990 14.00000 81.95000
v -18.09990 14.00000 83.05000
v -17.14730 -4.00000 83.60000
v -18.09990 -4.00000 83.05000
v -18.09990 -4.00000 81.95000
v -17.14730 -4.00000 81.40000
v -16.19470 -4.00000 81.95000
v -16.19470 -4.00000 83.05000
v -17.14730 14.00000 83.60000
v -18.09990 14.00000 83.05000
v -18.09990 14.00000 81.95000
v -17.14730 14.00000 81.40000
v -16.19470 14.00000 81.95000
v -16.19470 14.00000 83.05000
v -15.24200 -4.00000 83.60000
v -16.19470 -4.00000 83.05000
v -16.19470 -4.00000 81.95000
v -15.24200 -4.00000 81.40000
v -14.28940 -4.00000 81.95000
v -14.28940 -4.00000 83.05000
v -15.24200 14.00000 83.60000
v -16.19470 14.00000 83.05000
v -16.19470 14.00000 81.95000
v -15.24200 14.00000 81.40000
v -14.28940 14.00000 81.95000
v -14.28940 14.00000 83.05000
v -13.33680 -4.00000 83.60000
v -14.28940 -4.00000 83.05000
v -14.28940 -4.00000 81.95000
v -13.33680 -4.00000 81.40000
v -12.38420 -4.00000 81.95000
v -12.38420 -4.00000 83.05000
v -13.33680 14.00000 83.60000
v -14.28940 14.00000 83.05000
v -14.28940 14.00000 81.95000
v -13.33680 14.00000 81.40000
v -12.38420 14.00000 81.95000
v -12.38420 14.00000 83.05000
v -11.43150 -4.00000 83.60000
v -12.38420 -4.00000 83.05000
v -12.38420 -4.00000 81.95000
v -11.43150 -4.00000 81.40000
v -10.47890 -4.00000 81.95000
v -10.47890 -4.00000 83.05000
v -11.43150 14.00000 83.60000
v -12.38420 14.00000 83.05000
v -12.38420 14.00000 81.95000
v -11.43150 14.00000 81.40000
v -10.47890 14.00000 81.95000
v -10.47890 14.00000 83.05000
v -9.52630 -4.00000 83.60000
v -10.47890 -4.00000 83.05000
v -10.47890 -4.00000 81.95000
v -9.52630 -4.00000 81.40000
v -8.57370 -4.00000 81.95000
v -8.57370 -4.00000 83.05000
v -9.52630 14.00000 83.60000
v -10.47890 14.00000 83.05000
v -10.47890 14.00000 81.95000
v -9.52630 14.00000 81.40000
v -8.57370 14.00000 81.95000
v -8.57370 14.00000 83.05000
v -7.62100 -4.00000 83.60000
v -8.57370 -4.00000 83.05000
v -8.57370 -4.00000 81.95000
v -7.62100 -4.00000 81.40000
v -6.66840 -4.00000 81.95000
v -6.66840 -4.00000 83.05000
v -7.62100 14.00000 83.60000
v -8.57370 14.00000 83.05000
v -8.57370 14.00000 81.95000
v -7.62100 14.00000 81.40000
v -6.66840 14.00000 81.95000
v -6.66840 14.00000 83.05000
v -5.71580 -4.00000 83.60000
v -6.66840 -4.00000 83.05000
v -6.66840 -4.00000 81.95000
v -5.71580 -4.00000 81.40000
v -4.76310 -4.00000 81.95000
v -4.76310 -4.00000 83.05000
v -5.71580 14.00000 83.60000
v -6.66840 14.00000 83.05000
v -6.66840 14.00000 81.95000
v -5.71580 14.00000 81.40000
v -4.76310 14.00000 81.95000
v -4.76310 14.00000 83.05000
v -3.81050 -4.00000 83.60000
v -4.76310 -4.00000 83.05000
v -4.76310 -4.00000 81.95000
v -3.81050 -4.00000 81.40000
v -2.85790 -4.00000 81.95000
v -2.85790 -4.00000 83.05000
v -3.81050 14.00000 83.60000
v -4.76310 14.00000 83.05000
v -4.76310 14.00000 81.95000
v -3.81050 14.00000 81.40000
v -2.85790 14.00000 81.95000
v -2.85790 14.00000 83.05000
v -1.90530 -4.00000 83.60000
v -2.85790 -4.00000 83.05000
v -2.85790 -4.00000 81.95000
v -1.90530 -4.00000 81.40000
v -0.95260 -4.00000 81.95000
v -0.95260 -4.00000 83.05000
v -1.90530 14.00000 83.60000
v -2.85790 14.00000 83.05000
v -2.85790 14.00000 81.95000
v -1.90530 14.00000 81.40000
v -0.95260 14.00000 81.95000
v -0.95260 14.00000 83.05000
v 0.00000 -4.00000 83.60000
v -0.95260 -4.00000 83.05000
v -0.95260 -4.00000 81.95000
v -0.00000 -4.00000 81.40000
v 0.95260 -4.00000 81.95000
v 0.95260 -4.00000 83.05000
v 0.00000 14.00000 83.60000
v -0.95260 14.00000 83.05000
v -0.95260 14.00000 81.95000
v -0.00000 14.00000 81.40000
v 0.95260 14.00000 81.95000
v 0.95260 14.00000 83.05000
v -21.91040 -4.00000 85.25000
v -22.86310 -4.00000 84.70000
v -22.86310 -4.00000 83.60000
v -21.91040 -4.00000 83.05000
v -20.95780 -4.00000 83.60000
v -20.95780 -4.00000 84.70000
v -21.91040 14.00000 85.25000
v -22.86310 14.00000 84.70000
v -22.86310 14.00000 83.60000
v -21.91040 14.00000 83.05000
v -20.95780 14.00000 83.60000
v -20.95780 14.00000 84.70000
v -20.00520 -4.00000 85.25000
v -20.95780 -4.00000 84.70000
v -20.95780 -4.00000 83.60000
v -20.00520 -4.00000 83.05000
v -19.05260 -4.00000 83.60000
v -19.05260 -4.00000 84.70000
v -20.00520 14.00000 85.25000
v -20.95780 14.00000 84.70000
v -20.95780 14.00000 83.60000
v -20.00520 14.00000 83.05000
v -19.05260 14.00000 83.60000
v -19.05260 14.00000 84.70000
v -18.09990 -4.00000 85.25000
v -19.05260 -4.00000 84.70000
v -19.05260 -4.00000 83.60000
v -18.09990 -4.00000 83.05000
v -17.14730 -4.00000 83.60000
v -17.14730 -4.00000 84.70000
v -18.09990 14.00000 85.25000
v -19.05260 14.00000 84.70000
v -19.05260 14.00000 83.60000
v -18.09990 14.00000 83.05000
v -17.14730 14.00000 83.60000
v -17.14730 14.00000 84.70000
v -16.19470 -4.00000 85.25000
v -17.14730 -4.00000 84.70000
v -17.14730 -4.00000 83.60000
v -16.19470 -4.00000 83.05000
v -15.24200 -4.00000 83.60000
v -15.24200 -4.00000 84.70000
v -16.19470 14.00000 85.25000
v -17.14730 14.00000 84.70000
v -17.14730 14.00000 83.60000
v -16.19470 14.00000 83.05000
v -15.24200 14.00000 83.60000
v -15.24200 14.00000 84.70000
v -14.28940 -4.00000 85.25000
v -15.24200 -4.00000 84.70000
v -15.24200 -4.00000 83.60000
v -14.28940 -4.00000 83.05000
v -13.33680 -4.00000 83.60000
v -13.33680 -4.00000 84.70000
v -14.28940 14.00000 85.25000
v -15.24200 14.00000 84.70000
v -15.24200 14.00000 83.60000
v -14.28940 14.00000 83.05000
v -13.33680 14.00000 83.60000
v -13.33680 14.00000 84.70000
v -12.38420 -4.00000 85.25000
v -13.33680 -4.00000 84.70000
v -13.33680 -4.00000 83.60000
v -12.38420 -4.00000 83.05000
v -11.43150 -4.00000 83.60000
v -11.43150 -4.00000 84.70000
v -12.38420 14.00000 85.25000
v -13.33680 14.00000 84.70000
v -13.33680 14.00000 83.60000
v -12.38420 14.00000 83.05000
v -11.43150 14.00000 83.60000
v -11.43150 14.00000 84.70000
v -10.47890 -4.00000 85.25000
v -11.43150 -4.00000 84.70000
v -11.43150 -4.00000 83.60000
v -10.47890 -4.00000 83.05000
v -9.52630 -4.00000 83.60000
v -9.52630 -4.00000 84.70000
v -10.47890 14.00000 85.25000
v -11.43150 14.00000 84.70000
v -11.43150 14.00000 83.60000
v -10.47890 14.00000 83.05000
v -9.52630 14.00000 83.60000
v -9.52630 14.00000 84.70000
v -8.57370 -4.00000 85.25000
v -9.52630 -4.00000 84.70000
v -9.52630 -4.00000 83.60000
v -8.57370 -4.00000 83.05000
v -7.62100 -4.00000 83.60000
v -7.62100 -4.00000 84.70000
v -8.57370 14.00000 85.25000
v -9.52630 14.00000 84.70000
v -9.52630 14.00000 83.60000
v -8.57370 14.00000 83.05000
v -7.62100 14.00000 83.60000
v -7.62100 14.00000 84.70000
v -6.66840 -4.00000 85.25000
v -7.62100 -4.00000 84.70000
v -7.62100 -4.00000 83.60000
v -6.66840 -4.00000 83.05000
v -5.71580 -4.00000 83.60000
v -5.71580 -4.00000 84.70000
v -6.66840 14.00000 85.25000
v -7.62100 14.00000 84.70000
v -7.62100 14.00000 83.60000
v -6.66840 14.00000 83.05000
v -5.71580 14.00000 83.60000
v -5.71580 14.00000 84.70000
v -4.76310 -4.00000 85.25000
v -5.71580 -4.00000 84.70000
v -5.71580 -4.00000 83.60000
v -4.76310 -4.00000 83.05000
v -3.81050 -4.00000 83.60000
v -3.81050 -4.00000 84.70000
v -4.76310 14.00000 85.25000
v -5.71580 14.00000 84.70000
v -5.71580 14.00000 83.60000
v -4.76310 14.00000 83.05000
v -3.81050 14.00000 83.60000
v -3.81050 14.00000 84.70000
v -2.85790 -4.00000 85.25000
v -3.81050 -4.00000 84.70000
v -3.81050 -4.00000 83.60000
v -2.85790 -4.00000 83.05000
v -1.90530 -4.00000 83.60000
v -1.90530 -4.00000 84.70000
v -2.85790 14.00000 85.25000
v -3.81050 14.00000 84.70000
v -3.81050 14.00000 83.60000
v -2.85790 14.00000 83.05000
v -1.90530 14.00000 83.60000
v -1.90530 14.00000 84.70000
v -0.95260 -4.00000 85.25000
v -1.90530 -4.00000 84.70000
v -1.90530 -4.00000 83.60000
v -0.95260 -4.00000 83.05000
v -0.00000 -4.00000 83.60000
v 0.00000 -4.00000 84.70000
v -0.95260 14.00000 85.25000
v -1.90530 14.00000 84.70000
v -1.90530 14.00000 83.60000
v -0.95260 14.00000 83.05000
v -0.00000 14.00000 83.60000
v 0.00000 14.00000 84.70000
v -13.33680 -4.00000 86.90000
v -14.28940 -4.00000 86.35000
v -14.28940 -4.00000 85.25000
v -13.33680 -4.00000 84.70000
v -12.38420 -4.00000 85.25000
v -12.38420 -4.00000 86.35000
v -13.33680 14.00000 86.90000
v -14.28940 14.00000 86.35000
v -14.28940 14.00000 85.25000
v -13.33680 14.00000 84.70000
v -12.38420 14.00000 85.25000
v -12.38420 14.00000 86.35000
v -11.43150 -4.00000 86.90000
v -12.38420 -4.00000 86.35000
v -12.38420 -4.00000 85.25000
v -11.43150 -4.00000 84.70000
v -10.47890 -4.00000 85.25000
v -10.47890 -4.00000 86.35000
v -11.43150 14.00000 86.90000
v -12.38420 14.00000 86.35000
v -12.38420 14.00000 85.25000
v -11.43150 14.00000 84.70000
v -10.47890 14.00000 85.25000
v -10.47890 14.00000 86.35000
v -9.52630 -4.00000 86.90000
v -10.47890 -4.00000 86.35000
v -10.47890 -4.00000 85.25000
v -9.52630 -4.00000 84.70000
v -8.57370 -4.00000 85.25000
v -8.57370 -4.00000 86.35000
v -9.52630 14.00000 86.90000
v -10.47890 14.00000 86.35000
v -10.47890 14.00000 85.25000
v -9.52630 14.00000 84.70000
v -8.57370 14.00000 85.25000
v -8.57370 14.00000 86.35000
v -7.62100 -4.00000 86.90000
v -8.57370 -4.00000 86.35000
v -8.57370 -4.00000 85.25000
v -7.62100 -4.00000 84.70000
v -6.66840 -4.00000 85.25000
v -6.66840 -4.00000 86.35000
v -7.62100 14.00000 86.90000
v -8.57370 14.00000 86.35000
v -8.57370 14.00000 85.25000
v -7.62100 14.00000 84.70000
v -6.66840 14.00000 85.25000
v -6.66840 14.00000 86.35000
v -5.71580 -4.00000 86.90000
v -6.66840 -4.00000 86.35000
v -6.66840 -4.00000 85.25000
v -5.71580 -4.00000 84.70000
v -4.76310 -4.00000 85.25000
v -4.76310 -4.00000 86.35000
v -5.71580 14.00000 86.90000
v -6.66840 14.00000 86.35000
v -6.66840 14.00000 85.25000
v -5.71580 14.00000 84.70000
v -4.76310 14.00000 85.25000
v -4.76310 14.00000 86.35000
v -3.81050 -4.00000 86.90000
v -4.76310 -4.00000 86.35000
v -4.76310 -4.00000 85.25000
v -3.81050 -4.00000 84.70000
v -2.85790 -4.00000 85.25000
v -2.85790 -4.00000 86.35000
v -3.81050 14.00000 86.90000
v -4.76310 14.00000 86.35000
v -4.76310 14.00000 85.25000
v -3.81050 14.00000 84.70000
v -2.85790 14.00000 85.25000
v -2.85790 14.00000 86.35000
v -1.90530 -4.00000 86.90000
v -2.85790 -4.00000 86.35000
v -2.85790 -4.00000 85.25000
v -1.90530 -4.00000 84.70000
v -0.95260 -4.00000 85.25000
v -0.95260 -4.00000 86.35000
v -1.90530 14.00000 86.90000
v -2.85790 14.00000 86.35000
v -2.85790 14.00000 85.25000
v -1.90530 14.00000 84.70000
v -0.95260 14.00000 85.25000
v -0.95260 14.00000 86.35000
v 0.00000 -4.00000 86.90000
v -0.95260 -4.00000 86.35000
v -0.95260 -4.00000 85.25000
v -0.00000 -4.00000 84.70000
v 0.95260 -4.00000 85.25000
v 0.95260 -4.00000 86.35000
v 0.00000 14.00000 86.90000
v -0.95260 14.00000 86.35000
v -0.95260 14.00000 85.25000
v -0.00000 14.00000 84.70000
v 0.95260 14.00000 85.25000
v 0.95260 14.00000 86.35000
v -86.68910 -4.00000 2.75000
v -87.64180 -4.00000 2.20000
v -87.64180 -4.00000 1.10000
v -86.68910 -4.00000 0.55000
v -85.73650 -4.00000 1.10000
v -85.73650 -4.00000 2.20000
v -86.68910 14.00000 2.75000
v -87.64180 14.00000 2.20000
v -87.64180 14.00000 1.10000
v -86.68910 14.00000 0.55000
v -85.73650 14.00000 1.10000
v -85.73650 14.00000 2.20000
v -84.78390 -4.00000 2.75000
v -85.73650 -4.00000 2.20000
v -85.73650 -4.00000 1.10000
v -84.78390 -4.00000 0.55000
v -83.83130 -4.00000 1.10000
v -83.83130 -4.00000 2.20000
v -84.78390 14.00000 2.75000
v -85.73650 14.00000 2.20000
v -85.73650 14.00000 1.10000
v -84.78390 14.00000 0.55000
v -83.83130 14.00000 1.10000
v -83.83130 14.00000 2.20000
v -82.87860 -4.00000 2.75000
v -83.83130 -4.00000 2.20000
v -83.83130 -4.00000 1.10000
v -82.87860 -4.00000 0.55000
v -81.92600 -4.00000 1.10000
v -81.92600 -4.00000 2.20000
v -82.87860 14.00000 2.75000
v -83.83130 14.00000 2.20000
v -83.83130 14.00000 1.10000
v -82.87860 14.00000 0.55000
v -81.92600 14.00000 1.10000
v -81.92600 14.00000 2.20000
v -80.97340 -4.00000 2.75000
v -81.92600 -4.00000 2.20000
v -81.92600 -4.00000 1.10000
v -80.97340 -4.00000 0.55000
v -80.02070 -4.00000 1.10000
v -80.02070 -4.00000 2.20000
v -80.97340 14.00000 2.75000
v -81.92600 14.00000 2.20000
v -81.92600 14.00000 1.10000
v -80.97340 14.00000 0.55000
v -80.02070 14.00000 1.10000
v -80.02070 14.00000 2.20000
v -79.06810 -4.00000 2.75000
v -80.02070 -4.00000 2.20000
v -80.02070 -4.00000 1.10000
v -79.06810 -4.00000 0.55000
v -78.11550 -4.00000 1.10000
v -78.11550 -4.00000 2.20000
v -79.06810 14.00000 2.75000
v -80.02070 14.00000 2.20000
v -80.02070 14.00000 1.10000
v -79.06810 14.00000 0.55000
v -78.11550 14.00000 1.10000
v -78.11550 14.00000 2.20000
v -85.73650 -4.00000 4.40000
v -86.68910 -4.00000 3.85000
v -86.68910 -4.00000 2.75000
v -85.73650 -4.00000 2.20000
v -84.78390 -4.00000 2.75000
v -84.78390 -4.00000 3.85000
v -85.73650 14.00000 4.40000
v -86.68910 14.00000 3.85000
v -86.68910 14.00000 2.75000
v -85.73650 14.00000 2.20000
v -84.78390 14.00000 2.75000
v -84.78390 14.00000 3.85000
v -83.83130 -4.00000 4.40000
v -84.78390 -4.00000 3.85000
v -84.78390 -4.00000 2.75000
v -83.83130 -4.00000 2.20000
v -82.87860 -4.00000 2.75000
v -82.87860 -4.00000 3.85000
v -83.83130 14.00000 4.40000
v -84.78390 14.00000 3.85000
v -84.78390 14.00000 2.75000
v -83.83130 14.00000 2.20000
v -82.87860 14.00000 2.75000
v -82.87860 14.00000 3.85000
v -81.92600 -4.00000 4.40000
v -82.87860 -4.00000 3.85000
v -82.87860 -4.00000 2.75000
v -81.92600 -4.00000 2.20000
v -80.97340 -4.00000 2.75000
v -80.97340 -4.00000 3.85000
v -81.92600 14.00000 4.40000
v -82.87860 14.00000 3.85000
v -82.87860 14.00000 2.75000
v -81.92600 14.00000 2.20000
v -80.97340 14.00000 2.75000
v -80.97340 14.00000 3.85000
v -80.02070 -4.00000 4.40000
v -80.97340 -4.00000 3.85000
v -80.97340 -4.00000 2.75000
v -80.02070 -4.00000 2.20000
v -79.06810 -4.00000 2.75000
v -79.06810 -4.00000 3.85000
v -80.02070 14.00000 4.40000
v -80.97340 14.00000 3.85000
v -80.97340 14.00000 2.75000
v -80.02070 14.00000 2.20000
v -79.06810 14.00000 2.75000
v -79.06810 14.00000 3.85000
v -86.68910 -4.00000 6.05000
v -87.64180 -4.00000 5.50000
v -87.64180 -4.00000 4.40000
v -86.68910 -4.00000 3.85000
v -85.73650 -4.00000 4.40000
v -85.73650 -4.00000 5.50000
v -86.68910 14.00000 6.05000
v -87.64180 14.00000 5.50000
v -87.64180 14.00000 4.40000
v -86.68910 14.00000 3.85000
v -85.73650 14.00000 4.40000
v -85.73650 14.00000 5.50000
v -84.78390 -4.00000 6.05000
v -85.73650 -4.00000 5.50000
v -85.73650 -4.00000 4.40000
v -84.78390 -4.00000 3.85000
v -83.83130 -4.00000 4.40000
v -83.83130 -4.00000 5.50000
v -84.78390 14.00000 6.05000
v -85.73650 14.00000 5.50000
v -85.73650 14.00000 4.40000
v -84.78390 14.00000 3.85000
v -83.83130 14.00000 4.40000
v -83.83130 14.00000 5.50000
v -82.87860 -4.00000 6.05000
v -83.83130 -4.00000 5.50000
v -83.83130 -4.00000 4.40000
v -82.87860 -4.00000 3.85000
v -81.92600 -4.00000 4.40000
v -81.92600 -4.00000 5.50000
v -82.87860 14.00000 6.05000
v -83.83130 14.00000 5.50000
v -83.83130 14.00000 4.40000
v -82.87860 14.00000 3.85000
v -81.92600 14.00000 4.40000
v -81.92600 14.00000 5.50000
v -80.97340 -4.00000 6.05000
v -81.92600 -4.00000 5.50000
v -81.92600 -4.00000 4.40000
v -80.97340 -4.00000 3.85000
v -80.02070 -4.00000 4.40000
v -80.02070 -4.00000 5.50000
v -80.97340 14.00000 6.05000
v -81.92600 14.00000 5.50000
v -81.92600 14.00000 4.40000
v -80.97340 14.00000 3.85000
v -80.02070 14.00000 4.40000
v -80.02070 14.00000 5.50000
v -79.06810 -4.00000 6.05000
v -80.02070 -4.00000 5.50000
v -80.02070 -4.00000 4.40000
v -79.06810 -4.00000 3.85000
v -78.11550 -4.00000 4.40000
v -78.11550 -4.00000 5.50000
v -79.06810 14.00000 6.05000
v -80.02070 14.00000 5.50000
v -80.02070 14.00000 4.40000
v -79.06810 14.00000 3.85000
v -78.11550 14.00000 4.40000
v -78.11550 14.00000 5.50000
v -85.73650 -4.00000 7.70000
v -86.68910 -4.00000 7.15000
v -86.68910 -4.00000 6.05000
v -85.73650 -4.00000 5.50000
v -84.78390 -4.00000 6.05000
v -84.78390 -4.00000 7.15000
v -85.73650 14.00000 7.70000
v -86.68910 14.00000 7.15000
v -86.68910 14.00000 6.05000
v -85.73650 14.00000 5.50000
v -84.78390 14.00000 6.05000
v -84.78390 14.00000 7.15000
v -83.83130 -4.00000 7.70000
v -84.78390 -4.00000 7.15000
v -84.78390 -4.00000 6.05000
v -83.83130 -4.00000 5.50000
v -82.87860 -4.00000 6.05000
v -82.87860 -4.00000 7.15000
v -83.83130 14.00000 7.70000
v -84.78390 14.00000 7.15000
v -84.78390 14.00000 6.05000
v -83.83130 14.00000 5.50000
v -82.87860 14.00000 6.05000
v -82.87860 14.00000 7.15000
v -81.92600 -4.00000 7.70000
v -82.87860 -4.00000 7.15000
v -82.87860 -4.00000 6.05000
v -81.92600 -4.00000 5.50000
v -80.97340 -4.00000 6.05000
v -80.97340 -4.00000 7.15000
v -81.92600 14.00000 7.70000
v -82.87860 14.00000 7.15000
v -82.87860 14.00000 6.05000
v -81.92600 14.00000 5.50000
v -80.97340 14.00000 6.05000
v -80.97340 14.00000 7.15000
v -80.02070 -4.00000 7.70000
v -80.97340 -4.00000 7.15000
v -80.97340 -4.00000 6.05000
v -80.02070 -4.00000 5.50000
v -79.06810 -4.00000 6.05000
v -79.06810 -4.00000 7.15000
v -80.02070 14.00000 7.70000
v -80.97340 14.00000 7.15000
v -80.97340 14.00000 6.05000
v -80.02070 14.00000 5.50000
v -79.06810 14.00000 6.05000
v -79.06810 14.00000 7.15000
v -84.78390 -4.00000 9.35000
v -85.73650 -4.00000 8.80000
v -85.73650 -4.00000 7.70000
v -84.78390 -4.00000 7.15000
v -83.83130 -4.00000 7.70000
v -83.83130 -4.00000 8.80000
v -84.78390 14.00000 9.35000
v -85.73650 14.00000 8.80000
v -85.73650 14.00000 7.70000
v -84.78390 14.00000 7.15000
v -83.83130 14.00000 7.70000
v -83.83130 14.00000 8.80000
v -82.87860 -4.00000 9.35000
v -83.83130 -4.00000 8.80000
v -83.83130 -4.00000 7.70000
v -82.87860 -4.00000 7.15000
v -81.92600 -4.00000 7.70000
v -81.92600 -4.00000 8.80000
v -82.87860 14.00000 9.35000
v -83.83130 14.00000 8.80000
v -83.83130 14.00000 7.70000
v -82.87860 14.00000 7.15000
v -81.92600 14.00000 7.70000
v -81.92600 14.00000 8.80000
v -80.97340 -4.00000 9.35000
v -81.92600 -4.00000 8.80000
v -81.92600 -4.00000 7.70000
v -80.97340 -4.00000 7.15000
v -80.02070 -4.00000 7.70000
v -80.02070 -4.00000 8.80000
v -80.97340 14.00000 9.35000
v -81.92600 14.00000 8.80000
v -81.92600 14.00000 7.70000
v -80.97340 14.00000 7.15000
v -80.02070 14.00000 7.70000
v -80.02070 14.00000 8.80000
v -79.06810 -4.00000 9.35000
v -80.02070 -4.00000 8.80000
v -80.02070 -4.00000 7.70000
v -79.06810 -4.00000 7.15000
v -78.11550 -4.00000 7.70000
v -78.11550 -4.00000 8.80000
v -79.06810 14.00000 9.35000
v -80.02070 14.00000 8.80000
v -80.02070 14.00000 7.70000
v -79.06810 14.00000 7.15000
v -78.11550 14.00000 7.70000
v -78.11550 14.00000 8.80000
v -85.73650 -4.00000 11.00000
v -86.68910 -4.00000 10.45000
v -86.68910 -4.00000 9.35000
v -85.73650 -4.00000 8.80000
v -84.78390 -4.00000 9.35000
v -84.78390 -4.00000 10.45000
v -85.73650 14.00000 11.00000
v -86.68910 14.00000 10.45000
v -86.68910 14.00000 9.35000
v -85.73650 14.00000 8.80000
v -84.78390 14.00000 9.35000
v -84.78390 14.00000 10.45000
v -83.83130 -4.00000 11.00000
v -84.78390 -4.00000 10.45000
v -84.78390 -4.00000 9.35000
v -83.83130 -4.00000 8.80000
v -82.87860 -4.00000 9.35000
v -82.87860 -4.00000 10.45000
v -83.83130 14.00000 11.00000
v -84.78390 14.00000 10.45000
v -84.78390 14.00000 9.35000
v -83.83130 14.00000 8.80000
v -82.87860 14.00000 9.35000
v -82.87860 14.00000 10.45000
v -81.92600 -4.00000 11.00000
v -82.87860 -4.00000 10.45000
v -82.87860 -4.00000 9.35000
v -81.92600 -4.00000 8.80000
v -80.97340 -4.00000 9.35000
v -80.97340 -4.00000 10.45000
v -81.92600 14.00000 11.00000
v -82.87860 14.00000 10.45000
v -82.87860 14.00000 9.35000
v -81.92600 14.00000 8.80000
v -80.97340 14.00000 9.35000
v -80.97340 14.00000 10.45000
v -80.02070 -4.00000 11.00000
v -80.97340 -4.00000 10.45000
v -80.97340 -4.00000 9.35000
v -80.02070 -4.00000 8.80000
v -79.06810 -4.00000 9.35000
v -79.06810 -4.00000 10.45000
v -80.02070 14.00000 11.00000
v -80.97340 14.00000 10.45000
v -80.97340 14.00000 9.35000
v -80.02070 14.00000 8.80000
v -79.06810 14.00000 9.35000
v -79.06810 14.00000 10.45000
v -84.78390 -4.00000 12.65000
v -85.73650 -4.00000 12.10000
v -85.73650 -4.00000 11.00000
v -84.78390 -4.00000 10.45000
v -83.83130 -4.00000 11.00000
v -83.83130 -4.00000 12.10000
v -84.78390 14.00000 12.65000
v -85.73650 14.00000 12.10000
v -85.73650 14.00000 11.00000
v -84.78390 14.00000 10.45000
v -83.83130 14.00000 11.00000
v -83.83130 14.00000 12.10000
v -82.87860 -4.00000 12.65000
v -83.83130 -4.00000 12.10000
v -83.83130 -4.00000 11.00000
v -82.87860 -4.00000 10.45000
v -81.92600 -4.00000 11.00000
v -81.92600 -4.00000 12.10000
v -82.87860 14.00000 12.65000
v -83.83130 14.00000 12.10000
v -83.83130 14.00000 11.00000
v -82.87860 14.00000 10.45000
v -81.92600 14.00000 11.00000
v -81.92600 14.00000 12.10000
v -80.97340 -4.00000 12.65000
v -81.92600 -4.00000 12.10000
v -81.92600 -4.00000 11.00000
v -80.97340 -4.00000 10.45000
v -80.02070 -4.00000 11.00000
v -80.02070 -4.00000 12.10000
v -80.97340 14.00000 12.65000
v -81.92600 14.00000 12.10000
v -81.92600 14.00000 11.00000
v -80.97340 14.00000 10.45000
v -80.02070 14.00000 11.00000
v -80.02070 14.00000 12.10000
v -79.06810 -4.00000 12.65000
v -80.02070 -4.00000 12.10000
v -80.02070 -4.00000 11.00000
v -79.06810 -4.00000 10.45000
v -78.11550 -4.00000 11.00000
v -78.11550 -4.00000 12.10000
v -79.06810 14.00000 12.65000
v -80.02070 14.00000 12.10000
v -80.02070 14.00000 11.00000
v -79.06810 14.00000 10.45000
v -78.11550 14.00000 11.00000
v -78.11550 14.00000 12.10000
v -85.73650 -4.00000 14.30000
v -86.68910 -4.00000 13.75000
v -86.68910 -4.00000 12.65000
v -85.73650 -4.00000 12.10000
v -84.78390 -4.00000 12.65000
v -84.78390 -4.00000 13.75000
v -85.73650 14.00000 14.30000
v -86.68910 14.00000 13.75000
v -86.68910 14.00000 12.65000
v -85.73650 14.00000 12.10000
v -84.78390 14.00000 12.65000
v -84.78390 14.00000 13.75000
v -83.83130 -4.00000 14.30000
v -84.78390 -4.00000 13.75000
v -84.78390 -4.00000 12.65000
v -83.83130 -4.00000 12.10000
v -82.87860 -4.00000 12.65000
v -82.87860 -4.00000 13.75000
v -83.83130 14.00000 14.30000
v -84.78390 14.00000 13.75000
v -84.78390 14.00000 12.65000
v -83.83130 14.00000 12.10000
v -82.87860 14.00000 12.65000
v -82.87860 14.00000 13.75000
v -81.92600 -4.00000 14.30000
v -82.87860 -4.00000 13.75000
v -82.87860 -4.00000 12.65000
v -81.92600 -4.00000 12.10000
v -80.97340 -4.00000 12.65000
v -80.97340 -4.00000 13.75000
v -81.92600 14.00000 14.30000
v -82.87860 14.00000 13.75000
v -82.87860 14.00000 12.65000
v -81.92600 14.00000 12.10000
v -80.97340 14.00000 12.65000
v -80.97340 14.00000 13.75000
v -80.02070 -4.00000 14.30000
v -80.97340 -4.00000 13.75000
v -80.97340 -4.00000 12.65000
v -80.02070 -4.00000 12.10000
v -79.06810 -4.00000 12.65000
v -79.06810 -4.00000 13.75000
v -80.02070 14.00000 14.30000
v -80.97340 14.00000 13.75000
v -80.97340 14.00000 12.65000
v -80.02070 14.00000 12.10000
v -79.06810 14.00000 12.65000
v -79.06810 14.00000 13.75000
v -78.11550 -4.00000 14.30000
v -79.06810 -4.00000 13.75000
v -79.06810 -4.00000 12.65000
v -78.11550 -4.00000 12.10000
v -77.16290 -4.00000 12.65000
v -77.16290 -4.00000 13.75000
v -78.11550 14.00000 14.30000
v -79.06810 14.00000 13.75000
v -79.06810 14.00000 12.65000
v -78.11550 14.00000 12.10000
v -77.16290 14.00000 12.65000
v -77.16290 14.00000 13.75000
v -84.78390 -4.00000 15.95000
v -85.73650 -4.00000 15.40000
v -85.73650 -4.00000 14.30000
v -84.78390 -4.00000 13.75000
v -83.83130 -4.00000 14.30000
v -83.83130 -4.00000 15.40000
v -84.78390 14.00000 15.95000
v -85.73650 14.00000 15.40000
v -85.73650 14.00000 14.30000
v -84.78390 14.00000 13.75000
v -83.83130 14.00000 14.30000
v -83.83130 14.00000 15.40000
v -82.87860 -4.00000 15.95000
v -83.83130 -4.00000 15.40000
v -83.83130 -4.00000 14.30000
v -82.87860 -4.00000 13.75000
v -81.92600 -4.00000 14.30000
v -81.92600 -4.00000 15.40000
v -82.87860 14.00000 15.95000
v -83.83130 14.00000 15.40000
v -83.83130 14.00000 14.30000
v -82.87860 14.00000 13.75000
v -81.92600 14.00000 14.30000
v -81.92600 14.00000 15.40000
v -80.97340 -4.00000 15.95000
v -81.92600 -4.00000 15.40000
v -81.92600 -4.00000 14.30000
v -80.97340 -4.00000 13.75000
v -80.02070 -4.00000 14.30000
v -80.02070 -4.00000 15.40000
v -80.97340 14.00000 15.95000
v -81.92600 14.00000 15.40000
v -81.92600 14.00000 14.30000
v -80.97340 14.00000 13.75000
v -80.02070 14.00000 14.30000
v -80.02070 14.00000 15.40000
v -79.06810 -4.00000 15.95000
v -80.02070 -4.00000 15.40000
v -80.02070 -4.00000 14.30000
v -79.06810 -4.00000 13.75000
v -78.11550 -4.00000 14.30000
v -78.11550 -4.00000 15.40000
v -79.06810 14.00000 15.95000
v -80.02070 14.00000 15.40000
v -80.02070 14.00000 14.30000
v -79.06810 14.00000 13.75000
v -78.11550 14.00000 14.30000
v -78.11550 14.00000 15.40000
v -83.83130 -4.00000 17.60000
v -84.78390 -4.00000 17.05000
v -84.78390 -4.00000 15.95000
v -83.83130 -4.00000 15.40000
v -82.87860 -4.00000 15.95000
v -82.87860 -4.00000 17.05000
v -83.83130 14.00000 17.60000
v -84.78390 14.00000 17.05000
v -84.78390 14.00000 15.95000
v -83.83130 14.00000 15.40000
v -82.87860 14.00000 15.95000
v -82.87860 14.00000 17.05000
v -81.92600 -4.00000 17.60000
v -82.87860 -4.00000 17.05000
v -82.87860 -4.00000 15.95000
v -81.92600 -4.00000 15.40000
v -80.97340 -4.00000 15.95000
v -80.97340 -4.00000 17.05000
v -81.92600 14.00000 17.60000
v -82.87860 14.00000 17.05000
v -82.87860 14.00000 15.95000
v -81.92600 14.00000 15.40000
v -80.97340 14.00000 15.95000
v -80.97340 14.00000 17.05000
v -80.02070 -4.00000 17.60000
v -80.97340 -4.00000 17.05000
v -80.97340 -4.00000 15.95000
v -80.02070 -4.00000 15.40000
v -79.06810 -4.00000 15.95000
v -79.06810 -4.00000 17.05000
v -80.02070 14.00000 17.60000
v -80.97340 14.00000 17.05000
v -80.97340 14.00000 15.95000
v -80.02070 14.00000 15.40000
v -79.06810 14.00000 15.95000
v -79.06810 14.00000 17.05000
v -78.11550 -4.00000 17.60000
v -79.06810 -4.00000 17.05000
v -79.06810 -4.00000 15.95000
v -78.11550 -4.00000 15.40000
v -77.16290 -4.00000 15.95000
v -77.16290 -4.00000 17.05000
v -78.11550 14.00000 17.60000
v -79.06810 14.00000 17.05000
v -79.06810 14.00000 15.95000
v -78.11550 14.00000 15.40000
v -77.16290 14.00000 15.95000
v -77.16290 14.00000 17.05000
v -84.78390 -4.00000 19.25000
v -85.73650 -4.00000 18.70000
v -85.73650 -4.00000 17.60000
v -84.78390 -4.00000 17.05000
v -83.83130 -4.00000 17.60000
v -83.83130 -4.00000 18.70000
v -84.78390 14.00000 19.25000
v -85.73650 14.00000 18.70000
v -85.73650 14.00000 17.60000
v -84.78390 14.00000 17.05000
v -83.83130 14.00000 17.60000
v -83.83130 14.00000 18.70000
v -82.87860 -4.00000 19.25000
v -83.83130 -4.00000 18.70000
v -83.83130 -4.00000 17.60000
v -82.87860 -4.00000 17.05000
v -81.92600 -4.00000 17.60000
v -81.92600 -4.00000 18.70000
v -82.87860 14.00000 19.25000
v -83.83130 14.00000 18.70000
v -83.83130 14.00000 17.60000
v -82.87860 14.00000 17.05000
v -81.92600 14.00000 17.60000
v -81.92600 14.00000 18.70000
v -80.97340 -4.00000 19.25000
v -81.92600 -4.00000 18.70000
v -81.92600 -4.00000 17.60000
v -80.97340 -4.00000 17.05000
v -80.02070 -4.00000 17.60000
v -80.02070 -4.00000 18.70000
v -80.97340 14.00000 19.25000
v -81.92600 14.00000 18.70000
v -81.92600 14.00000 17.60000
v -80.97340 14.00000 17.05000
v -80.02070 14.00000 17.60000
v -80.02070 14.00000 18.70000
v -79.06810 -4.00000 19.25000
v -80.02070 -4.00000 18.70000
v -80.02070 -4.00000 17.60000
v -79.06810 -4.00000 17.05000
v -78.11550 -4.00000 17.60000
v -78.11550 -4.00000 18.70000
v -79.06810 14.00000 19.25000
v -80.02070 14.00000 18.70000
v -80.02070 14.00000 17.60000
v -79.06810 14.00000 17.05000
v -78.11550 14.00000 17.60000
v -78.11550 14.00000 18.70000
v -77.16290 -4.00000 19.25000
v -78.11550 -4.00000 18.70000
v -78.11550 -4.00000 17.60000
v -77.16290 -4.00000 17.05000
v -76.21020 -4.00000 17.60000
v -76.21020 -4.00000 18.70000
v -77.16290 14.00000 19.25000
v -78.11550 14.00000 18.70000
v -78.11550 14.00000 17.60000
v -77.16290 14.00000 17.05000
v -76.21020 14.00000 17.60000
v -76.21020 14.00000 18.70000
v -83.83130 -4.00000 20.90000
v -84.78390 -4.00000 20.35000
v -84.78390 -4.00000 19.25000
v -83.83130 -4.00000 18.70000
v -82.87860 -4.00000 19.25000
v -82.87860 -4.00000 20.35000
v -83.83130 14.00000 20.90000
v -84.78390 14.00000 20.35000
v -84.78390 14.00000 19.25000
v -83.83130 14.00000 18.70000
v -82.87860 14.00000 19.25000
v -82.87860 14.00000 20.35000
v -81.92600 -4.00000 20.90000
v -82.87860 -4.00000 20.35000
v -82.87860 -4.00000 19.25000
v -81.92600 -4.00000 18.70000
v -80.97340 -4.00000 19.25000
v -80.97340 -4.00000 20.35000
v -81.92600 14.00000 20.90000
v -82.87860 14.00000 20.35000
v -82.87860 14.00000 19.25000
v -81.92600 14.00000 18.70000
v -80.97340 14.00000 19.25000
v -80.97340 14.00000 20.35000
v -80.02070 -4.00000 20.90000
v -80.97340 -4.00000 20.35000
v -80.97340 -4.00000 19.25000
v -80.02070 -4.00000 18.70000
v -79.06810 -4.00000 19.25000
v -79.06810 -4.00000 20.35000
v -80.02070 14.00000 20.90000
v -80.97340 14.00000 20.35000
v -80.97340 14.00000 19.25000
v -80.02070 14.00000 18.70000
v -79.06810 14.00000 19.25000
v -79.06810 14.00000 20.35000
v -78.11550 -4.00000 20.90000
v -79.06810 -4.00000 20.35000
v -79.06810 -4.00000 19.25000
v -78.11550 -4.00000 18.70000
v -77.16290 -4.00000 19.25000
v -77.16290 -4.00000 20.35000
v -78.11550 14.00000 20.90000
v -79.06810 14.00000 20.35000
v -79.06810 14.00000 19.25000
v -78.11550 14.00000 18.70000
v -77.16290 14.00000 19.25000
v -77.16290 14.00000 20.35000
v -82.87860 -4.00000 22.55000
v -83.83130 -4.00000 22.00000
v -83.83130 -4.00000 20.90000
v -82.87860 -4.00000 20.35000
v -81.92600 -4.00000 20.90000
v -81.92600 -4.00000 22.00000
v -82.87860 14.00000 22.55000
v -83.83130 14.00000 22.00000
v -83.83130 14.00000 20.90000
v -82.87860 14.00000 20.35000
v -81.92600 14.00000 20.90000
v -81.92600 14.00000 22.00000
v -80.97340 -4.00000 22.55000
v -81.92600 -4.00000 22.00000
v -81.92600 -4.00000 20.90000
v -80.97340 -4.00000 20.35000
v -80.02070 -4.00000 20.90000
v -80.02070 -4.00000 22.00000
v -80.97340 14.00000 22.55000
v -81.92600 14.00000 22.00000
v -81.92600 14.00000 20.90000
v -80.97340 14.00000 20.35000
v -80.02070 14.00000 20.90000
v -80.02070 14.00000 22.00000
v -79.06810 -4.00000 22.55000
v -80.02070 -4.00000 22.00000
v -80.02070 -4.00000 20.90000
v -79.06810 -4.00000 20.35000
v -78.11550 -4.00000 20.90000
v -78.11550 -4.00000 22.00000
v -79.06810 14.00000 22.55000
v -80.02070 14.00000 22.00000
v -80.02070 14.00000 20.90000
v -79.06810 14.00000 20.35000
v -78.11550 14.00000 20.90000
v -78.11550 14.00000 22.00000
v -77.16290 -4.00000 22.55000
v -78.11550 -4.00000 22.00000
v -78.11550 -4.00000 20.90000
v -77.16290 -4.00000 20.35000
v -76.21020 -4.00000 20.90000
v -76.21020 -4.00000 22.00000
v -77.16290 14.00000 22.55000
v -78.11550 14.00000 22.00000
v -78.11550 14.00000 20.90000
v -77.16290 14.00000 20.35000
v -76.21020 14.00000 20.90000
v -76.21020 14.00000 22.00000
v -83.83130 -4.00000 24.20000
v -84.78390 -4.00000 23.65000
v -84.78390 -4.00000 22.55000
v -83.83130 -4.00000 22.00000
v -82.87860 -4.00000 22.55000
v -82.87860 -4.00000 23.65000
v -83.83130 14.00000 24.20000
v -84.78390 14.00000 23.65000
v -84.78390 14.00000 22.55000
v -83.83130 14.00000 22.00000
v -82.87860 14.00000 22.55000
v -82.87860 14.00000 23.65000
v -81.92600 -4.00000 24.20000
v -82.87860 -4.00000 23.65000
v -82.87860 -4.00000 22.55000
v -81.92600 -4.00000 22.00000
v -80.97340 -4.00000 22.55000
v -80.97340 -4.00000 23.65000
v -81.92600 14.00000 24.20000
v -82.87860 14.00000 23.65000
v -82.87860 14.00000 22.55000
v -81.92600 14.00000 22.00000
v -80.97340 14.00000 22.55000
v -80.97340 14.00000 23.65000
v -80.02070 -4.00000 24.20000
v -80.97340 -4.00000 23.65000
v -80.97340 -4.00000 22.55000
v -80.02070 -4.00000 22.00000
v -79.06810 -4.00000 22.55000
v -79.06810 -4.00000 23.65000
v -80.02070 14.00000 24.20000
v -80.97340 14.00000 23.65000
v -80.97340 14.00000 22.55000
v -80.02070 14.00000 22.00000
v -79.06810 14.00000 22.55000
v -79.06810 14.00000 23.65000
v -78.11550 -4.00000 24.20000
v -79.06810 -4.00000 23.65000
v -79.06810 -4.00000 22.55000
v -78.11550 -4.00000 22.00000
v -77.16290 -4.00000 22.55000
v -77.16290 -4.00000 23.65000
v -78.11550 14.00000 24.20000
v -79.06810 14.00000 23.65000
v -79.06810 14.00000 22.55000
v -78.11550 14.00000 22.00000
v -77.16290 14.00000 22.55000
v -77.16290 14.00000 23.65000
v -76.21020 -4.00000 24.20000
v -77.16290 -4.00000 23.65000
v -77.16290 -4.00000 22.55000
v -76.21020 -4.00000 22.00000
v -75.25760 -4.00000 22.55000
v -75.25760 -4.00000 23.65000
v -76.21020 14.00000 24.20000
v -77.16290 14.00000 23.65000
v -77.16290 14.00000 22.55000
v -76.21020 14.00000 22.00000
v -75.25760 14.00000 22.55000
v -75.25760 14.00000 23.65000
v -82.87860 -4.00000 25.85000
v -83.83130 -4.00000 25.30000
v -83.83130 -4.00000 24.20000
v -82.87860 -4.00000 23.65000
v -81.92600 -4.00000 24.20000
v -81.92600 -4.00000 25.30000
v -82.87860 14.00000 25.85000
v -83.83130 14.00000 25.30000
v -83.83130 14.00000 24.20000
v -82.87860 14.00000 23.65000
v -81.92600 14.00000 24.20000
v -81.92600 14.00000 25.30000
v -80.97340 -4.00000 25.85000
v -81.92600 -4.00000 25.30000
v -81.92600 -4.00000 24.20000
v -80.97340 -4.00000 23.65000
v -80.02070 -4.00000 24.20000
v -80.02070 -4.00000 25.30000
v -80.97340 14.00000 25.85000
v -81.92600 14.00000 25.30000
v -81.92600 14.00000 24.20000
v -80.97340 14.00000 23.65000
v -80.02070 14.00000 24.20000
v -80.02070 14.00000 25.30000
v -79.06810 -4.00000 25.85000
v -80.02070 -4.00000 25.30000
v -80.02070 -4.00000 24.20000
v -79.06810 -4.00000 23.65000
v -78.11550 -4.00000 24.20000
v -78.11550 -4.00000 25.30000
v -79.06810 14.00000 25.85000
v -80.02070 14.00000 25.30000
v -80.02070 14.00000 24.20000
v -79.06810 14.00000 23.65000
v -78.11550 14.00000 24.20000
v -78.11550 14.00000 25.30000
v -77.16290 -4.00000 25.85000
v -78.11550 -4.00000 25.30000
v -78.11550 -4.00000 24.20000
v -77.16290 -4.00000 23.65000
v -76.21020 -4.00000 24.20000
v -76.21020 -4.00000 25.30000
v -77.16290 14.00000 25.85000
v -78.11550 14.00000 25.30000
v -78.11550 14.00000 24.20000
v -77.16290 14.00000 23.65000
v -76.21020 14.00000 24.20000
v -76.21020 14.00000 25.30000
v -75.25760 -4.00000 25.85000
v -76.21020 -4.00000 25.30000
v -76.21020 -4.00000 24.20000
v -75.25760 -4.00000 23.65000
v -74.30500 -4.00000 24.20000
v -74.30500 -4.00000 25.30000
v -75.25760 14.00000 25.85000
v -76.21020 14.00000 25.30000
v -76.21020 14.00000 24.20000
v -75.25760 14.00000 23.65000
v -74.30500 14.00000 24.20000
v -74.30500 14.00000 25.30000
v -81.92600 -4.00000 27.50000
v -82.87860 -4.00000 26.95000
v -82.87860 -4.00000 25.85000
v -81.92600 -4.00000 25.30000
v -80.97340 -4.00000 25.85000
v -80.97340 -4.00000 26.95000
v -81.92600 14.00000 27.50000
v -82.87860 14.00000 26.95000
v -82.87860 14.00000 25.85000
v -81.92600 14.00000 25.30000
v -80.97340 14.00000 25.85000
v -80.97340 14.00000 26.95000
v -80.02070 -4.00000 27.50000
v -80.97340 -4.00000 26.95000
v -80.97340 -4.00000 25.85000
v -80.02070 -4.00000 25.30000
v -79.06810 -4.00000 25.85000
v -79.06810 -4.00000 26.95000
v -80.02070 14.00000 27.50000
v -80.97340 14.00000 26.95000
v -80.97340 14.00000 25.85000
v -80.02070 14.00000 25.30000
v -79.06810 14.00000 25.85000
v -79.06810 14.00000 26.95000
v -78.11550 -4.00000 27.50000
v -79.06810 -4.00000 26.95000
v -79.06810 -4.00000 25.85000
v -78.11550 -4.00000 25.30000
v -77.16290 -4.00000 25.85000
v -77.16290 -4.00000 26.95000
v -78.11550 14.00000 27.50000
v -79.06810 14.00000 26.95000
v -79.06810 14.00000 25.85000
v -78.11550 14.00000 25.30000
v -77.16290 14.00000 25.85000
v -77.16290 14.00000 26.95000
v -76.21020 -4.00000 27.50000
v -77.16290 -4.00000 26.95000
v -77.16290 -4.00000 25.85000
v -76.21020 -4.00000 25.30000
v -75.25760 -4.00000 25.85000
v -75.25760 -4.00000 26.95000
v -76.21020 14.00000 27.50000
v -77.16290 14.00000 26.95000
v -77.16290 14.00000 25.85000
v -76.21020 14.00000 25.30000
v -75.25760 14.00000 25.85000
v -75.25760 14.00000 26.95000
v -80.97340 -4.00000 29.15000
v -81.92600 -4.00000 28.60000
v -81.92600 -4.00000 27.50000
v -80.97340 -4.00000 26.95000
v -80.02070 -4.00000 27.50000
v -80.02070 -4.00000 28.60000
v -80.97340 14.00000 29.15000
v -81.92600 14.00000 28.60000
v -81.92600 14.00000 27.50000
v -80.97340 14.00000 26.95000
v -80.02070 14.00000 27.50000
v -80.02070 14.00000 28.60000
v -79.06810 -4.00000 29.15000
v -80.02070 -4.00000 28.60000
v -80.02070 -4.00000 27.50000
v -79.06810 -4.00000 26.95000
v -78.11550 -4.00000 27.50000
v -78.11550 -4.00000 28.60000
v -79.06810 14.00000 29.15000
v -80.02070 14.00000 28.60000
v -80.02070 14.00000 27.50000
v -79.06810 14.00000 26.95000
v -78.11550 14.00000 27.50000
v -78.11550 14.00000 28.60000
v -77.16290 -4.00000 29.15000
v -78.11550 -4.00000 28.60000
v -78.11550 -4.00000 27.50000
v -77.16290 -4.00000 26.95000
v -76.21020 -4.00000 27.50000
v -76.21020 -4.00000 28.60000
v -77.16290 14.00000 29.15000
v -78.11550 14.00000 28.60000
v -78.11550 14.00000 27.50000
v -77.16290 14.00000 26.95000
v -76.21020 14.00000 27.50000
v -76.21020 14.00000 28.60000
v -75.25760 -4.00000 29.15000
v -76.21020 -4.00000 28.60000
v -76.21020 -4.00000 27.50000
v -75.25760 -4.00000 26.95000
v -74.30500 -4.00000 27.50000
v -74.30500 -4.00000 28.60000
v -75.25760 14.00000 29.15000
v -76.21020 14.00000 28.60000
v -76.21020 14.00000 27.50000
v -75.25760 14.00000 26.95000
v -74.30500 14.00000 27.50000
v -74.30500 14.00000 28.60000
v -80.02070 -4.00000 30.80000
v -80.97340 -4.00000 30.25000
v -80.97340 -4.00000 29.15000
v -80.02070 -4.00000 28.60000
v -79.06810 -4.00000 29.15000
v -79.06810 -4.00000 30.25000
v -80.02070 14.00000 30.80000
v -80.97340 14.00000 30.25000
v -80.97340 14.00000 29.15000
v -80.02070 14.00000 28.60000
v -79.06810 14.00000 29.15000
v -79.06810 14.00000 30.25000
v -78.11550 -4.00000 30.80000
v -79.06810 -4.00000 30.25000
v -79.06810 -4.00000 29.15000
v -78.11550 -4.00000 28.60000
v -77.16290 -4.00000 29.15000
v -77.16290 -4.00000 30.25000
v -78.11550 14.00000 30.80000
v -79.06810 14.00000 30.25000
v -79.06810 14.00000 29.15000
v -78.11550 14.00000 28.60000
v -77.16290 14.00000 29.15000
v -77.16290 14.00000 30.25000
v -76.21020 -4.00000 30.80000
v -77.16290 -4.00000 30.25000
v -77.16290 -4.00000 29.15000
v -76.21020 -4.00000 28.60000
v -75.25760 -4.00000 29.15000
v -75.25760 -4.00000 30.25000
v -76.21020 14.00000 30.80000
v -77.16290 14.00000 30.25000
v -77.16290 14.00000 29.15000
v -76.21020 14.00000 28.60000
v -75.25760 14.00000 29.15000
v -75.25760 14.00000 30.25000
v -74.30500 -4.00000 30.80000
v -75.25760 -4.00000 30.25000
v -75.25760 -4.00000 29.15000
v -74.30500 -4.00000 28.60000
v -73.35240 -4.00000 29.15000
v -73.35240 -4.00000 30.25000
v -74.30500 14.00000 30.80000
v -75.25760 14.00000 30.25000
v -75.25760 14.00000 29.15000
v -74.30500 14.00000 28.60000
v -73.35240 14.00000 29.15000
v -73.35240 14.00000 30.25000
v -80.97340 -4.00000 32.45000
v -81.92600 -4.00000 31.90000
v -81.92600 -4.00000 30.80000
v -80.97340 -4.00000 30.25000
v -80.02070 -4.00000 30.80000
v -80.02070 -4.00000 31.90000
v -80.97340 14.00000 32.45000
v -81.92600 14.00000 31.90000
v -81.92600 14.00000 30.80000
v -80.97340 14.00000 30.25000
v -80.02070 14.00000 30.80000
v -80.02070 14.00000 31.90000
v -79.06810 -4.00000 32.45000
v -80.02070 -4.00000 31.90000
v -80.02070 -4.00000 30.80000
v -79.06810 -4.00000 30.25000
v -78.11550 -4.00000 30.80000
v -78.11550 -4.00000 31.90000
v -79.06810 14.00000 32.45000
v -80.02070 14.00000 31.90000
v -80.02070 14.00000 30.80000
v -79.06810 14.00000 30.25000
v -78.11550 14.00000 30.80000
v -78.11550 14.00000 31.90000
v -77.16290 -4.00000 32.45000
v -78.11550 -4.00000 31.90000
v -78.11550 -4.00000 30.80000
v -77.16290 -4.00000 30.25000
v -76.21020 -4.00000 30.80000
v -76.21020 -4.00000 31.90000
v -77.16290 14.00000 32.45000
v -78.11550 14.00000 31.90000
v -78.11550 14.00000 30.80000
v -77.16290 14.00000 30.25000
v -76.21020 14.00000 30.80000
v -76.21020 14.00000 31.90000
v -75.25760 -4.00000 32.45000
v -76.21020 -4.00000 31.90000
v -76.21020 -4.00000 30.80000
v -75.25760 -4.00000 30.25000
v -74.30500 -4.00000 30.80000
v -74.30500 -4.00000 31.90000
v -75.25760 14.00000 32.45000
v -76.21020 14.00000 31.90000
v -76.21020 14.00000 30.80000
v -75.25760 14.00000 30.25000
v -74.30500 14.00000 30.80000
v -74.30500 14.00000 31.90000
v -73.35240 -4.00000 32.45000
v -74.30500 -4.00000 31.90000
v -74.30500 -4.00000 30.80000
v -73.35240 -4.00000 30.25000
v -72.39970 -4.00000 30.80000
v -72.39970 -4.00000 31.90000
v -73.35240 14.00000 32.45000
v -74.30500 14.00000 31.90000
v -74.30500 14.00000 30.80000
v -73.35240 14.00000 30.25000
v -72.39970 14.00000 30.80000
v -72.39970 14.00000 31.90000
v -80.02070 -4.00000 34.10000
v -80.97340 -4.00000 33.55000
v -80.97340 -4.00000 32.45000
v -80.02070 -4.00000 31.90000
v -79.06810 -4.00000 32.45000
v -79.06810 -4.00000 33.55000
v -80.02070 14.00000 34.10000
v -80.97340 14.00000 33.55000
v -80.97340 14.00000 32.45000
v -80.02070 14.00000 31.90000
v -79.06810 14.00000 32.45000
v -79.06810 14.00000 33.55000
v -78.11550 -4.00000 34.10000
v -79.06810 -4.00000 33.55000
v -79.06810 -4.00000 32.45000
v -78.11550 -4.00000 31.90000
v -77.16290 -4.00000 32.45000
v -77.16290 -4.00000 33.55000
v -78.11550 14.00000 34.10000
v -79.06810 14.00000 33.55000
v -79.06810 14.00000 32.45000
v -78.11550 14.00000 31.90000
v -77.16290 14.00000 32.45000
v -77.16290 14.00000 33.55000
v -76.21020 -4.00000 34.10000
v -77.16290 -4.00000 33.55000
v -77.16290 -4.00000 32.45000
v -76.21020 -4.00000 31.90000
v -75.25760 -4.00000 32.45000
v -75.25760 -4.00000 33.55000
v -76.21020 14.00000 34.10000
v -77.16290 14.00000 33.55000
v -77.16290 14.00000 32.45000
v -76.21020 14.00000 31.90000
v -75.25760 14.00000 32.45000
v -75.25760 14.00000 33.55000
v -74.30500 -4.00000 34.10000
v -75.25760 -4.00000 33.55000
v -75.25760 -4.00000 32.45000
v -74.30500 -4.00000 31.90000
v -73.35240 -4.00000 32.45000
v -73.35240 -4.00000 33.55000
v -74.30500 14.00000 34.10000
v -75.25760 14.00000 33.55000
v -75.25760 14.00000 32.45000
v -74.30500 14.00000 31.90000
v -73.35240 14.00000 32.45000
v -73.35240 14.00000 33.55000
v -72.39970 -4.00000 34.10000
v -73.35240 -4.00000 33.55000
v -73.35240 -4.00000 32.45000
v -72.39970 -4.00000 31.90000
v -71.44710 -4.00000 32.45000
v -71.44710 -4.00000 33.55000
v -72.39970 14.00000 34.10000
v -73.35240 14.00000 33.55000
v -73.35240 14.00000 32.45000
v -72.39970 14.00000 31.90000
v -71.44710 14.00000 32.45000
v -71.44710 14.00000 33.55000
v -79.06810 -4.00000 35.75000
v -80.02070 -4.00000 35.20000
v -80.02070 -4.00000 34.10000
v -79.06810 -4.00000 33.55000
v -78.11550 -4.00000 34.10000
v -78.11550 -4.00000 35.20000
v -79.06810 14.00000 35.75000
v -80.02070 14.00000 35.20000
v -80.02070 14.00000 34.10000
v -79.06810 14.00000 33.55000
v -78.11550 14.00000 34.10000
v -78.11550 14.00000 35.20000
v -77.16290 -4.00000 35.75000
v -78.11550 -4.00000 35.20000
v -78.11550 -4.00000 34.10000
v -77.16290 -4.00000 33.55000
v -76.21020 -4.00000 34.10000
v -76.21020 -4.00000 35.20000
v -77.16290 14.00000 35.75000
v -78.11550 14.00000 35.20000
v -78.11550 14.00000 34.10000
v -77.16290 14.00000 33.55000
v -76.21020 14.00000 34.10000
v -76.21020 14.00000 35.20000
v -75.25760 -4.00000 35.75000
v -76.21020 -4.00000 35.20000
v -76.21020 -4.00000 34.10000
v -75.25760 -4.00000 33.55000
v -74.30500 -4.00000 34.10000
v -74.30500 -4.00000 35.20000
v -75.25760 14.00000 35.75000
v -76.21020 14.00000 35.20000
v -76.21020 14.00000 34.10000
v -75.25760 14.00000 33.55000
v -74.30500 14.00000 34.10000
v -74.30500 14.00000 35.20000
v -73.35240 -4.00000 35.75000
v -74.30500 -4.00000 35.20000
v -74.30500 -4.00000 34.10000
v -73.35240 -4.00000 33.55000
v -72.39970 -4.00000 34.10000
v -72.39970 -4.00000 35.20000
v -73.35240 14.00000 35.75000
v -74.30500 14.00000 35.20000
v -74.30500 14.00000 34.10000
v -73.35240 14.00000 33.55000
v -72.39970 14.00000 34.10000
v -72.39970 14.00000 35.20000
v -71.44710 -4.00000 35.75000
v -72.39970 -4.00000 35.20000
v -72.39970 -4.00000 34.10000
v -71.44710 -4.00000 33.55000
v -70.49450 -4.00000 34.10000
v -70.49450 -4.00000 35.20000
v -71.44710 14.00000 35.75000
v -72.39970 14.00000 35.20000
v -72.39970 14.00000 34.10000
v -71.44710 14.00000 33.55000
v -70.49450 14.00000 34.10000
v -70.49450 14.00000 35.20000
v -78.11550 -4.00000 37.40000
v -79.06810 -4.00000 36.85000
v -79.06810 -4.00000 35.75000
v -78.11550 -4.00000 35.20000
v -77.16290 -4.00000 35.75000
v -77.16290 -4.00000 36.85000
v -78.11550 14.00000 37.40000
v -79.06810 14.00000 36.85000
v -79.06810 14.00000 35.75000
v -78.11550 14.00000 35.20000
v -77.16290 14.00000 35.75000
v -77.16290 14.00000 36.85000
v -76.21020 -4.00000 37.40000
v -77.16290 -4.00000 36.85000
v -77.16290 -4.00000 35.75000
v -76.21020 -4.00000 35.20000
v -75.25760 -4.00000 35.75000
v -75.25760 -4.00000 36.85000
v -76.21020 14.00000 37.40000
v -77.16290 14.00000 36.85000
v -77.16290 14.00000 35.75000
v -76.21020 14.00000 35.20000
v -75.25760 14.00000 35.75000
v -75.25760 14.00000 36.85000
v -74.30500 -4.00000 37.40000
v -75.25760 -4.00000 36.85000
v -75.25760 -4.00000 35.75000
v -74.30500 -4.00000 35.20000
v -73.35240 -4.00000 35.75000
v -73.35240 -4.00000 36.85000
v -74.30500 14.00000 37.40000
v -75.25760 14.00000 36.85000
v -75.25760 14.00000 35.75000
v -74.30500 14.00000 35.20000
v -73.35240 14.00000 35.75000
v -73.35240 14.00000 36.85000
v -72.39970 -4.00000 37.40000
v -73.35240 -4.00000 36.85000
v -73.35240 -4.00000 35.75000
v -72.39970 -4.00000 35.20000
v -71.44710 -4.00000 35.75000
v -71.44710 -4.00000 36.85000
v -72.39970 14.00000 37.40000
v -73.35240 14.00000 36.85000
v -73.35240 14.00000 35.75000
v -72.39970 14.00000 35.20000
v -71.44710 14.00000 35.75000
v -71.44710 14.00000 36.85000
v -70.49450 -4.00000 37.40000
v -71.44710 -4.00000 36.85000
v -71.44710 -4.00000 35.75000
v -70.49450 -4.00000 35.20000
v -69.54180 -4.00000 35.75000
v -69.54180 -4.00000 36.85000
v -70.49450 14.00000 37.40000
v -71.44710 14.00000 36.85000
v -71.44710 14.00000 35.75000
v -70.49450 14.00000 35.20000
v -69.54180 14.00000 35.75000
v -69.54180 14.00000 36.85000
v -77.16290 -4.00000 39.05000
v -78.11550 -4.00000 38.50000
v -78.11550 -4.00000 37.40000
v -77.16290 -4.00000 36.85000
v -76.21020 -4.00000 37.40000
v -76.21020 -4.00000 38.50000
v -77.16290 14.00000 39.05000
v -78.11550 14.00000 38.50000
v -78.11550 14.00000 37.40000
v -77.16290 14.00000 36.85000
v -76.21020 14.00000 37.40000
v -76.21020 14.00000 38.50000
v -75.25760 -4.00000 39.05000
v -76.21020 -4.00000 38.50000
v -76.21020 -4.00000 37.40000
v -75.25760 -4.00000 36.85000
v -74.30500 -4.00000 37.40000
v -74.30500 -4.00000 38.50000
v -75.25760 14.00000 39.05000
v -76.21020 14.00000 38.50000
v -76.21020 14.00000 37.40000
v -75.25760 14.00000 36.85000
v -74.30500 14.00000 37.40000
v -74.30500 14.00000 38.50000
v -73.35240 -4.00000 39.05000
v -74.30500 -4.00000 38.50000
v -74.30500 -4.00000 37.40000
v -73.35240 -4.00000 36.85000
v -72.39970 -4.00000 37.40000
v -72.39970 -4.00000 38.50000
v -73.35240 14.00000 39.05000
v -74.30500 14.00000 38.50000
v -74.30500 14.00000 37.40000
v -73.35240 14.00000 36.85000
v -72.39970 14.00000 37.40000
v -72.39970 14.00000 38.50000
v -71.44710 -4.00000 39.05000
v -72.39970 -4.00000 38.50000
v -72.39970 -4.00000 37.40000
v -71.44710 -4.00000 36.85000
v -70.49450 -4.00000 37.40000
v -70.49450 -4.00000 38.50000
v -71.44710 14.00000 39.05000
v -72.39970 14.00000 38.50000
v -72.39970 14.00000 37.40000
v -71.44710 14.00000 36.85000
v -70.49450 14.00000 37.40000
v -70.49450 14.00000 38.50000
v -69.54180 -4.00000 39.05000
v -70.49450 -4.00000 38.50000
v -70.49450 -4.00000 37.40000
v -69.54180 -4.00000 36.85000
v -68.58920 -4.00000 37.40000
v -68.58920 -4.00000 38.50000
v -69.54180 14.00000 39.05000
v -70.49450 14.00000 38.50000
v -70.49450 14.00000 37.40000
v -69.54180 14.00000 36.85000
v -68.58920 14.00000 37.40000
v -68.58920 14.00000 38.50000
v -76.21020 -4.00000 40.70000
v -77.16290 -4.00000 40.15000
v -77.16290 -4.00000 39.05000
v -76.21020 -4.00000 38.50000
v -75.25760 -4.00000 39.05000
v -75.25760 -4.00000 40.15000
v -76.21020 14.00000 40.70000
v -77.16290 14.00000 40.15000
v -77.16290 14.00000 39.05000
v -76.21020 14.00000 38.50000
v -75.25760 14.00000 39.05000
v -75.25760 14.00000 40.15000
v -74.30500 -4.00000 40.70000
v -75.25760 -4.00000 40.15000
v -75.25760 -4.00000 39.05000
v -74.30500 -4.00000 38.50000
v -73.35240 -4.00000 39.05000
v -73.35240 -4.00000 40.15000
v -74.30500 14.00000 40.70000
v -75.25760 14.00000 40.15000
v -75.25760 14.00000 39.05000
v -74.30500 14.00000 38.50000
v -73.35240 14.00000 39.05000
v -73.35240 14.00000 40.15000
v -72.39970 -4.00000 40.70000
v -73.35240 -4.00000 40.15000
v -73.35240 -4.00000 39.05000
v -72.39970 -4.00000 38.50000
v -71.44710 -4.00000 39.05000
v -71.44710 -4.00000 40.15000
v -72.39970 14.00000 40.70000
v -73.35240 14.00000 40.15000
v -73.35240 14.00000 39.05000
v -72.39970 14.00000 38.50000
v -71.44710 14.00000 39.05000
v -71.44710 14.00000 40.15000
v -70.49450 -4.00000 40.70000
v -71.44710 -4.00000 40.15000
v -71.44710 -4.00000 39.05000
v -70.49450 -4.00000 38.50000
v -69.54180 -4.00000 39.05000
v -69.54180 -4.00000 40.15000
v -70.49450 14.00000 40.70000
v -71.44710 14.00000 40.15000
v -71.44710 14.00000 39.05000
v -70.49450 14.00000 38.50000
v -69.54180 14.00000 39.05000
v -69.54180 14.00000 40.15000
v -68.58920 -4.00000 40.70000
v -69.54180 -4.00000 40.15000
v -69.54180 -4.00000 39.05000
v -68.58920 -4.00000 38.50000
v -67.63660 -4.00000 39.05000
v -67.63660 -4.00000 40.15000
v -68.58920 14.00000 40.70000
v -69.54180 14.00000 40.15000
v -69.54180 14.00000 39.05000
v -68.58920 14.00000 38.50000
v -67.63660 14.00000 39.05000
v -67.63660 14.00000 40.15000
v -75.25760 -4.00000 42.35000
v -76.21020 -4.00000 41.80000
v -76.21020 -4.00000 40.70000
v -75.25760 -4.00000 40.15000
v -74.30500 -4.00000 40.70000
v -74.30500 -4.00000 41.80000
v -75.25760 14.00000 42.35000
v -76.21020 14.00000 41.80000
v -76.21020 14.00000 40.70000
v -75.25760 14.00000 40.15000
v -74.30500 14.00000 40.70000
v -74.30500 14.00000 41.80000
v -73.35240 -4.00000 42.35000
v -74.30500 -4.00000 41.80000
v -74.30500 -4.00000 40.70000
v -73.35240 -4.00000 40.15000
v -72.39970 -4.00000 40.70000
v -72.39970 -4.00000 41.80000
v -73.35240 14.00000 42.35000
v -74.30500 14.00000 41.80000
v -74.30500 14.00000 40.70000
v -73.35240 14.00000 40.15000
v -72.39970 14.00000 40.70000
v -72.39970 14.00000 41.80000
v -71.44710 -4.00000 42.35000
v -72.39970 -4.00000 41.80000
v -72.39970 -4.00000 40.70000
v -71.44710 -4.00000 40.15000
v -70.49450 -4.00000 40.70000
v -70.49450 -4.00000 41.80000
v -71.44710 14.00000 42.35000
v -72.39970 14.00000 41.80000
v -72.39970 14.00000 40.70000
v -71.44710 14.00000 40.15000
v -70.49450 14.00000 40.70000
v -70.49450 14.00000 41.80000
v -69.54180 -4.00000 42.35000
v -70.49450 -4.00000 41.80000
v -70.49450 -4.00000 40.70000
v -69.54180 -4.00000 40.15000
v -68.58920 -4.00000 40.70000
v -68.58920 -4.00000 41.80000
v -69.54180 14.00000 42.35000
v -70.49450 14.00000 41.80000
v -70.49450 14.00000 40.70000
v -69.54180 14.00000 40.15000
v -68.58920 14.00000 40.70000
v -68.58920 14.00000 41.80000
v -67.63660 -4.00000 42.35000
v -68.58920 -4.00000 41.80000
v -68.58920 -4.00000 40.70000
v -67.63660 -4.00000 40.15000
v -66.68400 -4.00000 40.70000
v -66.68400 -4.00000 41.80000
v -67.63660 14.00000 42.35000
v -68.58920 14.00000 41.80000
v -68.58920 14.00000 40.70000
v -67.63660 14.00000 40.15000
v -66.68400 14.00000 40.70000
v -66.68400 14.00000 41.80000
v -74.30500 -4.00000 44.00000
v -75.25760 -4.00000 43.45000
v -75.25760 -4.00000 42.35000
v -74.30500 -4.00000 41.80000
v -73.35240 -4.00000 42.35000
v -73.35240 -4.00000 43.45000
v -74.30500 14.00000 44.00000
v -75.25760 14.00000 43.45000
v -75.25760 14.00000 42.35000
v -74.30500 14.00000 41.80000
v -73.35240 14.00000 42.35000
v -73.35240 14.00000 43.45000
v -72.39970 -4.00000 44.00000
v -73.35240 -4.00000 43.45000
v -73.35240 -4.00000 42.35000
v -72.39970 -4.00000 41.80000
v -71.44710 -4.00000 42.35000
v -71.44710 -4.00000 43.45000
v -72.39970 14.00000 44.00000
v -73.35240 14.00000 43.45000
v -73.35240 14.00000 42.35000
v -72.39970 14.00000 41.80000
v -71.44710 14.00000 42.35000
v -71.44710 14.00000 43.45000
v -70.49450 -4.00000 44.00000
v -71.44710 -4.00000 43.45000
v -71.44710 -4.00000 42.35000
v -70.49450 -4.00000 41.80000
v -69.54180 -4.00000 42.35000
v -69.54180 -4.00000 43.45000
v -70.49450 14.00000 44.00000
v -71.44710 14.00000 43.45000
v -71.44710 14.00000 42.35000
v -70.49450 14.00000 41.80000
v -69.54180 14.00000 42.35000
v -69.54180 14.00000 43.45000
v -68.58920 -4.00000 44.00000
v -69.54180 -4.00000 43.45000
v -69.54180 -4.00000 42.35000
v -68.58920 -4.00000 41.80000
v -67.63660 -4.00000 42.35000
v -67.63660 -4.00000 43.45000
v -68.58920 14.00000 44.00000
v -69.54180 14.00000 43.45000
v -69.54180 14.00000 42.35000
v -68.58920 14.00000 41.80000
v -67.63660 14.00000 42.35000
v -67.63660 14.00000 43.45000
v -66.68400 -4.00000 44.00000
v -67.63660 -4.00000 43.45000
v -67.63660 -4.00000 42.35000
v -66.68400 -4.00000 41.80000
v -65.73130 -4.00000 42.35000
v -65.73130 -4.00000 43.45000
v -66.68400 14.00000 44.00000
v -67.63660 14.00000 43.45000
v -67.63660 14.00000 42.35000
v -66.68400 14.00000 41.80000
v -65.73130 14.00000 42.35000
v -65.73130 14.00000 43.45000
v -73.35240 -4.00000 45.65000
v -74.30500 -4.00000 45.10000
v -74.30500 -4.00000 44.00000
v -73.35240 -4.00000 43.45000
v -72.39970 -4.00000 44.00000
v -72.39970 -4.00000 45.10000
v -73.35240 14.00000 45.65000
v -74.30500 14.00000 45.10000
v -74.30500 14.00000 44.00000
v -73.35240 14.00000 43.45000
v -72.39970 14.00000 44.00000
v -72.39970 14.00000 45.10000
v -71.44710 -4.00000 45.65000
v -72.39970 -4.00000 45.10000
v -72.39970 -4.00000 44.00000
v -71.44710 -4.00000 43.45000
v -70.49450 -4.00000 44.00000
v -70.49450 -4.00000 45.10000
v -71.44710 14.00000 45.65000
v -72.39970 14.00000 45.10000
v -72.39970 14.00000 44.00000
v -71.44710 14.00000 43.45000
v -70.49450 14.00000 44.00000
v -70.49450 14.00000 45.10000
v -69.54180 -4.00000 45.65000
v -70.49450 -4.00000 45.10000
v -70.49450 -4.00000 44.00000
v -69.54180 -4.00000 43.45000
v -68.58920 -4.00000 44.00000
v -68.58920 -4.00000 45.10000
v -69.54180 14.00000 45.65000
v -70.49450 14.00000 45.10000
v -70.49450 14.00000 44.00000
v -69.54180 14.00000 43.45000
v -68.58920 14.00000 44.00000
v -68.58920 14.00000 45.10000
v -67.63660 -4.00000 45.65000
v -68.58920 -4.00000 45.10000
v -68.58920 -4.00000 44.00000
v -67.63660 -4.00000 43.45000
v -66.68400 -4.00000 44.00000
v -66.68400 -4.00000 45.10000
v -67.63660 14.00000 45.65000
v -68.58920 14.00000 45.10000
v -68.58920 14.00000 44.00000
v -67.63660 14.00000 43.45000
v -66.68400 14.00000 44.00000
v -66.68400 14.00000 45.10000
v -65.73130 -4.00000 45.65000
v -66.68400 -4.00000 45.10000
v -66.68400 -4.00000 44.00000
v -65.73130 -4.00000 43.45000
v -64.77870 -4.00000 44.00000
v -64.77870 -4.00000 45.10000
v -65.73130 14.00000 45.65000
v -66.68400 14.00000 45.10000
v -66.68400 14.00000 44.00000
v -65.73130 14.00000 43.45000
v -64.77870 14.00000 44.00000
v -64.77870 14.00000 45.10000
v -72.39970 -4.00000 47.30000
v -73.35240 -4.00000 46.75000
v -73.35240 -4.00000 45.65000
v -72.39970 -4.00000 45.10000
v -71.44710 -4.00000 45.65000
v -71.44710 -4.00000 46.75000
v -72.39970 14.00000 47.30000
v -73.35240 14.00000 46.75000
v -73.35240 14.00000 45.65000
v -72.39970 14.00000 45.10000
v -71.44710 14.00000 45.65000
v -71.44710 14.00000 46.75000
v -70.49450 -4.00000 47.30000
v -71.44710 -4.00000 46.75000
v -71.44710 -4.00000 45.65000
v -70.49450 -4.00000 45.10000
v -69.54180 -4.00000 45.65000
v -69.54180 -4.00000 46.75000
v -70.49450 14.00000 47.30000
v -71.44710 14.00000 46.75000
v -71.44710 14.00000 45.65000
v -70.49450 14.00000 45.10000
v -69.54180 14.00000 45.65000
v -69.54180 14.00000 46.75000
v -68.58920 -4.00000 47.30000
v -69.54180 -4.00000 46.75000
v -69.54180 -4.00000 45.65000
v -68.58920 -4.00000 45.10000
v -67.63660 -4.00000 45.65000
v -67.63660 -4.00000 46.75000
v -68.58920 14.00000 47.30000
v -69.54180 14.00000 46.75000
v -69.54180 14.00000 45.65000
v -68.58920 14.00000 45.10000
v -67.63660 14.00000 45.65000
v -67.63660 14.00000 46.75000
v -66.68400 -4.00000 47.30000
v -67.63660 -4.00000 46.75000
v -67.63660 -4.00000 45.65000
v -66.68400 -4.00000 45.10000
v -65.73130 -4.00000 45.65000
v -65.73130 -4.00000 46.75000
v -66.68400 14.00000 47.30000
v -67.63660 14.00000 46.75000
v -67.63660 14.00000 45.65000
v -66.68400 14.00000 45.10000
v -65.73130 14.00000 45.65000
v -65.73130 14.00000 46.75000
v -64.77870 -4.00000 47.30000
v -65.73130 -4.00000 46.75000
v -65.73130 -4.00000 45.65000
v -64.77870 -4.00000 45.10000
v -63.82610 -4.00000 45.65000
v -63.82610 -4.00000 46.75000
v -64.77870 14.00000 47.30000
v -65.73130 14.00000 46.75000
v -65.73130 14.00000 45.65000
v -64.77870 14.00000 45.10000
v -63.82610 14.00000 45.65000
v -63.82610 14.00000 46.75000
v -71.44710 -4.00000 48.95000
v -72.39970 -4.00000 48.40000
v -72.39970 -4.00000 47.30000
v -71.44710 -4.00000 46.75000
v -70.49450 -4.00000 47.30000
v -70.49450 -4.00000 48.40000
v -71.44710 14.00000 48.95000
v -72.39970 14.00000 48.40000
v -72.39970 14.00000 47.30000
v -71.44710 14.00000 46.75000
v -70.49450 14.00000 47.30000
v -70.49450 14.00000 48.40000
v -69.54180 -4.00000 48.95000
v -70.49450 -4.00000 48.40000
v -70.49450 -4.00000 47.30000
v -69.54180 -4.00000 46.75000
v -68.58920 -4.00000 47.30000
v -68.58920 -4.00000 48.40000
v -69.54180 14.00000 48.95000
v -70.49450 14.00000 48.40000
v -70.49450 14.00000 47.30000
v -69.54180 14.00000 46.75000
v -68.58920 14.00000 47.30000
v -68.58920 14.00000 48.40000
v -67.63660 -4.00000 48.95000
v -68.58920 -4.00000 48.40000
v -68.58920 -4.00000 47.30000
v -67.63660 -4.00000 46.75000
v -66.68400 -4.00000 47.30000
v -66.68400 -4.00000 48.40000
v -67.63660 14.00000 48.95000
v -68.58920 14.00000 48.40000
v -68.58920 14.00000 47.30000
v -67.63660 14.00000 46.75000
v -66.68400 14.00000 47.30000
v -66.68400 14.00000 48.40000
v -65.73130 -4.00000 48.95000
v -66.68400 -4.00000 48.40000
v -66.68400 -4.00000 47.30000
v -65.73130 -4.00000 46.75000
v -64.77870 -4.00000 47.30000
v -64.77870 -4.00000 48.40000
v -65.73130 14.00000 48.95000
v -66.68400 14.00000 48.40000
v -66.68400 14.00000 47.30000
v -65.73130 14.00000 46.75000
v -64.77870 14.00000 47.30000
v -64.77870 14.00000 48.40000
v -63.82610 -4.00000 48.95000
v -64.77870 -4.00000 48.40000
v -64.77870 -4.00000 47.30000
v -63.82610 -4.00000 46.75000
v -62.87340 -4.00000 47.30000
v -62.87340 -4.00000 48.40000
v -63.82610 14.00000 48.95000
v -64.77870 14.00000 48.40000
v -64.77870 14.00000 47.30000
v -63.82610 14.00000 46.75000
v -62.87340 14.00000 47.30000
v -62.87340 14.00000 48.40000
v -70.49450 -4.00000 50.60000
v -71.44710 -4.00000 50.05000
v -71.44710 -4.00000 48.95000
v -70.49450 -4.00000 48.40000
v -69.54180 -4.00000 48.95000
v -69.54180 -4.00000 50.05000
v -70.49450 14.00000 50.60000
v -71.44710 14.00000 50.05000
v -71.44710 14.00000 48.95000
v -70.49450 14.00000 48.40000
v -69.54180 14.00000 48.95000
v -69.54180 14.00000 50.05000
v -68.58920 -4.00000 50.60000
v -69.54180 -4.00000 50.05000
v -69.54180 -4.00000 48.95000
v -68.58920 -4.00000 48.40000
v -67.63660 -4.00000 48.95000
v -67.63660 -4.00000 50.05000
v -68.58920 14.00000 50.60000
v -69.54180 14.00000 50.05000
v -69.54180 14.00000 48.95000
v -68.58920 14.00000 48.40000
v -67.63660 14.00000 48.95000
v -67.63660 14.00000 50.05000
v -66.68400 -4.00000 50.60000
v -67.63660 -4.00000 50.05000
v -67.63660 -4.00000 48.95000
v -66.68400 -4.00000 48.40000
v -65.73130 -4.00000 48.95000
v -65.73130 -4.00000 50.05000
v -66.68400 14.00000 50.60000
v -67.63660 14.00000 50.05000
v -67.63660 14.00000 48.95000
v -66.68400 14.00000 48.40000
v -65.73130 14.00000 48.95000
v -65.73130 14.00000 50.05000
v -64.77870 -4.00000 50.60000
v -65.73130 -4.00000 50.05000
v -65.73130 -4.00000 48.95000
v -64.77870 -4.00000 48.40000
v -63.82610 -4.00000 48.95000
v -63.82610 -4.00000 50.05000
v -64.77870 14.00000 50.60000
v -65.73130 14.00000 50.05000
v -65.73130 14.00000 48.95000
v -64.77870 14.00000 48.40000
v -63.82610 14.00000 48.95000
v -63.82610 14.00000 50.05000
v -62.87340 -4.00000 50.60000
v -63.82610 -4.00000 50.05000
v -63.82610 -4.00000 48.95000
v -62.87340 -4.00000 48.40000
v -61.92080 -4.00000 48.95000
v -61.92080 -4.00000 50.05000
v -62.87340 14.00000 50.60000
v -63.82610 14.00000 50.05000
v -63.82610 14.00000 48.95000
v -62.87340 14.00000 48.40000
v -61.92080 14.00000 48.95000
v -61.92080 14.00000 50.05000
v -69.54180 -4.00000 52.25000
v -70.49450 -4.00000 51.70000
v -70.49450 -4.00000 50.60000
v -69.54180 -4.00000 50.05000
v -68.58920 -4.00000 50.60000
v -68.58920 -4.00000 51.70000
v -69.54180 14.00000 52.25000
v -70.49450 14.00000 51.70000
v -70.49450 14.00000 50.60000
v -69.54180 14.00000 50.05000
v -68.58920 14.00000 50.60000
v -68.58920 14.00000 51.70000
v -67.63660 -4.00000 52.25000
v -68.58920 -4.00000 51.70000
v -68.58920 -4.00000 50.60000
v -67.63660 -4.00000 50.05000
v -66.68400 -4.00000 50.60000
v -66.68400 -4.00000 51.70000
v -67.63660 14.00000 52.25000
v -68.58920 14.00000 51.70000
v -68.58920 14.00000 50.60000
v -67.63660 14.00000 50.05000
v -66.68400 14.00000 50.60000
v -66.68400 14.00000 51.70000
v -65.73130 -4.00000 52.25000
v -66.68400 -4.00000 51.70000
v -66.68400 -4.00000 50.60000
v -65.73130 -4.00000 50.05000
v -64.77870 -4.00000 50.60000
v -64.77870 -4.00000 51.70000
v -65.73130 14.00000 52.25000
v -66.68400 14.00000 51.70000
v -66.68400 14.00000 50.60000
v -65.73130 14.00000 50.05000
v -64.77870 14.00000 50.60000
v -64.77870 14.00000 51.70000
v -63.82610 -4.00000 52.25000
v -64.77870 -4.00000 51.70000
v -64.77870 -4.00000 50.60000
v -63.82610 -4.00000 50.05000
v -62.87340 -4.00000 50.60000
v -62.87340 -4.00000 51.70000
v -63.82610 14.00000 52.25000
v -64.77870 14.00000 51.70000
v -64.77870 14.00000 50.60000
v -63.82610 14.00000 50.05000
v -62.87340 14.00000 50.60000
v -62.87340 14.00000 51.70000
v -61.92080 -4.00000 52.25000
v -62.87340 -4.00000 51.70000
v -62.87340 -4.00000 50.60000
v -61.92080 -4.00000 50.05000
v -60.96820 -4.00000 50.60000
v -60.96820 -4.00000 51.70000
v -61.92080 14.00000 52.25000
v -62.87340 14.00000 51.70000
v -62.87340 14.00000 50.60000
v -61.92080 14.00000 50.05000
v -60.96820 14.00000 50.60000
v -60.96820 14.00000 51.70000
v -68.58920 -4.00000 53.90000
v -69.54180 -4.00000 53.35000
v -69.54180 -4.00000 52.25000
v -68.58920 -4.00000 51.70000
v -67.63660 -4.00000 52.25000
v -67.63660 -4.00000 53.35000
v -68.58920 14.00000 53.90000
v -69.54180 14.00000 53.35000
v -69.54180 14.00000 52.25000
v -68.58920 14.00000 51.70000
v -67.63660 14.00000 52.25000
v -67.63660 14.00000 53.35000
v -66.68400 -4.00000 53.90000
v -67.63660 -4.00000 53.35000
v -67.63660 -4.00000 52.25000
v -66.68400 -4.00000 51.70000
v -65.73130 -4.00000 52.25000
v -65.73130 -4.00000 53.35000
v -66.68400 14.00000 53.90000
v -67.63660 14.00000 53.35000
v -67.63660 14.00000 52.25000
v -66.68400 14.00000 51.70000
v -65.73130 14.00000 52.25000
v -65.73130 14.00000 53.35000
v -64.77870 -4.00000 53.90000
v -65.73130 -4.00000 53.35000
v -65.73130 -4.00000 52.25000
v -64.77870 -4.00000 51.70000
v -63.82610 -4.00000 52.25000
v -63.82610 -4.00000 53.35000
v -64.77870 14.00000 53.90000
v -65.73130 14.00000 53.35000
v -65.73130 14.00000 52.25000
v -64.77870 14.00000 51.70000
v -63.82610 14.00000 52.25000
v -63.82610 14.00000 53.35000
v -62.87340 -4.00000 53.90000
v -63.82610 -4.00000 53.35000
v -63.82610 -4.00000 52.25000
v -62.87340 -4.00000 51.70000
v -61.92080 -4.00000 52.25000
v -61.92080 -4.00000 53.35000
v -62.87340 14.00000 53.90000
v -63.82610 14.00000 53.35000
v -63.82610 14.00000 52.25000
v -62.87340 14.00000 51.70000
v -61.92080 14.00000 52.25000
v -61.92080 14.00000 53.35000
v -60.96820 -4.00000 53.90000
v -61.92080 -4.00000 53.35000
v -61.92080 -4.00000 52.25000
v -60.96820 -4.00000 51.70000
v -60.01560 -4.00000 52.25000
v -60.01560 -4.00000 53.35000
v -60.96820 14.00000 53.90000
v -61.92080 14.00000 53.35000
v -61.92080 14.00000 52.25000
v -60.96820 14.00000 51.70000
v -60.01560 14.00000 52.25000
v -60.01560 14.00000 53.35000
v -59.06290 -4.00000 53.90000
v -60.01560 -4.00000 53.35000
v -60.01560 -4.00000 52.25000
v -59.06290 -4.00000 51.70000
v -58.11030 -4.00000 52.25000
v -58.11030 -4.00000 53.35000
v -59.06290 14.00000 53.90000
v -60.01560 14.00000 53.35000
v -60.01560 14.00000 52.25000
v -59.06290 14.00000 51.70000
v -58.11030 14.00000 52.25000
v -58.11030 14.00000 53.35000
v -67.63660 -4.00000 55.55000
v -68.58920 -4.00000 55.00000
v -68.58920 -4.00000 53.90000
v -67.63660 -4.00000 53.35000
v -66.68400 -4.00000 53.90000
v -66.68400 -4.00000 55.00000
v -67.63660 14.00000 55.55000
v -68.58920 14.00000 55.00000
v -68.58920 14.00000 53.90000
v -67.63660 14.00000 53.35000
v -66.68400 14.00000 53.90000
v -66.68400 14.00000 55.00000
v -65.73130 -4.00000 55.55000
v -66.68400 -4.00000 55.00000
v -66.68400 -4.00000 53.90000
v -65.73130 -4.00000 53.35000
v -64.77870 -4.00000 53.90000
v -64.77870 -4.00000 55.00000
v -65.73130 14.00000 55.55000
v -66.68400 14.00000 55.00000
v -66.68400 14.00000 53.90000
v -65.73130 14.00000 53.35000
v -64.77870 14.00000 53.90000
v -64.77870 14.00000 55.00000
v -63.82610 -4.00000 55.55000
v -64.77870 -4.00000 55.00000
v -64.77870 -4.00000 53.90000
v -63.82610 -4.00000 53.35000
v -62.87340 -4.00000 53.90000
v -62.87340 -4.00000 55.00000
v -63.82610 14.00000 55.55000
v -64.77870 14.00000 55.00000
v -64.77870 14.00000 53.90000
v -63.82610 14.00000 53.35000
v -62.87340 14.00000 53.90000
v -62.87340 14.00000 55.00000
v -61.92080 -4.00000 55.55000
v -62.87340 -4.00000 55.00000
v -62.87340 -4.00000 53.90000
v -61.92080 -4.00000 53.35000
v -60.96820 -4.00000 53.90000
v -60.96820 -4.00000 55.00000
v -61.92080 14.00000 55.55000
v -62.87340 14.00000 55.00000
v -62.87340 14.00000 53.90000
v -61.92080 14.00000 53.35000
v -60.96820 14.00000 53.90000
v -60.96820 14.00000 55.00000
v -60.01560 -4.00000 55.55000
v -60.96820 -4.00000 55.00000
v -60.96820 -4.00000 53.90000
v -60.01560 -4.00000 53.35000
v -59.06290 -4.00000 53.90000
v -59.06290 -4.00000 55.00000
v -60.01560 14.00000 55.55000
v -60.96820 14.00000 55.00000
v -60.96820 14.00000 53.90000
v -60.01560 14.00000 53.35000
v -59.06290 14.00000 53.90000
v -59.06290 14.00000 55.00000
v -58.11030 -4.00000 55.55000
v -59.06290 -4.00000 55.00000
v -59.06290 -4.00000 53.90000
v -58.11030 -4.00000 53.35000
v -57.15770 -4.00000 53.90000
v -57.15770 -4.00000 55.00000
v -58.11030 14.00000 55.55000
v -59.06290 14.00000 55.00000
v -59.06290 14.00000 53.90000
v -58.11030 14.00000 53.35000
v -57.15770 14.00000 53.90000
v -57.15770 14.00000 55.00000
v -64.77870 -4.00000 57.20000
v -65.73130 -4.00000 56.65000
v -65.73130 -4.00000 55.55000
v -64.77870 -4.00000 55.00000
v -63.82610 -4.00000 55.55000
v -63.82610 -4.00000 56.65000
v -64.77870 14.00000 57.20000
v -65.73130 14.00000 56.65000
v -65.73130 14.00000 55.55000
v -64.77870 14.00000 55.00000
v -63.82610 14.00000 55.55000
v -63.82610 14.00000 56.65000
v -62.87340 -4.00000 57.20000
v -63.82610 -4.00000 56.65000
v -63.82610 -4.00000 55.55000
v -62.87340 -4.00000 55.00000
v -61.92080 -4.00000 55.55000
v -61.92080 -4.00000 56.65000
v -62.87340 14.00000 57.20000
v -63.82610 14.00000 56.65000
v -63.82610 14.00000 55.55000
v -62.87340 14.00000 55.00000
v -61.92080 14.00000 55.55000
v -61.92080 14.00000 56.65000
v -60.96820 -4.00000 57.20000
v -61.92080 -4.00000 56.65000
v -61.92080 -4.00000 55.55000
v -60.96820 -4.00000 55.00000
v -60.01560 -4.00000 55.55000
v -60.01560 -4.00000 56.65000
v -60.96820 14.00000 57.20000
v -61.92080 14.00000 56.65000
v -61.92080 14.00000 55.55000
v -60.96820 14.00000 55.00000
v -60.01560 14.00000 55.55000
v -60.01560 14.00000 56.65000
v -59.06290 -4.00000 57.20000
v -60.01560 -4.00000 56.65000
v -60.01560 -4.00000 55.55000
v -59.06290 -4.00000 55.00000
v -58.11030 -4.00000 55.55000
v -58.11030 -4.00000 56.65000
v -59.06290 14.00000 57.20000
v -60.01560 14.00000 56.65000
v -60.01560 14.00000 55.55000
v -59.06290 14.00000 55.00000
v -58.11030 14.00000 55.55000
v -58.11030 14.00000 56.65000
v -57.15770 -4.00000 57.20000
v -58.11030 -4.00000 56.65000
v -58.11030 -4.00000 55.55000
v -57.15770 -4.00000 55.00000
v -56.20500 -4.00000 55.55000
v -56.20500 -4.00000 56.65000
v -57.15770 14.00000 57.20000
v -58.11030 14.00000 56.65000
v -58.11030 14.00000 55.55000
v -57.15770 14.00000 55.00000
v -56.20500 14.00000 55.55000
v -56.20500 14.00000 56.65000
v -63.82610 -4.00000 58.85000
v -64.77870 -4.00000 58.30000
v -64.77870 -4.00000 57.20000
v -63.82610 -4.00000 56.65000
v -62.87340 -4.00000 57.20000
v -62.87340 -4.00000 58.30000
v -63.82610 14.00000 58.85000
v -64.77870 14.00000 58.30000
v -64.77870 14.00000 57.20000
v -63.82610 14.00000 56.65000
v -62.87340 14.00000 57.20000
v -62.87340 14.00000 58.30000
v -61.92080 -4.00000 58.85000
v -62.87340 -4.00000 58.30000
v -62.87340 -4.00000 57.20000
v -61.92080 -4.00000 56.65000
v -60.96820 -4.00000 57.20000
v -60.96820 -4.00000 58.30000
v -61.92080 14.00000 58.85000
v -62.87340 14.00000 58.30000
v -62.87340 14.00000 57.20000
v -61.92080 14.00000 56.65000
v -60.96820 14.00000 57.20000
v -60.96820 14.00000 58.30000
v -60.01560 -4.00000 58.85000
v -60.96820 -4.00000 58.30000
v -60.96820 -4.00000 57.20000
v -60.01560 -4.00000 56.65000
v -59.06290 -4.00000 57.20000
v -59.06290 -4.00000 58.30000
v -60.01560 14.00000 58.85000
v -60.96820 14.00000 58.30000
v -60.96820 14.00000 57.20000
v -60.01560 14.00000 56.65000
v -59.06290 14.00000 57.20000
v -59.06290 14.00000 58.30000
v -58.11030 -4.00000 58.85000
v -59.06290 -4.00000 58.30000
v -59.06290 -4.00000 57.20000
v -58.11030 -4.00000 56.65000
v -57.15770 -4.00000 57.20000
v -57.15770 -4.00000 58.30000
v -58.11030 14.00000 58.85000
v -59.06290 14.00000 58.30000
v -59.06290 14.00000 57.20000
v -58.11030 14.00000 56.65000
v -57.15770 14.00000 57.20000
v -57.15770 14.00000 58.30000
v -62.87340 -4.00000 60.50000
v -63.82610 -4.00000 59.95000
v -63.82610 -4.00000 58.85000
v -62.87340 -4.00000 58.30000
v -61.92080 -4.00000 58.85000
v -61.92080 -4.00000 59.95000
v -62.87340 14.00000 60.50000
v -63.82610 14.00000 59.95000
v -63.82610 14.00000 58.85000
v -62.87340 14.00000 58.30000
v -61.92080 14.00000 58.85000
v -61.92080 14.00000 59.95000
v -60.96820 -4.00000 60.50000
v -61.92080 -4.00000 59.95000
v -61.92080 -4.00000 58.85000
v -60.96820 -4.00000 58.30000
v -60.01560 -4.00000 58.85000
v -60.01560 -4.00000 59.95000
v -60.96820 14.00000 60.50000
v -61.92080 14.00000 59.95000
v -61.92080 14.00000 58.85000
v -60.96820 14.00000 58.30000
v -60.01560 14.00000 58.85000
v -60.01560 14.00000 59.95000
v -61.92080 -4.00000 62.15000
v -62.87340 -4.00000 61.60000
v -62.87340 -4.00000 60.50000
v -61.92080 -4.00000 59.95000
v -60.96820 -4.00000 60.50000
v -60.96820 -4.00000 61.60000
v -61.92080 14.00000 62.15000
v -62.87340 14.00000 61.60000
v -62.87340 14.00000 60.50000
v -61.92080 14.00000 59.95000
v -60.96820 14.00000 60.50000
v -60.96820 14.00000 61.60000
v -61.92080 -4.00000 -59.95000
v -62.87340 -4.00000 -60.50000
v -62.87340 -4.00000 -61.60000
v -61.92080 -4.00000 -62.15000
v -60.96820 -4.00000 -61.60000
v -60.96820 -4.00000 -60.50000
v -61.92080 14.00000 -59.95000
v -62.87340 14.00000 -60.50000
v -62.87340 14.00000 -61.60000
v -61.92080 14.00000 -62.15000
v -60.96820 14.00000 -61.60000
v -60.96820 14.00000 -60.50000
v -62.87340 -4.00000 -58.30000
v -63.82610 -4.00000 -58.85000
v -63.82610 -4.00000 -59.95000
v -62.87340 -4.00000 -60.50000
v -61.92080 -4.00000 -59.95000
v -61.92080 -4.00000 -58.85000
v -62.87340 14.00000 -58.30000
v -63.82610 14.00000 -58.85000
v -63.82610 14.00000 -59.95000
v -62.87340 14.00000 -60.50000
v -61.92080 14.00000 -59.95000
v -61.92080 14.00000 -58.85000
v -60.96820 -4.00000 -58.30000
v -61.92080 -4.00000 -58.85000
v -61.92080 -4.00000 -59.95000
v -60.96820 -4.00000 -60.50000
v -60.01560 -4.00000 -59.95000
v -60.01560 -4.00000 -58.85000
v -60.96820 14.00000 -58.30000
v -61.92080 14.00000 -58.85000
v -61.92080 14.00000 -59.95000
v -60.96820 14.00000 -60.50000
v -60.01560 14.00000 -59.95000
v -60.01560 14.00000 -58.85000
v -63.82610 -4.00000 -56.65000
v -64.77870 -4.00000 -57.20000
v -64.77870 -4.00000 -58.30000
v -63.82610 -4.00000 -58.85000
v -62.87340 -4.00000 -58.30000
v -62.87340 -4.00000 -57.20000
v -63.82610 14.00000 -56.65000
v -64.77870 14.00000 -57.20000
v -64.77870 14.00000 -58.30000
v -63.82610 14.00000 -58.85000
v -62.87340 14.00000 -58.30000
v -62.87340 14.00000 -57.20000
v -61.92080 -4.00000 -56.65000
v -62.87340 -4.00000 -57.20000
v -62.87340 -4.00000 -58.30000
v -61.92080 -4.00000 -58.85000
v -60.96820 -4.00000 -58.30000
v -60.96820 -4.00000 -57.20000
v -61.92080 14.00000 -56.65000
v -62.87340 14.00000 -57.20000
v -62.87340 14.00000 -58.30000
v -61.92080 14.00000 -58.85000
v -60.96820 14.00000 -58.30000
v -60.96820 14.00000 -57.20000
v -60.01560 -4.00000 -56.65000
v -60.96820 -4.00000 -57.20000
v -60.96820 -4.00000 -58.30000
v -60.01560 -4.00000 -58.85000
v -59.06290 -4.00000 -58.30000
v -59.06290 -4.00000 -57.20000
v -60.01560 14.00000 -56.65000
v -60.96820 14.00000 -57.20000
v -60.96820 14.00000 -58.30000
v -60.01560 14.00000 -58.85000
v -59.06290 14.00000 -58.30000
v -59.06290 14.00000 -57.20000
v -58.11030 -4.00000 -56.65000
v -59.06290 -4.00000 -57.20000
v -59.06290 -4.00000 -58.30000
v -58.11030 -4.00000 -58.85000
v -57.15770 -4.00000 -58.30000
v -57.15770 -4.00000 -57.20000
v -58.11030 14.00000 -56.65000
v -59.06290 14.00000 -57.20000
v -59.06290 14.00000 -58.30000
v -58.11030 14.00000 -58.85000
v -57.15770 14.00000 -58.30000
v -57.15770 14.00000 -57.20000
v -64.77870 -4.00000 -55.00000
v -65.73130 -4.00000 -55.55000
v -65.73130 -4.00000 -56.65000
v -64.77870 -4.00000 -57.20000
v -63.82610 -4.00000 -56.65000
v -63.82610 -4.00000 -55.55000
v -64.77870 14.00000 -55.00000
v -65.73130 14.00000 -55.55000
v -65.73130 14.00000 -56.65000
v -64.77870 14.00000 -57.20000
v -63.82610 14.00000 -56.65000
v -63.82610 14.00000 -55.55000
v -62.87340 -4.00000 -55.00000
v -63.82610 -4.00000 -55.55000
v -63.82610 -4.00000 -56.65000
v -62.87340 -4.00000 -57.20000
v -61.92080 -4.00000 -56.65000
v -61.92080 -4.00000 -55.55000
v -62.87340 14.00000 -55.00000
v -63.82610 14.00000 -55.55000
v -63.82610 14.00000 -56.65000
v -62.87340 14.00000 -57.20000
v -61.92080 14.00000 -56.65000
v -61.92080 14.00000 -55.55000
v -60.96820 -4.00000 -55.00000
v -61.92080 -4.00000 -55.55000
v -61.92080 -4.00000 -56.65000
v -60.96820 -4.00000 -57.20000
v -60.01560 -4.00000 -56.65000
v -60.01560 -4.00000 -55.55000
v -60.96820 14.00000 -55.00000
v -61.92080 14.00000 -55.55000
v -61.92080 14.00000 -56.65000
v -60.96820 14.00000 -57.20000
v -60.01560 14.00000 -56.65000
v -60.01560 14.00000 -55.55000
v -59.06290 -4.00000 -55.00000
v -60.01560 -4.00000 -55.55000
v -60.01560 -4.00000 -56.65000
v -59.06290 -4.00000 -57.20000
v -58.11030 -4.00000 -56.65000
v -58.11030 -4.00000 -55.55000
v -59.06290 14.00000 -55.00000
v -60.01560 14.00000 -55.55000
v -60.01560 14.00000 -56.65000
v -59.06290 14.00000 -57.20000
v -58.11030 14.00000 -56.65000
v -58.11030 14.00000 -55.55000
v -57.15770 -4.00000 -55.00000
v -58.11030 -4.00000 -55.55000
v -58.11030 -4.00000 -56.65000
v -57.15770 -4.00000 -57.20000
v -56.20500 -4.00000 -56.65000
v -56.20500 -4.00000 -55.55000
v -57.15770 14.00000 -55.00000
v -58.11030 14.00000 -55.55000
v -58.11030 14.00000 -56.65000
v -57.15770 14.00000 -57.20000
v -56.20500 14.00000 -56.65000
v -56.20500 14.00000 -55.55000
v -67.63660 -4.00000 -53.35000
v -68.58920 -4.00000 -53.90000
v -68.58920 -4.00000 -55.00000
v -67.63660 -4.00000 -55.55000
v -66.68400 -4.00000 -55.00000
v -66.68400 -4.00000 -53.90000
v -67.63660 14.00000 -53.35000
v -68.58920 14.00000 -53.90000
v -68.58920 14.00000 -55.00000
v -67.63660 14.00000 -55.55000
v -66.68400 14.00000 -55.00000
v -66.68400 14.00000 -53.90000
v -65.73130 -4.00000 -53.35000
v -66.68400 -4.00000 -53.90000
v -66.68400 -4.00000 -55.00000
v -65.73130 -4.00000 -55.55000
v -64.77870 -4.00000 -55.00000
v -64.77870 -4.00000 -53.90000
v -65.73130 14.00000 -53.35000
v -66.68400 14.00000 -53.90000
v -66.68400 14.00000 -55.00000
v -65.73130 14.00000 -55.55000
v -64.77870 14.00000 -55.00000
v -64.77870 14.00000 -53.90000
v -63.82610 -4.00000 -53.35000
v -64.77870 -4.00000 -53.90000
v -64.77870 -4.00000 -55.00000
v -63.82610 -4.00000 -55.55000
v -62.87340 -4.00000 -55.00000
v -62.87340 -4.00000 -53.90000
v -63.82610 14.00000 -53.35000
v -64.77870 14.00000 -53.90000
v -64.77870 14.00000 -55.00000
v -63.82610 14.00000 -55.55000
v -62.87340 14.00000 -55.00000
v -62.87340 14.00000 -53.90000
v -61.92080 -4.00000 -53.35000
v -62.87340 -4.00000 -53.90000
v -62.87340 -4.00000 -55.00000
v -61.92080 -4.00000 -55.55000
v -60.96820 -4.00000 -55.00000
v -60.96820 -4.00000 -53.90000
v -61.92080 14.00000 -53.35000
v -62.87340 14.00000 -53.90000
v -62.87340 14.00000 -55.00000
v -61.92080 14.00000 -55.55000
v -60.96820 14.00000 -55.00000
v -60.96820 14.00000 -53.90000
v -60.01560 -4.00000 -53.35000
v -60.96820 -4.00000 -53.90000
v -60.96820 -4.00000 -55.00000
v -60.01560 -4.00000 -55.55000
v -59.06290 -4.00000 -55.00000
v -59.06290 -4.00000 -53.90000
v -60.01560 14.00000 -53.35000
v -60.96820 14.00000 -53.90000
v -60.96820 14.00000 -55.00000
v -60.01560 14.00000 -55.55000
v -59.06290 14.00000 -55.00000
v -59.06290 14.00000 -53.90000
v -58.11030 -4.00000 -53.35000
v -59.06290 -4.00000 -53.90000
v -59.06290 -4.00000 -55.00000
v -58.11030 -4.00000 -55.55000
v -57.15770 -4.00000 -55.00000
v -57.15770 -4.00000 -53.90000
v -58.11030 14.00000 -53.35000
v -59.06290 14.00000 -53.90000
v -59.06290 14.00000 -55.00000
v -58.11030 14.00000 -55.55000
v -57.15770 14.00000 -55.00000
v -57.15770 14.00000 -53.90000
v -68.58920 -4.00000 -51.70000
v -69.54180 -4.00000 -52.25000
v -69.54180 -4.00000 -53.35000
v -68.58920 -4.00000 -53.90000
v -67.63660 -4.00000 -53.35000
v -67.63660 -4.00000 -52.25000
v -68.58920 14.00000 -51.70000
v -69.54180 14.00000 -52.25000
v -69.54180 14.00000 -53.35000
v -68.58920 14.00000 -53.90000
v -67.63660 14.00000 -53.35000
v -67.63660 14.00000 -52.25000
v -66.68400 -4.00000 -51.70000
v -67.63660 -4.00000 -52.25000
v -67.63660 -4.00000 -53.35000
v -66.68400 -4.00000 -53.90000
v -65.73130 -4.00000 -53.35000
v -65.73130 -4.00000 -52.25000
v -66.68400 14.00000 -51.70000
v -67.63660 14.00000 -52.25000
v -67.63660 14.00000 -53.35000
v -66.68400 14.00000 -53.90000
v -65.73130 14.00000 -53.35000
v -65.73130 14.00000 -52.25000
v -64.77870 -4.00000 -51.70000
v -65.73130 -4.00000 -52.25000
v -65.73130 -4.00000 -53.35000
v -64.77870 -4.00000 -53.90000
v -63.82610 -4.00000 -53.35000
v -63.82610 -4.00000 -52.25000
v -64.77870 14.00000 -51.70000
v -65.73130 14.00000 -52.25000
v -65.73130 14.00000 -53.35000
v -64.77870 14.00000 -53.90000
v -63.82610 14.00000 -53.35000
v -63.82610 14.00000 -52.25000
v -62.87340 -4.00000 -51.70000
v -63.82610 -4.00000 -52.25000
v -63.82610 -4.00000 -53.35000
v -62.87340 -4.00000 -53.90000
v -61.92080 -4.00000 -53.35000
v -61.92080 -4.00000 -52.25000
v -62.87340 14.00000 -51.70000
v -63.82610 14.00000 -52.25000
v -63.82610 14.00000 -53.35000
v -62.87340 14.00000 -53.90000
v -61.92080 14.00000 -53.35000
v -61.92080 14.00000 -52.25000
v -60.96820 -4.00000 -51.70000
v -61.92080 -4.00000 -52.25000
v -61.92080 -4.00000 -53.35000
v -60.96820 -4.00000 -53.90000
v -60.01560 -4.00000 -53.35000
v -60.01560 -4.00000 -52.25000
v -60.96820 14.00000 -51.70000
v -61.92080 14.00000 -52.25000
v -61.92080 14.00000 -53.35000
v -60.96820 14.00000 -53.90000
v -60.01560 14.00000 -53.35000
v -60.01560 14.00000 -52.25000
v -59.06290 -4.00000 -51.70000
v -60.01560 -4.00000 -52.25000
v -60.01560 -4.00000 -53.35000
v -59.06290 -4.00000 -53.90000
v -58.11030 -4.00000 -53.35000
v -58.11030 -4.00000 -52.25000
v -59.06290 14.00000 -51.70000
v -60.01560 14.00000 -52.25000
v -60.01560 14.00000 -53.35000
v -59.06290 14.00000 -53.90000
v -58.11030 14.00000 -53.35000
v -58.11030 14.00000 -52.25000
v -69.54180 -4.00000 -50.05000
v -70.49450 -4.00000 -50.60000
v -70.49450 -4.00000 -51.70000
v -69.54180 -4.00000 -52.25000
v -68.58920 -4.00000 -51.70000
v -68.58920 -4.00000 -50.60000
v -69.54180 14.00000 -50.05000
v -70.49450 14.00000 -50.60000
v -70.49450 14.00000 -51.70000
v -69.54180 14.00000 -52.25000
v -68.58920 14.00000 -51.70000
v -68.58920 14.00000 -50.60000
v -67.63660 -4.00000 -50.05000
v -68.58920 -4.00000 -50.60000
v -68.58920 -4.00000 -51.70000
v -67.63660 -4.00000 -52.25000
v -66.68400 -4.00000 -51.70000
v -66.68400 -4.00000 -50.60000
v -67.63660 14.00000 -50.05000
v -68.58920 14.00000 -50.60000
v -68.58920 14.00000 -51.70000
v -67.63660 14.00000 -52.25000
v -66.68400 14.00000 -51.70000
v -66.68400 14.00000 -50.60000
v -65.73130 -4.00000 -50.05000
v -66.68400 -4.00000 -50.60000
v -66.68400 -4.00000 -51.70000
v -65.73130 -4.00000 -52.25000
v -64.77870 -4.00000 -51.70000
v -64.77870 -4.00000 -50.60000
v -65.73130 14.00000 -50.05000
v -66.68400 14.00000 -50.60000
v -66.68400 14.00000 -51.70000
v -65.73130 14.00000 -52.25000
v -64.77870 14.00000 -51.70000
v -64.77870 14.00000 -50.60000
v -63.82610 -4.00000 -50.05000
v -64.77870 -4.00000 -50.60000
v -64.77870 -4.00000 -51.70000
v -63.82610 -4.00000 -52.25000
v -62.87340 -4.00000 -51.70000
v -62.87340 -4.00000 -50.60000
v -63.82610 14.00000 -50.05000
v -64.77870 14.00000 -50.60000
v -64.77870 14.00000 -51.70000
v -63.82610 14.00000 -52.25000
v -62.87340 14.00000 -51.70000
v -62.87340 14.00000 -50.60000
v -61.92080 -4.00000 -50.05000
v -62.87340 -4.00000 -50.60000
v -62.87340 -4.00000 -51.70000
v -61.92080 -4.00000 -52.25000
v -60.96820 -4.00000 -51.70000
v -60.96820 -4.00000 -50.60000
v -61.92080 14.00000 -50.05000
v -62.87340 14.00000 -50.60000
v -62.87340 14.00000 -51.70000
v -61.92080 14.00000 -52.25000
v -60.96820 14.00000 -51.70000
v -60.96820 14.00000 -50.60000
v -70.49450 -4.00000 -48.40000
v -71.44710 -4.00000 -48.95000
v -71.44710 -4.00000 -50.05000
v -70.49450 -4.00000 -50.60000
v -69.54180 -4.00000 -50.05000
v -69.54180 -4.00000 -48.95000
v -70.49450 14.00000 -48.40000
v -71.44710 14.00000 -48.95000
v -71.44710 14.00000 -50.05000
v -70.49450 14.00000 -50.60000
v -69.54180 14.00000 -50.05000
v -69.54180 14.00000 -48.95000
v -68.58920 -4.00000 -48.40000
v -69.54180 -4.00000 -48.95000
v -69.54180 -4.00000 -50.05000
v -68.58920 -4.00000 -50.60000
v -67.63660 -4.00000 -50.05000
v -67.63660 -4.00000 -48.95000
v -68.58920 14.00000 -48.40000
v -69.54180 14.00000 -48.95000
v -69.54180 14.00000 -50.05000
v -68.58920 14.00000 -50.60000
v -67.63660 14.00000 -50.05000
v -67.63660 14.00000 -48.95000
v -66.68400 -4.00000 -48.40000
v -67.63660 -4.00000 -48.95000
v -67.63660 -4.00000 -50.05000
v -66.68400 -4.00000 -50.60000
v -65.73130 -4.00000 -50.05000
v -65.73130 -4.00000 -48.95000
v -66.68400 14.00000 -48.40000
v -67.63660 14.00000 -48.95000
v -67.63660 14.00000 -50.05000
v -66.68400 14.00000 -50.60000
v -65.73130 14.00000 -50.05000
v -65.73130 14.00000 -48.95000
v -64.77870 -4.00000 -48.40000
v -65.73130 -4.00000 -48.95000
v -65.73130 -4.00000 -50.05000
v -64.77870 -4.00000 -50.60000
v -63.82610 -4.00000 -50.05000
v -63.82610 -4.00000 -48.95000
v -64.77870 14.00000 -48.40000
v -65.73130 14.00000 -48.95000
v -65.73130 14.00000 -50.05000
v -64.77870 14.00000 -50.60000
v -63.82610 14.00000 -50.05000
v -63.82610 14.00000 -48.95000
v -62.87340 -4.00000 -48.40000
v -63.82610 -4.00000 -48.95000
v -63.82610 -4.00000 -50.05000
v -62.87340 -4.00000 -50.60000
v -61.92080 -4.00000 -50.05000
v -61.92080 -4.00000 -48.95000
v -62.87340 14.00000 -48.40000
v -63.82610 14.00000 -48.95000
v -63.82610 14.00000 -50.05000
v -62.87340 14.00000 -50.60000
v -61.92080 14.00000 -50.05000
v -61.92080 14.00000 -48.95000
v -71.44710 -4.00000 -46.75000
v -72.39970 -4.00000 -47.30000
v -72.39970 -4.00000 -48.40000
v -71.44710 -4.00000 -48.95000
v -70.49450 -4.00000 -48.40000
v -70.49450 -4.00000 -47.30000
v -71.44710 14.00000 -46.75000
v -72.39970 14.00000 -47.30000
v -72.39970 14.00000 -48.40000
v -71.44710 14.00000 -48.95000
v -70.49450 14.00000 -48.40000
v -70.49450 14.00000 -47.30000
v -69.54180 -4.00000 -46.75000
v -70.49450 -4.00000 -47.30000
v -70.49450 -4.00000 -48.40000
v -69.54180 -4.00000 -48.95000
v -68.58920 -4.00000 -48.40000
v -68.58920 -4.00000 -47.30000
v -69.54180 14.00000 -46.75000
v -70.49450 14.00000 -47.30000
v -70.49450 14.00000 -48.40000
v -69.54180 14.00000 -48.95000
v -68.58920 14.00000 -48.40000
v -68.58920 14.00000 -47.30000
v -67.63660 -4.00000 -46.75000
v -68.58920 -4.00000 -47.30000
v -68.58920 -4.00000 -48.40000
v -67.63660 -4.00000 -48.95000
v -66.68400 -4.00000 -48.40000
v -66.68400 -4.00000 -47.30000
v -67.63660 14.00000 -46.75000
v -68.58920 14.00000 -47.30000
v -68.58920 14.00000 -48.40000
v -67.63660 14.00000 -48.95000
v -66.68400 14.00000 -48.40000
v -66.68400 14.00000 -47.30000
v -65.73130 -4.00000 -46.75000
v -66.68400 -4.00000 -47.30000
v -66.68400 -4.00000 -48.40000
v -65.73130 -4.00000 -48.95000
v -64.77870 -4.00000 -48.40000
v -64.77870 -4.00000 -47.30000
v -65.73130 14.00000 -46.75000
v -66.68400 14.00000 -47.30000
v -66.68400 14.00000 -48.40000
v -65.73130 14.00000 -48.95000
v -64.77870 14.00000 -48.40000
v -64.77870 14.00000 -47.30000
v -63.82610 -4.00000 -46.75000
v -64.77870 -4.00000 -47.30000
v -64.77870 -4.00000 -48.40000
v -63.82610 -4.00000 -48.95000
v -62.87340 -4.00000 -48.40000
v -62.87340 -4.00000 -47.30000
v -63.82610 14.00000 -46.75000
v -64.77870 14.00000 -47.30000
v -64.77870 14.00000 -48.40000
v -63.82610 14.00000 -48.95000
v -62.87340 14.00000 -48.40000
v -62.87340 14.00000 -47.30000
v -72.39970 -4.00000 -45.10000
v -73.35240 -4.00000 -45.65000
v -73.35240 -4.00000 -46.75000
v -72.39970 -4.00000 -47.30000
v -71.44710 -4.00000 -46.75000
v -71.44710 -4.00000 -45.65000
v -72.39970 14.00000 -45.10000
v -73.35240 14.00000 -45.65000
v -73.35240 14.00000 -46.75000
v -72.39970 14.00000 -47.30000
v -71.44710 14.00000 -46.75000
v -71.44710 14.00000 -45.65000
v -70.49450 -4.00000 -45.10000
v -71.44710 -4.00000 -45.65000
v -71.44710 -4.00000 -46.75000
v -70.49450 -4.00000 -47.30000
v -69.54180 -4.00000 -46.75000
v -69.54180 -4.00000 -45.65000
v -70.49450 14.00000 -45.10000
v -71.44710 14.00000 -45.65000
v -71.44710 14.00000 -46.75000
v -70.49450 14.00000 -47.30000
v -69.54180 14.00000 -46.75000
v -69.54180 14.00000 -45.65000
v -68.58920 -4.00000 -45.10000
v -69.54180 -4.00000 -45.65000
v -69.54180 -4.00000 -46.75000
v -68.58920 -4.00000 -47.30000
v -67.63660 -4.00000 -46.75000
v -67.63660 -4.00000 -45.65000
v -68.58920 14.00000 -45.10000
v -69.54180 14.00000 -45.65000
v -69.54180 14.00000 -46.75000
v -68.58920 14.00000 -47.30000
v -67.63660 14.00000 -46.75000
v -67.63660 14.00000 -45.65000
v -66.68400 -4.00000 -45.10000
v -67.63660 -4.00000 -45.65000
v -67.63660 -4.00000 -46.75000
v -66.68400 -4.00000 -47.30000
v -65.73130 -4.00000 -46.75000
v -65.73130 -4.00000 -45.65000
v -66.68400 14.00000 -45.10000
v -67.63660 14.00000 -45.65000
v -67.63660 14.00000 -46.75000
v -66.68400 14.00000 -47.30000
v -65.73130 14.00000 -46.75000
v -65.73130 14.00000 -45.65000
v -64.77870 -4.00000 -45.10000
v -65.73130 -4.00000 -45.65000
v -65.73130 -4.00000 -46.75000
v -64.77870 -4.00000 -47.30000
v -63.82610 -4.00000 -46.75000
v -63.82610 -4.00000 -45.65000
v -64.77870 14.00000 -45.10000
v -65.73130 14.00000 -45.65000
v -65.73130 14.00000 -46.75000
v -64.77870 14.00000 -47.30000
v -63.82610 14.00000 -46.75000
v -63.82610 14.00000 -45.65000
v -73.35240 -4.00000 -43.45000
v -74.30500 -4.00000 -44.00000
v -74.30500 -4.00000 -45.10000
v -73.35240 -4.00000 -45.65000
v -72.39970 -4.00000 -45.10000
v -72.39970 -4.00000 -44.00000
v -73.35240 14.00000 -43.45000
v -74.30500 14.00000 -44.00000
v -74.30500 14.00000 -45.10000
v -73.35240 14.00000 -45.65000
v -72.39970 14.00000 -45.10000
v -72.39970 14.00000 -44.00000
v -71.44710 -4.00000 -43.45000
v -72.39970 -4.00000 -44.00000
v -72.39970 -4.00000 -45.10000
v -71.44710 -4.00000 -45.65000
v -70.49450 -4.00000 -45.10000
v -70.49450 -4.00000 -44.00000
v -71.44710 14.00000 -43.45000
v -72.39970 14.00000 -44.00000
v -72.39970 14.00000 -45.10000
v -71.44710 14.00000 -45.65000
v -70.49450 14.00000 -45.10000
v -70.49450 14.00000 -44.00000
v -69.54180 -4.00000 -43.45000
v -70.49450 -4.00000 -44.00000
v -70.49450 -4.00000 -45.10000
v -69.54180 -4.00000 -45.65000
v -68.58920 -4.00000 -45.10000
v -68.58920 -4.00000 -44.00000
v -69.54180 14.00000 -43.45000
v -70.49450 14.00000 -44.00000
v -70.49450 14.00000 -45.10000
v -69.54180 14.00000 -45.65000
v -68.58920 14.00000 -45.10000
v -68.58920 14.00000 -44.00000
v -67.63660 -4.00000 -43.45000
v -68.58920 -4.00000 -44.00000
v -68.58920 -4.00000 -45.10000
v -67.63660 -4.00000 -45.65000
v -66.68400 -4.00000 -45.10000
v -66.68400 -4.00000 -44.00000
v -67.63660 14.00000 -43.45000
v -68.58920 14.00000 -44.00000
v -68.58920 14.00000 -45.10000
v -67.63660 14.00000 -45.65000
v -66.68400 14.00000 -45.10000
v -66.68400 14.00000 -44.00000
v -65.73130 -4.00000 -43.45000
v -66.68400 -4.00000 -44.00000
v -66.68400 -4.00000 -45.10000
v -65.73130 -4.00000 -45.65000
v -64.77870 -4.00000 -45.10000
v -64.77870 -4.00000 -44.00000
v -65.73130 14.00000 -43.45000
v -66.68400 14.00000 -44.00000
v -66.68400 14.00000 -45.10000
v -65.73130 14.00000 -45.65000
v -64.77870 14.00000 -45.10000
v -64.77870 14.00000 -44.00000
v -74.30500 -4.00000 -41.80000
v -75.25760 -4.00000 -42.35000
v -75.25760 -4.00000 -43.45000
v -74.30500 -4.00000 -44.00000
v -73.35240 -4.00000 -43.45000
v -73.35240 -4.00000 -42.35000
v -74.30500 14.00000 -41.80000
v -75.25760 14.00000 -42.35000
v -75.25760 14.00000 -43.45000
v -74.30500 14.00000 -44.00000
v -73.35240 14.00000 -43.45000
v -73.35240 14.00000 -42.35000
v -72.39970 -4.00000 -41.80000
v -73.35240 -4.00000 -42.35000
v -73.35240 -4.00000 -43.45000
v -72.39970 -4.00000 -44.00000
v -71.44710 -4.00000 -43.45000
v -71.44710 -4.00000 -42.35000
v -72.39970 14.00000 -41.80000
v -73.35240 14.00000 -42.35000
v -73.35240 14.00000 -43.45000
v -72.39970 14.00000 -44.00000
v -71.44710 14.00000 -43.45000
v -71.44710 14.00000 -42.35000
v -70.49450 -4.00000 -41.80000
v -71.44710 -4.00000 -42.35000
v -71.44710 -4.00000 -43.45000
v -70.49450 -4.00000 -44.00000
v -69.54180 -4.00000 -43.45000
v -69.54180 -4.00000 -42.35000
v -70.49450 14.00000 -41.80000
v -71.44710 14.00000 -42.35000
v -71.44710 14.00000 -43.45000
v -70.49450 14.00000 -44.00000
v -69.54180 14.00000 -43.45000
v -69.54180 14.00000 -42.35000
v -68.58920 -4.00000 -41.80000
v -69.54180 -4.00000 -42.35000
v -69.54180 -4.00000 -43.45000
v -68.58920 -4.00000 -44.00000
v -67.63660 -4.00000 -43.45000
v -67.63660 -4.00000 -42.35000
v -68.58920 14.00000 -41.80000
v -69.54180 14.00000 -42.35000
v -69.54180 14.00000 -43.45000
v -68.58920 14.00000 -44.00000
v -67.63660 14.00000 -43.45000
v -67.63660 14.00000 -42.35000
v -66.68400 -4.00000 -41.80000
v -67.63660 -4.00000 -42.35000
v -67.63660 -4.00000 -43.45000
v -66.68400 -4.00000 -44.00000
v -65.73130 -4.00000 -43.45000
v -65.73130 -4.00000 -42.35000
v -66.68400 14.00000 -41.80000
v -67.63660 14.00000 -42.35000
v -67.63660 14.00000 -43.45000
v -66.68400 14.00000 -44.00000
v -65.73130 14.00000 -43.45000
v -65.73130 14.00000 -42.35000
v -75.25760 -4.00000 -40.15000
v -76.21020 -4.00000 -40.70000
v -76.21020 -4.00000 -41.80000
v -75.25760 -4.00000 -42.35000
v -74.30500 -4.00000 -41.80000
v -74.30500 -4.00000 -40.70000
v -75.25760 14.00000 -40.15000
v -76.21020 14.00000 -40.70000
v -76.21020 14.00000 -41.80000
v -75.25760 14.00000 -42.35000
v -74.30500 14.00000 -41.80000
v -74.30500 14.00000 -40.70000
v -73.35240 -4.00000 -40.15000
v -74.30500 -4.00000 -40.70000
v -74.30500 -4.00000 -41.80000
v -73.35240 -4.00000 -42.35000
v -72.39970 -4.00000 -41.80000
v -72.39970 -4.00000 -40.70000
v -73.35240 14.00000 -40.15000
v -74.30500 14.00000 -40.70000
v -74.30500 14.00000 -41.80000
v -73.35240 14.00000 -42.35000
v -72.39970 14.00000 -41.80000
v -72.39970 14.00000 -40.70000
v -71.44710 -4.00000 -40.15000
v -72.39970 -4.00000 -40.70000
v -72.39970 -4.00000 -41.80000
v -71.44710 -4.00000 -42.35000
v -70.49450 -4.00000 -41.80000
v -70.49450 -4.00000 -40.70000
v -71.44710 14.00000 -40.15000
v -72.39970 14.00000 -40.70000
v -72.39970 14.00000 -41.80000
v -71.44710 14.00000 -42.35000
v -70.49450 14.00000 -41.80000
v -70.49450 14.00000 -40.70000
v -69.54180 -4.00000 -40.15000
v -70.49450 -4.00000 -40.70000
v -70.49450 -4.00000 -41.80000
v -69.54180 -4.00000 -42.35000
v -68.58920 -4.00000 -41.80000
v -68.58920 -4.00000 -40.70000
v -69.54180 14.00000 -40.15000
v -70.49450 14.00000 -40.70000
v -70.49450 14.00000 -41.80000
v -69.54180 14.00000 -42.35000
v -68.58920 14.00000 -41.80000
v -68.58920 14.00000 -40.70000
v -67.63660 -4.00000 -40.15000
v -68.58920 -4.00000 -40.70000
v -68.58920 -4.00000 -41.80000
v -67.63660 -4.00000 -42.35000
v -66.68400 -4.00000 -41.80000
v -66.68400 -4.00000 -40.70000
v -67.63660 14.00000 -40.15000
v -68.58920 14.00000 -40.70000
v -68.58920 14.00000 -41.80000
v -67.63660 14.00000 -42.35000
v -66.68400 14.00000 -41.80000
v -66.68400 14.00000 -40.70000
v -76.21020 -4.00000 -38.50000
v -77.16290 -4.00000 -39.05000
v -77.16290 -4.00000 -40.15000
v -76.21020 -4.00000 -40.70000
v -75.25760 -4.00000 -40.15000
v -75.25760 -4.00000 -39.05000
v -76.21020 14.00000 -38.50000
v -77.16290 14.00000 -39.05000
v -77.16290 14.00000 -40.15000
v -76.21020 14.00000 -40.70000
v -75.25760 14.00000 -40.15000
v -75.25760 14.00000 -39.05000
v -74.30500 -4.00000 -38.50000
v -75.25760 -4.00000 -39.05000
v -75.25760 -4.00000 -40.15000
v -74.30500 -4.00000 -40.70000
v -73.35240 -4.00000 -40.15000
v -73.35240 -4.00000 -39.05000
v -74.30500 14.00000 -38.50000
v -75.25760 14.00000 -39.05000
v -75.25760 14.00000 -40.15000
v -74.30500 14.00000 -40.70000
v -73.35240 14.00000 -40.15000
v -73.35240 14.00000 -39.05000
v -72.39970 -4.00000 -38.50000
v -73.35240 -4.00000 -39.05000
v -73.35240 -4.00000 -40.15000
v -72.39970 -4.00000 -40.70000
v -71.44710 -4.00000 -40.15000
v -71.44710 -4.00000 -39.05000
v -72.39970 14.00000 -38.50000
v -73.35240 14.00000 -39.05000
v -73.35240 14.00000 -40.15000
v -72.39970 14.00000 -40.70000
v -71.44710 14.00000 -40.15000
v -71.44710 14.00000 -39.05000
v -70.49450 -4.00000 -38.50000
v -71.44710 -4.00000 -39.05000
v -71.44710 -4.00000 -40.15000
v -70.49450 -4.00000 -40.70000
v -69.54180 -4.00000 -40.15000
v -69.54180 -4.00000 -39.05000
v -70.49450 14.00000 -38.50000
v -71.44710 14.00000 -39.05000
v -71.44710 14.00000 -40.15000
v -70.49450 14.00000 -40.70000
v -69.54180 14.00000 -40.15000
v -69.54180 14.00000 -39.05000
v -68.58920 -4.00000 -38.50000
v -69.54180 -4.00000 -39.05000
v -69.54180 -4.00000 -40.15000
v -68.58920 -4.00000 -40.70000
v -67.63660 -4.00000 -40.15000
v -67.63660 -4.00000 -39.05000
v -68.58920 14.00000 -38.50000
v -69.54180 14.00000 -39.05000
v -69.54180 14.00000 -40.15000
v -68.58920 14.00000 -40.70000
v -67.63660 14.00000 -40.15000
v -67.63660 14.00000 -39.05000
v -77.16290 -4.00000 -36.85000
v -78.11550 -4.00000 -37.40000
v -78.11550 -4.00000 -38.50000
v -77.16290 -4.00000 -39.05000
v -76.21020 -4.00000 -38.50000
v -76.21020 -4.00000 -37.40000
v -77.16290 14.00000 -36.85000
v -78.11550 14.00000 -37.40000
v -78.11550 14.00000 -38.50000
v -77.16290 14.00000 -39.05000
v -76.21020 14.00000 -38.50000
v -76.21020 14.00000 -37.40000
v -75.25760 -4.00000 -36.85000
v -76.21020 -4.00000 -37.40000
v -76.21020 -4.00000 -38.50000
v -75.25760 -4.00000 -39.05000
v -74.30500 -4.00000 -38.50000
v -74.30500 -4.00000 -37.40000
v -75.25760 14.00000 -36.85000
v -76.21020 14.00000 -37.40000
v -76.21020 14.00000 -38.50000
v -75.25760 14.00000 -39.05000
v -74.30500 14.00000 -38.50000
v -74.30500 14.00000 -37.40000
v -73.35240 -4.00000 -36.85000
v -74.30500 -4.00000 -37.40000
v -74.30500 -4.00000 -38.50000
v -73.35240 -4.00000 -39.05000
v -72.39970 -4.00000 -38.50000
v -72.39970 -4.00000 -37.40000
v -73.35240 14.00000 -36.85000
v -74.30500 14.00000 -37.40000
v -74.30500 14.00000 -38.50000
v -73.35240 14.00000 -39.05000
v -72.39970 14.00000 -38.50000
v -72.39970 14.00000 -37.40000
v -71.44710 -4.00000 -36.85000
v -72.39970 -4.00000 -37.40000
v -72.39970 -4.00000 -38.50000
v -71.44710 -4.00000 -39.05000
v -70.49450 -4.00000 -38.50000
v -70.49450 -4.00000 -37.40000
v -71.44710 14.00000 -36.85000
v -72.39970 14.00000 -37.40000
v -72.39970 14.00000 -38.50000
v -71.44710 14.00000 -39.05000
v -70.49450 14.00000 -38.50000
v -70.49450 14.00000 -37.40000
v -69.54180 -4.00000 -36.85000
v -70.49450 -4.00000 -37.40000
v -70.49450 -4.00000 -38.50000
v -69.54180 -4.00000 -39.05000
v -68.58920 -4.00000 -38.50000
v -68.58920 -4.00000 -37.40000
v -69.54180 14.00000 -36.85000
v -70.49450 14.00000 -37.40000
v -70.49450 14.00000 -38.50000
v -69.54180 14.00000 -39.05000
v -68.58920 14.00000 -38.50000
v -68.58920 14.00000 -37.40000
v -78.11550 -4.00000 -35.20000
v -79.06810 -4.00000 -35.75000
v -79.06810 -4.00000 -36.85000
v -78.11550 -4.00000 -37.40000
v -77.16290 -4.00000 -36.85000
v -77.16290 -4.00000 -35.75000
v -78.11550 14.00000 -35.20000
v -79.06810 14.00000 -35.75000
v -79.06810 14.00000 -36.85000
v -78.11550 14.00000 -37.40000
v -77.16290 14.00000 -36.85000
v -77.16290 14.00000 -35.75000
v -76.21020 -4.00000 -35.20000
v -77.16290 -4.00000 -35.75000
v -77.16290 -4.00000 -36.85000
v -76.21020 -4.00000 -37.40000
v -75.25760 -4.00000 -36.85000
v -75.25760 -4.00000 -35.75000
v -76.21020 14.00000 -35.20000
v -77.16290 14.00000 -35.75000
v -77.16290 14.00000 -36.85000
v -76.21020 14.00000 -37.40000
v -75.25760 14.00000 -36.85000
v -75.25760 14.00000 -35.75000
v -74.30500 -4.00000 -35.20000
v -75.25760 -4.00000 -35.75000
v -75.25760 -4.00000 -36.85000
v -74.30500 -4.00000 -37.40000
v -73.35240 -4.00000 -36.85000
v -73.35240 -4.00000 -35.75000
v -74.30500 14.00000 -35.20000
v -75.25760 14.00000 -35.75000
v -75.25760 14.00000 -36.85000
v -74.30500 14.00000 -37.40000
v -73.35240 14.00000 -36.85000
v -73.35240 14.00000 -35.75000
v -72.39970 -4.00000 -35.20000
v -73.35240 -4.00000 -35.75000
v -73.35240 -4.00000 -36.85000
v -72.39970 -4.00000 -37.40000
v -71.44710 -4.00000 -36.85000
v -71.44710 -4.00000 -35.75000
v -72.39970 14.00000 -35.20000
v -73.35240 14.00000 -35.75000
v -73.35240 14.00000 -36.85000
v -72.39970 14.00000 -37.40000
v -71.44710 14.00000 -36.85000
v -71.44710 14.00000 -35.75000
v -70.49450 -4.00000 -35.20000
v -71.44710 -4.00000 -35.75000
v -71.44710 -4.00000 -36.85000
v -70.49450 -4.00000 -37.40000
v -69.54180 -4.00000 -36.85000
v -69.54180 -4.00000 -35.75000
v -70.49450 14.00000 -35.20000
v -71.44710 14.00000 -35.75000
v -71.44710 14.00000 -36.85000
v -70.49450 14.00000 -37.40000
v -69.54180 14.00000 -36.85000
v -69.54180 14.00000 -35.75000
v -79.06810 -4.00000 -33.55000
v -80.02070 -4.00000 -34.10000
v -80.02070 -4.00000 -35.20000
v -79.06810 -4.00000 -35.75000
v -78.11550 -4.00000 -35.20000
v -78.11550 -4.00000 -34.10000
v -79.06810 14.00000 -33.55000
v -80.02070 14.00000 -34.10000
v -80.02070 14.00000 -35.20000
v -79.06810 14.00000 -35.75000
v -78.11550 14.00000 -35.20000
v -78.11550 14.00000 -34.10000
v -77.16290 -4.00000 -33.55000
v -78.11550 -4.00000 -34.10000
v -78.11550 -4.00000 -35.20000
v -77.16290 -4.00000 -35.75000
v -76.21020 -4.00000 -35.20000
v -76.21020 -4.00000 -34.10000
v -77.16290 14.00000 -33.55000
v -78.11550 14.00000 -34.10000
v -78.11550 14.00000 -35.20000
v -77.16290 14.00000 -35.75000
v -76.21020 14.00000 -35.20000
v -76.21020 14.00000 -34.10000
v -75.25760 -4.00000 -33.55000
v -76.21020 -4.00000 -34.10000
v -76.21020 -4.00000 -35.20000
v -75.25760 -4.00000 -35.75000
v -74.30500 -4.00000 -35.20000
v -74.30500 -4.00000 -34.10000
v -75.25760 14.00000 -33.55000
v -76.21020 14.00000 -34.10000
v -76.21020 14.00000 -35.20000
v -75.25760 14.00000 -35.75000
v -74.30500 14.00000 -35.20000
v -74.30500 14.00000 -34.10000
v -73.35240 -4.00000 -33.55000
v -74.30500 -4.00000 -34.10000
v -74.30500 -4.00000 -35.20000
v -73.35240 -4.00000 -35.75000
v -72.39970 -4.00000 -35.20000
v -72.39970 -4.00000 -34.10000
v -73.35240 14.00000 -33.55000
v -74.30500 14.00000 -34.10000
v -74.30500 14.00000 -35.20000
v -73.35240 14.00000 -35.75000
v -72.39970 14.00000 -35.20000
v -72.39970 14.00000 -34.10000
v -71.44710 -4.00000 -33.55000
v -72.39970 -4.00000 -34.10000
v -72.39970 -4.00000 -35.20000
v -71.44710 -4.00000 -35.75000
v -70.49450 -4.00000 -35.20000
v -70.49450 -4.00000 -34.10000
v -71.44710 14.00000 -33.55000
v -72.39970 14.00000 -34.10000
v -72.39970 14.00000 -35.20000
v -71.44710 14.00000 -35.75000
v -70.49450 14.00000 -35.20000
v -70.49450 14.00000 -34.10000
v -80.02070 -4.00000 -31.90000
v -80.97340 -4.00000 -32.45000
v -80.97340 -4.00000 -33.55000
v -80.02070 -4.00000 -34.10000
v -79.06810 -4.00000 -33.55000
v -79.06810 -4.00000 -32.45000
v -80.02070 14.00000 -31.90000
v -80.97340 14.00000 -32.45000
v -80.97340 14.00000 -33.55000
v -80.02070 14.00000 -34.10000
v -79.06810 14.00000 -33.55000
v -79.06810 14.00000 -32.45000
v -78.11550 -4.00000 -31.90000
v -79.06810 -4.00000 -32.45000
v -79.06810 -4.00000 -33.55000
v -78.11550 -4.00000 -34.10000
v -77.16290 -4.00000 -33.55000
v -77.16290 -4.00000 -32.45000
v -78.11550 14.00000 -31.90000
v -79.06810 14.00000 -32.45000
v -79.06810 14.00000 -33.55000
v -78.11550 14.00000 -34.10000
v -77.16290 14.00000 -33.55000
v -77.16290 14.00000 -32.45000
v -76.21020 -4.00000 -31.90000
v -77.16290 -4.00000 -32.45000
v -77.16290 -4.00000 -33.55000
v -76.21020 -4.00000 -34.10000
v -75.25760 -4.00000 -33.55000
v -75.25760 -4.00000 -32.45000
v -76.21020 14.00000 -31.90000
v -77.16290 14.00000 -32.45000
v -77.16290 14.00000 -33.55000
v -76.21020 14.00000 -34.10000
v -75.25760 14.00000 -33.55000
v -75.25760 14.00000 -32.45000
v -74.30500 -4.00000 -31.90000
v -75.25760 -4.00000 -32.45000
v -75.25760 -4.00000 -33.55000
v -74.30500 -4.00000 -34.10000
v -73.35240 -4.00000 -33.55000
v -73.35240 -4.00000 -32.45000
v -74.30500 14.00000 -31.90000
v -75.25760 14.00000 -32.45000
v -75.25760 14.00000 -33.55000
v -74.30500 14.00000 -34.10000
v -73.35240 14.00000 -33.55000
v -73.35240 14.00000 -32.45000
v -72.39970 -4.00000 -31.90000
v -73.35240 -4.00000 -32.45000
v -73.35240 -4.00000 -33.55000
v -72.39970 -4.00000 -34.10000
v -71.44710 -4.00000 -33.55000
v -71.44710 -4.00000 -32.45000
v -72.39970 14.00000 -31.90000
v -73.35240 14.00000 -32.45000
v -73.35240 14.00000 -33.55000
v -72.39970 14.00000 -34.10000
v -71.44710 14.00000 -33.55000
v -71.44710 14.00000 -32.45000
v -80.97340 -4.00000 -30.25000
v -81.92600 -4.00000 -30.80000
v -81.92600 -4.00000 -31.90000
v -80.97340 -4.00000 -32.45000
v -80.02070 -4.00000 -31.90000
v -80.02070 -4.00000 -30.80000
v -80.97340 14.00000 -30.25000
v -81.92600 14.00000 -30.80000
v -81.92600 14.00000 -31.90000
v -80.97340 14.00000 -32.45000
v -80.02070 14.00000 -31.90000
v -80.02070 14.00000 -30.80000
v -79.06810 -4.00000 -30.25000
v -80.02070 -4.00000 -30.80000
v -80.02070 -4.00000 -31.90000
v -79.06810 -4.00000 -32.45000
v -78.11550 -4.00000 -31.90000
v -78.11550 -4.00000 -30.80000
v -79.06810 14.00000 -30.25000
v -80.02070 14.00000 -30.80000
v -80.02070 14.00000 -31.90000
v -79.06810 14.00000 -32.45000
v -78.11550 14.00000 -31.90000
v -78.11550 14.00000 -30.80000
v -77.16290 -4.00000 -30.25000
v -78.11550 -4.00000 -30.80000
v -78.11550 -4.00000 -31.90000
v -77.16290 -4.00000 -32.45000
v -76.21020 -4.00000 -31.90000
v -76.21020 -4.00000 -30.80000
v -77.16290 14.00000 -30.25000
v -78.11550 14.00000 -30.80000
v -78.11550 14.00000 -31.90000
v -77.16290 14.00000 -32.45000
v -76.21020 14.00000 -31.90000
v -76.21020 14.00000 -30.80000
v -75.25760 -4.00000 -30.25000
v -76.21020 -4.00000 -30.80000
v -76.21020 -4.00000 -31.90000
v -75.25760 -4.00000 -32.45000
v -74.30500 -4.00000 -31.90000
v -74.30500 -4.00000 -30.80000
v -75.25760 14.00000 -30.25000
v -76.21020 14.00000 -30.80000
v -76.21020 14.00000 -31.90000
v -75.25760 14.00000 -32.45000
v -74.30500 14.00000 -31.90000
v -74.30500 14.00000 -30.80000
v -73.35240 -4.00000 -30.25000
v -74.30500 -4.00000 -30.80000
v -74.30500 -4.00000 -31.90000
v -73.35240 -4.00000 -32.45000
v -72.39970 -4.00000 -31.90000
v -72.39970 -4.00000 -30.80000
v -73.35240 14.00000 -30.25000
v -74.30500 14.00000 -30.80000
v -74.30500 14.00000 -31.90000
v -73.35240 14.00000 -32.45000
v -72.39970 14.00000 -31.90000
v -72.39970 14.00000 -30.80000
v -80.02070 -4.00000 -28.60000
v -80.97340 -4.00000 -29.15000
v -80.97340 -4.00000 -30.25000
v -80.02070 -4.00000 -30.80000
v -79.06810 -4.00000 -30.25000
v -79.06810 -4.00000 -29.15000
v -80.02070 14.00000 -28.60000
v -80.97340 14.00000 -29.15000
v -80.97340 14.00000 -30.25000
v -80.02070 14.00000 -30.80000
v -79.06810 14.00000 -30.25000
v -79.06810 14.00000 -29.15000
v -78.11550 -4.00000 -28.60000
v -79.06810 -4.00000 -29.15000
v -79.06810 -4.00000 -30.25000
v -78.11550 -4.00000 -30.80000
v -77.16290 -4.00000 -30.25000
v -77.16290 -4.00000 -29.15000
v -78.11550 14.00000 -28.60000
v -79.06810 14.00000 -29.15000
v -79.06810 14.00000 -30.25000
v -78.11550 14.00000 -30.80000
v -77.16290 14.00000 -30.25000
v -77.16290 14.00000 -29.15000
v -76.21020 -4.00000 -28.60000
v -77.16290 -4.00000 -29.15000
v -77.16290 -4.00000 -30.25000
v -76.21020 -4.00000 -30.80000
v -75.25760 -4.00000 -30.25000
v -75.25760 -4.00000 -29.15000
v -76.21020 14.00000 -28.60000
v -77.16290 14.00000 -29.15000
v -77.16290 14.00000 -30.25000
v -76.21020 14.00000 -30.80000
v -75.25760 14.00000 -30.25000
v -75.25760 14.00000 -29.15000
v -74.30500 -4.00000 -28.60000
v -75.25760 -4.00000 -29.15000
v -75.25760 -4.00000 -30.25000
v -74.30500 -4.00000 -30.80000
v -73.35240 -4.00000 -30.25000
v -73.35240 -4.00000 -29.15000
v -74.30500 14.00000 -28.60000
v -75.25760 14.00000 -29.15000
v -75.25760 14.00000 -30.25000
v -74.30500 14.00000 -30.80000
v -73.35240 14.00000 -30.25000
v -73.35240 14.00000 -29.15000
v -80.97340 -4.00000 -26.95000
v -81.92600 -4.00000 -27.50000
v -81.92600 -4.00000 -28.60000
v -80.97340 -4.00000 -29.15000
v -80.02070 -4.00000 -28.60000
v -80.02070 -4.00000 -27.50000
v -80.97340 14.00000 -26.95000
v -81.92600 14.00000 -27.50000
v -81.92600 14.00000 -28.60000
v -80.97340 14.00000 -29.15000
v -80.02070 14.00000 -28.60000
v -80.02070 14.00000 -27.50000
v -79.06810 -4.00000 -26.95000
v -80.02070 -4.00000 -27.50000
v -80.02070 -4.00000 -28.60000
v -79.06810 -4.00000 -29.15000
v -78.11550 -4.00000 -28.60000
v -78.11550 -4.00000 -27.50000
v -79.06810 14.00000 -26.95000
v -80.02070 14.00000 -27.50000
v -80.02070 14.00000 -28.60000
v -79.06810 14.00000 -29.15000
v -78.11550 14.00000 -28.60000
v -78.11550 14.00000 -27.50000
v -77.16290 -4.00000 -26.95000
v -78.11550 -4.00000 -27.50000
v -78.11550 -4.00000 -28.60000
v -77.16290 -4.00000 -29.15000
v -76.21020 -4.00000 -28.60000
v -76.21020 -4.00000 -27.50000
v -77.16290 14.00000 -26.95000
v -78.11550 14.00000 -27.50000
v -78.11550 14.00000 -28.60000
v -77.16290 14.00000 -29.15000
v -76.21020 14.00000 -28.60000
v -76.21020 14.00000 -27.50000
v -75.25760 -4.00000 -26.95000
v -76.21020 -4.00000 -27.50000
v -76.21020 -4.00000 -28.60000
v -75.25760 -4.00000 -29.15000
v -74.30500 -4.00000 -28.60000
v -74.30500 -4.00000 -27.50000
v -75.25760 14.00000 -26.95000
v -76.21020 14.00000 -27.50000
v -76.21020 14.00000 -28.60000
v -75.25760 14.00000 -29.15000
v -74.30500 14.00000 -28.60000
v -74.30500 14.00000 -27.50000
v -81.92600 -4.00000 -25.30000
v -82.87860 -4.00000 -25.85000
v -82.87860 -4.00000 -26.95000
v -81.92600 -4.00000 -27.50000
v -80.97340 -4.00000 -26.95000
v -80.97340 -4.00000 -25.85000
v -81.92600 14.00000 -25.30000
v -82.87860 14.00000 -25.85000
v -82.87860 14.00000 -26.95000
v -81.92600 14.00000 -27.50000
v -80.97340 14.00000 -26.95000
v -80.97340 14.00000 -25.85000
v -80.02070 -4.00000 -25.30000
v -80.97340 -4.00000 -25.85000
v -80.97340 -4.00000 -26.95000
v -80.02070 -4.00000 -27.50000
v -79.06810 -4.00000 -26.95000
v -79.06810 -4.00000 -25.85000
v -80.02070 14.00000 -25.30000
v -80.97340 14.00000 -25.85000
v -80.97340 14.00000 -26.95000
v -80.02070 14.00000 -27.50000
v -79.06810 14.00000 -26.95000
v -79.06810 14.00000 -25.85000
v -78.11550 -4.00000 -25.30000
v -79.06810 -4.00000 -25.85000
v -79.06810 -4.00000 -26.95000
v -78.11550 -4.00000 -27.50000
v -77.16290 -4.00000 -26.95000
v -77.16290 -4.00000 -25.85000
v -78.11550 14.00000 -25.30000
v -79.06810 14.00000 -25.85000
v -79.06810 14.00000 -26.95000
v -78.11550 14.00000 -27.50000
v -77.16290 14.00000 -26.95000
v -77.16290 14.00000 -25.85000
v -76.21020 -4.00000 -25.30000
v -77.16290 -4.00000 -25.85000
v -77.16290 -4.00000 -26.95000
v -76.21020 -4.00000 -27.50000
v -75.25760 -4.00000 -26.95000
v -75.25760 -4.00000 -25.85000
v -76.21020 14.00000 -25.30000
v -77.16290 14.00000 -25.85000
v -77.16290 14.00000 -26.95000
v -76.21020 14.00000 -27.50000
v -75.25760 14.00000 -26.95000
v -75.25760 14.00000 -25.85000
v -82.87860 -4.00000 -23.65000
v -83.83130 -4.00000 -24.20000
v -83.83130 -4.00000 -25.30000
v -82.87860 -4.00000 -25.85000
v -81.92600 -4.00000 -25.30000
v -81.92600 -4.00000 -24.20000
v -82.87860 14.00000 -23.65000
v -83.83130 14.00000 -24.20000
v -83.83130 14.00000 -25.30000
v -82.87860 14.00000 -25.85000
v -81.92600 14.00000 -25.30000
v -81.92600 14.00000 -24.20000
v -80.97340 -4.00000 -23.65000
v -81.92600 -4.00000 -24.20000
v -81.92600 -4.00000 -25.30000
v -80.97340 -4.00000 -25.85000
v -80.02070 -4.00000 -25.30000
v -80.02070 -4.00000 -24.20000
v -80.97340 14.00000 -23.65000
v -81.92600 14.00000 -24.20000
v -81.92600 14.00000 -25.30000
v -80.97340 14.00000 -25.85000
v -80.02070 14.00000 -25.30000
v -80.02070 14.00000 -24.20000
v -79.06810 -4.00000 -23.65000
v -80.02070 -4.00000 -24.20000
v -80.02070 -4.00000 -25.30000
v -79.06810 -4.00000 -25.85000
v -78.11550 -4.00000 -25.30000
v -78.11550 -4.00000 -24.20000
v -79.06810 14.00000 -23.65000
v -80.02070 14.00000 -24.20000
v -80.02070 14.00000 -25.30000
v -79.06810 14.00000 -25.85000
v -78.11550 14.00000 -25.30000
v -78.11550 14.00000 -24.20000
v -77.16290 -4.00000 -23.65000
v -78.11550 -4.00000 -24.20000
v -78.11550 -4.00000 -25.30000
v -77.16290 -4.00000 -25.85000
v -76.21020 -4.00000 -25.30000
v -76.21020 -4.00000 -24.20000
v -77.16290 14.00000 -23.65000
v -78.11550 14.00000 -24.20000
v -78.11550 14.00000 -25.30000
v -77.16290 14.00000 -25.85000
v -76.21020 14.00000 -25.30000
v -76.21020 14.00000 -24.20000
v -75.25760 -4.00000 -23.65000
v -76.21020 -4.00000 -24.20000
v -76.21020 -4.00000 -25.30000
v -75.25760 -4.00000 -25.85000
v -74.30500 -4.00000 -25.30000
v -74.30500 -4.00000 -24.20000
v -75.25760 14.00000 -23.65000
v -76.21020 14.00000 -24.20000
v -76.21020 14.00000 -25.30000
v -75.25760 14.00000 -25.85000
v -74.30500 14.00000 -25.30000
v -74.30500 14.00000 -24.20000
v -83.83130 -4.00000 -22.00000
v -84.78390 -4.00000 -22.55000
v -84.78390 -4.00000 -23.65000
v -83.83130 -4.00000 -24.20000
v -82.87860 -4.00000 -23.65000
v -82.87860 -4.00000 -22.55000
v -83.83130 14.00000 -22.00000
v -84.78390 14.00000 -22.55000
v -84.78390 14.00000 -23.65000
v -83.83130 14.00000 -24.20000
v -82.87860 14.00000 -23.65000
v -82.87860 14.00000 -22.55000
v -81.92600 -4.00000 -22.00000
v -82.87860 -4.00000 -22.55000
v -82.87860 -4.00000 -23.65000
v -81.92600 -4.00000 -24.20000
v -80.97340 -4.00000 -23.65000
v -80.97340 -4.00000 -22.55000
v -81.92600 14.00000 -22.00000
v -82.87860 14.00000 -22.55000
v -82.87860 14.00000 -23.65000
v -81.92600 14.00000 -24.20000
v -80.97340 14.00000 -23.65000
v -80.97340 14.00000 -22.55000
v -80.02070 -4.00000 -22.00000
v -80.97340 -4.00000 -22.55000
v -80.97340 -4.00000 -23.65000
v -80.02070 -4.00000 -24.20000
v -79.06810 -4.00000 -23.65000
v -79.06810 -4.00000 -22.55000
v -80.02070 14.00000 -22.00000
v -80.97340 14.00000 -22.55000
v -80.97340 14.00000 -23.65000
v -80.02070 14.00000 -24.20000
v -79.06810 14.00000 -23.65000
v -79.06810 14.00000 -22.55000
v -78.11550 -4.00000 -22.00000
v -79.06810 -4.00000 -22.55000
v -79.06810 -4.00000 -23.65000
v -78.11550 -4.00000 -24.20000
v -77.16290 -4.00000 -23.65000
v -77.16290 -4.00000 -22.55000
v -78.11550 14.00000 -22.00000
v -79.06810 14.00000 -22.55000
v -79.06810 14.00000 -23.65000
v -78.11550 14.00000 -24.20000
v -77.16290 14.00000 -23.65000
v -77.16290 14.00000 -22.55000
v -76.21020 -4.00000 -22.00000
v -77.16290 -4.00000 -22.55000
v -77.16290 -4.00000 -23.65000
v -76.21020 -4.00000 -24.20000
v -75.25760 -4.00000 -23.65000
v -75.25760 -4.00000 -22.55000
v -76.21020 14.00000 -22.00000
v -77.16290 14.00000 -22.55000
v -77.16290 14.00000 -23.65000
v -76.21020 14.00000 -24.20000
v -75.25760 14.00000 -23.65000
v -75.25760 14.00000 -22.55000
v -82.87860 -4.00000 -20.35000
v -83.83130 -4.00000 -20.90000
v -83.83130 -4.00000 -22.00000
v -82.87860 -4.00000 -22.55000
v -81.92600 -4.00000 -22.00000
v -81.92600 -4.00000 -20.90000
v -82.87860 14.00000 -20.35000
v -83.83130 14.00000 -20.90000
v -83.83130 14.00000 -22.00000
v -82.87860 14.00000 -22.55000
v -81.92600 14.00000 -22.00000
v -81.92600 14.00000 -20.90000
v -80.97340 -4.00000 -20.35000
v -81.92600 -4.00000 -20.90000
v -81.92600 -4.00000 -22.00000
v -80.97340 -4.00000 -22.55000
v -80.02070 -4.00000 -22.00000
v -80.02070 -4.00000 -20.90000
v -80.97340 14.00000 -20.35000
v -81.92600 14.00000 -20.90000
v -81.92600 14.00000 -22.00000
v -80.97340 14.00000 -22.55000
v -80.02070 14.00000 -22.00000
v -80.02070 14.00000 -20.90000
v -79.06810 -4.00000 -20.35000
v -80.02070 -4.00000 -20.90000
v -80.02070 -4.00000 -22.00000
v -79.06810 -4.00000 -22.55000
v -78.11550 -4.00000 -22.00000
v -78.11550 -4.00000 -20.90000
v -79.06810 14.00000 -20.35000
v -80.02070 14.00000 -20.90000
v -80.02070 14.00000 -22.00000
v -79.06810 14.00000 -22.55000
v -78.11550 14.00000 -22.00000
v -78.11550 14.00000 -20.90000
v -77.16290 -4.00000 -20.35000
v -78.11550 -4.00000 -20.90000
v -78.11550 -4.00000 -22.00000
v -77.16290 -4.00000 -22.55000
v -76.21020 -4.00000 -22.00000
v -76.21020 -4.00000 -20.90000
v -77.16290 14.00000 -20.35000
v -78.11550 14.00000 -20.90000
v -78.11550 14.00000 -22.00000
v -77.16290 14.00000 -22.55000
v -76.21020 14.00000 -22.00000
v -76.21020 14.00000 -20.90000
v -83.83130 -4.00000 -18.70000
v -84.78390 -4.00000 -19.25000
v -84.78390 -4.00000 -20.35000
v -83.83130 -4.00000 -20.90000
v -82.87860 -4.00000 -20.35000
v -82.87860 -4.00000 -19.25000
v -83.83130 14.00000 -18.70000
v -84.78390 14.00000 -19.25000
v -84.78390 14.00000 -20.35000
v -83.83130 14.00000 -20.90000
v -82.87860 14.00000 -20.35000
v -82.87860 14.00000 -19.25000
v -81.92600 -4.00000 -18.70000
v -82.87860 -4.00000 -19.25000
v -82.87860 -4.00000 -20.35000
v -81.92600 -4.00000 -20.90000
v -80.97340 -4.00000 -20.35000
v -80.97340 -4.00000 -19.25000
v -81.92600 14.00000 -18.70000
v -82.87860 14.00000 -19.25000
v -82.87860 14.00000 -20.35000
v -81.92600 14.00000 -20.90000
v -80.97340 14.00000 -20.35000
v -80.97340 14.00000 -19.25000
v -80.02070 -4.00000 -18.70000
v -80.97340 -4.00000 -19.25000
v -80.97340 -4.00000 -20.35000
v -80.02070 -4.00000 -20.90000
v -79.06810 -4.00000 -20.35000
v -79.06810 -4.00000 -19.25000
v -80.02070 14.00000 -18.70000
v -80.97340 14.00000 -19.25000
v -80.97340 14.00000 -20.35000
v -80.02070 14.00000 -20.90000
v -79.06810 14.00000 -20.35000
v -79.06810 14.00000 -19.25000
v -78.11550 -4.00000 -18.70000
v -79.06810 -4.00000 -19.25000
v -79.06810 -4.00000 -20.35000
v -78.11550 -4.00000 -20.90000
v -77.16290 -4.00000 -20.35000
v -77.16290 -4.00000 -19.25000
v -78.11550 14.00000 -18.70000
v -79.06810 14.00000 -19.25000
v -79.06810 14.00000 -20.35000
v -78.11550 14.00000 -20.90000
v -77.16290 14.00000 -20.35000
v -77.16290 14.00000 -19.25000
v -84.78390 -4.00000 -17.05000
v -85.73650 -4.00000 -17.60000
v -85.73650 -4.00000 -18.70000
v -84.78390 -4.00000 -19.25000
v -83.83130 -4.00000 -18.70000
v -83.83130 -4.00000 -17.60000
v -84.78390 14.00000 -17.05000
v -85.73650 14.00000 -17.60000
v -85.73650 14.00000 -18.70000
v -84.78390 14.00000 -19.25000
v -83.83130 14.00000 -18.70000
v -83.83130 14.00000 -17.60000
v -82.87860 -4.00000 -17.05000
v -83.83130 -4.00000 -17.60000
v -83.83130 -4.00000 -18.70000
v -82.87860 -4.00000 -19.25000
v -81.92600 -4.00000 -18.70000
v -81.92600 -4.00000 -17.60000
v -82.87860 14.00000 -17.05000
v -83.83130 14.00000 -17.60000
v -83.83130 14.00000 -18.70000
v -82.87860 14.00000 -19.25000
v -81.92600 14.00000 -18.70000
v -81.92600 14.00000 -17.60000
v -80.97340 -4.00000 -17.05000
v -81.92600 -4.00000 -17.60000
v -81.92600 -4.00000 -18.70000
v -80.97340 -4.00000 -19.25000
v -80.02070 -4.00000 -18.70000
v -80.02070 -4.00000 -17.60000
v -80.97340 14.00000 -17.05000
v -81.92600 14.00000 -17.60000
v -81.92600 14.00000 -18.70000
v -80.97340 14.00000 -19.25000
v -80.02070 14.00000 -18.70000
v -80.02070 14.00000 -17.60000
v -79.06810 -4.00000 -17.05000
v -80.02070 -4.00000 -17.60000
v -80.02070 -4.00000 -18.70000
v -79.06810 -4.00000 -19.25000
v -78.11550 -4.00000 -18.70000
v -78.11550 -4.00000 -17.60000
v -79.06810 14.00000 -17.05000
v -80.02070 14.00000 -17.60000
v -80.02070 14.00000 -18.70000
v -79.06810 14.00000 -19.25000
v -78.11550 14.00000 -18.70000
v -78.11550 14.00000 -17.60000
v -77.16290 -4.00000 -17.05000
v -78.11550 -4.00000 -17.60000
v -78.11550 -4.00000 -18.70000
v -77.16290 -4.00000 -19.25000
v -76.21020 -4.00000 -18.70000
v -76.21020 -4.00000 -17.60000
v -77.16290 14.00000 -17.05000
v -78.11550 14.00000 -17.60000
v -78.11550 14.00000 -18.70000
v -77.16290 14.00000 -19.25000
v -76.21020 14.00000 -18.70000
v -76.21020 14.00000 -17.60000
v -83.83130 -4.00000 -15.40000
v -84.78390 -4.00000 -15.95000
v -84.78390 -4.00000 -17.05000
v -83.83130 -4.00000 -17.60000
v -82.87860 -4.00000 -17.05000
v -82.87860 -4.00000 -15.95000
v -83.83130 14.00000 -15.40000
v -84.78390 14.00000 -15.95000
v -84.78390 14.00000 -17.05000
v -83.83130 14.00000 -17.60000
v -82.87860 14.00000 -17.05000
v -82.87860 14.00000 -15.95000
v -81.92600 -4.00000 -15.40000
v -82.87860 -4.00000 -15.95000
v -82.87860 -4.00000 -17.05000
v -81.92600 -4.00000 -17.60000
v -80.97340 -4.00000 -17.05000
v -80.97340 -4.00000 -15.95000
v -81.92600 14.00000 -15.40000
v -82.87860 14.00000 -15.95000
v -82.87860 14.00000 -17.05000
v -81.92600 14.00000 -17.60000
v -80.97340 14.00000 -17.05000
v -80.97340 14.00000 -15.95000
v -80.02070 -4.00000 -15.40000
v -80.97340 -4.00000 -15.95000
v -80.97340 -4.00000 -17.05000
v -80.02070 -4.00000 -17.60000
v -79.06810 -4.00000 -17.05000
v -79.06810 -4.00000 -15.95000
v -80.02070 14.00000 -15.40000
v -80.97340 14.00000 -15.95000
v -80.97340 14.00000 -17.05000
v -80.02070 14.00000 -17.60000
v -79.06810 14.00000 -17.05000
v -79.06810 14.00000 -15.95000
v -78.11550 -4.00000 -15.40000
v -79.06810 -4.00000 -15.95000
v -79.06810 -4.00000 -17.05000
v -78.11550 -4.00000 -17.60000
v -77.16290 -4.00000 -17.05000
v -77.16290 -4.00000 -15.95000
v -78.11550 14.00000 -15.40000
v -79.06810 14.00000 -15.95000
v -79.06810 14.00000 -17.05000
v -78.11550 14.00000 -17.60000
v -77.16290 14.00000 -17.05000
v -77.16290 14.00000 -15.95000
v -84.78390 -4.00000 -13.75000
v -85.73650 -4.00000 -14.30000
v -85.73650 -4.00000 -15.40000
v -84.78390 -4.00000 -15.95000
v -83.83130 -4.00000 -15.40000
v -83.83130 -4.00000 -14.30000
v -84.78390 14.00000 -13.75000
v -85.73650 14.00000 -14.30000
v -85.73650 14.00000 -15.40000
v -84.78390 14.00000 -15.95000
v -83.83130 14.00000 -15.40000
v -83.83130 14.00000 -14.30000
v -82.87860 -4.00000 -13.75000
v -83.83130 -4.00000 -14.30000
v -83.83130 -4.00000 -15.40000
v -82.87860 -4.00000 -15.95000
v -81.92600 -4.00000 -15.40000
v -81.92600 -4.00000 -14.30000
v -82.87860 14.00000 -13.75000
v -83.83130 14.00000 -14.30000
v -83.83130 14.00000 -15.40000
v -82.87860 14.00000 -15.95000
v -81.92600 14.00000 -15.40000
v -81.92600 14.00000 -14.30000
v -80.97340 -4.00000 -13.75000
v -81.92600 -4.00000 -14.30000
v -81.92600 -4.00000 -15.40000
v -80.97340 -4.00000 -15.95000
v -80.02070 -4.00000 -15.40000
v -80.02070 -4.00000 -14.30000
v -80.97340 14.00000 -13.75000
v -81.92600 14.00000 -14.30000
v -81.92600 14.00000 -15.40000
v -80.97340 14.00000 -15.95000
v -80.02070 14.00000 -15.40000
v -80.02070 14.00000 -14.30000
v -79.06810 -4.00000 -13.75000
v -80.02070 -4.00000 -14.30000
v -80.02070 -4.00000 -15.40000
v -79.06810 -4.00000 -15.95000
v -78.11550 -4.00000 -15.40000
v -78.11550 -4.00000 -14.30000
v -79.06810 14.00000 -13.75000
v -80.02070 14.00000 -14.30000
v -80.02070 14.00000 -15.40000
v -79.06810 14.00000 -15.95000
v -78.11550 14.00000 -15.40000
v -78.11550 14.00000 -14.30000
v -85.73650 -4.00000 -12.10000
v -86.68910 -4.00000 -12.65000
v -86.68910 -4.00000 -13.75000
v -85.73650 -4.00000 -14.30000
v -84.78390 -4.00000 -13.75000
v -84.78390 -4.00000 -12.65000
v -85.73650 14.00000 -12.10000
v -86.68910 14.00000 -12.65000
v -86.68910 14.00000 -13.75000
v -85.73650 14.00000 -14.30000
v -84.78390 14.00000 -13.75000
v -84.78390 14.00000 -12.65000
v -83.83130 -4.00000 -12.10000
v -84.78390 -4.00000 -12.65000
v -84.78390 -4.00000 -13.75000
v -83.83130 -4.00000 -14.30000
v -82.87860 -4.00000 -13.75000
v -82.87860 -4.00000 -12.65000
v -83.83130 14.00000 -12.10000
v -84.78390 14.00000 -12.65000
v -84.78390 14.00000 -13.75000
v -83.83130 14.00000 -14.30000
v -82.87860 14.00000 -13.75000
v -82.87860 14.00000 -12.65000
v -81.92600 -4.00000 -12.10000
v -82.87860 -4.00000 -12.65000
v -82.87860 -4.00000 -13.75000
v -81.92600 -4.00000 -14.30000
v -80.97340 -4.00000 -13.75000
v -80.97340 -4.00000 -12.65000
v -81.92600 14.00000 -12.10000
v -82.87860 14.00000 -12.65000
v -82.87860 14.00000 -13.75000
v -81.92600 14.00000 -14.30000
v -80.97340 14.00000 -13.75000
v -80.97340 14.00000 -12.65000
v -80.02070 -4.00000 -12.10000
v -80.97340 -4.00000 -12.65000
v -80.97340 -4.00000 -13.75000
v -80.02070 -4.00000 -14.30000
v -79.06810 -4.00000 -13.75000
v -79.06810 -4.00000 -12.65000
v -80.02070 14.00000 -12.10000
v -80.97340 14.00000 -12.65000
v -80.97340 14.00000 -13.75000
v -80.02070 14.00000 -14.30000
v -79.06810 14.00000 -13.75000
v -79.06810 14.00000 -12.65000
v -78.11550 -4.00000 -12.10000
v -79.06810 -4.00000 -12.65000
v -79.06810 -4.00000 -13.75000
v -78.11550 -4.00000 -14.30000
v -77.16290 -4.00000 -13.75000
v -77.16290 -4.00000 -12.65000
v -78.11550 14.00000 -12.10000
v -79.06810 14.00000 -12.65000
v -79.06810 14.00000 -13.75000
v -78.11550 14.00000 -14.30000
v -77.16290 14.00000 -13.75000
v -77.16290 14.00000 -12.65000
v -84.78390 -4.00000 -10.45000
v -85.73650 -4.00000 -11.00000
v -85.73650 -4.00000 -12.10000
v -84.78390 -4.00000 -12.65000
v -83.83130 -4.00000 -12.10000
v -83.83130 -4.00000 -11.00000
v -84.78390 14.00000 -10.45000
v -85.73650 14.00000 -11.00000
v -85.73650 14.00000 -12.10000
v -84.78390 14.00000 -12.65000
v -83.83130 14.00000 -12.10000
v -83.83130 14.00000 -11.00000
v -82.87860 -4.00000 -10.45000
v -83.83130 -4.00000 -11.00000
v -83.83130 -4.00000 -12.10000
v -82.87860 -4.00000 -12.65000
v -81.92600 -4.00000 -12.10000
v -81.92600 -4.00000 -11.00000
v -82.87860 14.00000 -10.45000
v -83.83130 14.00000 -11.00000
v -83.83130 14.00000 -12.10000
v -82.87860 14.00000 -12.65000
v -81.92600 14.00000 -12.10000
v -81.92600 14.00000 -11.00000
v -80.97340 -4.00000 -10.45000
v -81.92600 -4.00000 -11.00000
v -81.92600 -4.00000 -12.10000
v -80.97340 -4.00000 -12.65000
v -80.02070 -4.00000 -12.10000
v -80.02070 -4.00000 -11.00000
v -80.97340 14.00000 -10.45000
v -81.92600 14.00000 -11.00000
v -81.92600 14.00000 -12.10000
v -80.97340 14.00000 -12.65000
v -80.02070 14.00000 -12.10000
v -80.02070 14.00000 -11.00000
v -79.06810 -4.00000 -10.45000
v -80.02070 -4.00000 -11.00000
v -80.02070 -4.00000 -12.10000
v -79.06810 -4.00000 -12.65000
v -78.11550 -4.00000 -12.10000
v -78.11550 -4.00000 -11.00000
v -79.06810 14.00000 -10.45000
v -80.02070 14.00000 -11.00000
v -80.02070 14.00000 -12.10000
v -79.06810 14.00000 -12.65000
v -78.11550 14.00000 -12.10000
v -78.11550 14.00000 -11.00000
v -85.73650 -4.00000 -8.80000
v -86.68910 -4.00000 -9.35000
v -86.68910 -4.00000 -10.45000
v -85.73650 -4.00000 -11.00000
v -84.78390 -4.00000 -10.45000
v -84.78390 -4.00000 -9.35000
v -85.73650 14.00000 -8.80000
v -86.68910 14.00000 -9.35000
v -86.68910 14.00000 -10.45000
v -85.73650 14.00000 -11.00000
v -84.78390 14.00000 -10.45000
v -84.78390 14.00000 -9.35000
v -83.83130 -4.00000 -8.80000
v -84.78390 -4.00000 -9.35000
v -84.78390 -4.00000 -10.45000
v -83.83130 -4.00000 -11.00000
v -82.87860 -4.00000 -10.45000
v -82.87860 -4.00000 -9.35000
v -83.83130 14.00000 -8.80000
v -84.78390 14.00000 -9.35000
v -84.78390 14.00000 -10.45000
v -83.83130 14.00000 -11.00000
v -82.87860 14.00000 -10.45000
v -82.87860 14.00000 -9.35000
v -81.92600 -4.00000 -8.80000
v -82.87860 -4.00000 -9.35000
v -82.87860 -4.00000 -10.45000
v -81.92600 -4.00000 -11.00000
v -80.97340 -4.00000 -10.45000
v -80.97340 -4.00000 -9.35000
v -81.92600 14.00000 -8.80000
v -82.87860 14.00000 -9.35000
v -82.87860 14.00000 -10.45000
v -81.92600 14.00000 -11.00000
v -80.97340 14.00000 -10.45000
v -80.97340 14.00000 -9.35000
v -80.02070 -4.00000 -8.80000
v -80.97340 -4.00000 -9.35000
v -80.97340 -4.00000 -10.45000
v -80.02070 -4.00000 -11.00000
v -79.06810 -4.00000 -10.45000
v -79.06810 -4.00000 -9.35000
v -80.02070 14.00000 -8.80000
v -80.97340 14.00000 -9.35000
v -80.97340 14.00000 -10.45000
v -80.02070 14.00000 -11.00000
v -79.06810 14.00000 -10.45000
v -79.06810 14.00000 -9.35000
v -84.78390 -4.00000 -7.15000
v -85.73650 -4.00000 -7.70000
v -85.73650 -4.00000 -8.80000
v -84.78390 -4.00000 -9.35000
v -83.83130 -4.00000 -8.80000
v -83.83130 -4.00000 -7.70000
v -84.78390 14.00000 -7.15000
v -85.73650 14.00000 -7.70000
v -85.73650 14.00000 -8.80000
v -84.78390 14.00000 -9.35000
v -83.83130 14.00000 -8.80000
v -83.83130 14.00000 -7.70000
v -82.87860 -4.00000 -7.15000
v -83.83130 -4.00000 -7.70000
v -83.83130 -4.00000 -8.80000
v -82.87860 -4.00000 -9.35000
v -81.92600 -4.00000 -8.80000
v -81.92600 -4.00000 -7.70000
v -82.87860 14.00000 -7.15000
v -83.83130 14.00000 -7.70000
v -83.83130 14.00000 -8.80000
v -82.87860 14.00000 -9.35000
v -81.92600 14.00000 -8.80000
v -81.92600 14.00000 -7.70000
v -80.97340 -4.00000 -7.15000
v -81.92600 -4.00000 -7.70000
v -81.92600 -4.00000 -8.80000
v -80.97340 -4.00000 -9.35000
v -80.02070 -4.00000 -8.80000
v -80.02070 -4.00000 -7.70000
v -80.97340 14.00000 -7.15000
v -81.92600 14.00000 -7.70000
v -81.92600 14.00000 -8.80000
v -80.97340 14.00000 -9.35000
v -80.02070 14.00000 -8.80000
v -80.02070 14.00000 -7.70000
v -79.06810 -4.00000 -7.15000
v -80.02070 -4.00000 -7.70000
v -80.02070 -4.00000 -8.80000
v -79.06810 -4.00000 -9.35000
v -78.11550 -4.00000 -8.80000
v -78.11550 -4.00000 -7.70000
v -79.06810 14.00000 -7.15000
v -80.02070 14.00000 -7.70000
v -80.02070 14.00000 -8.80000
v -79.06810 14.00000 -9.35000
v -78.11550 14.00000 -8.80000
v -78.11550 14.00000 -7.70000
v -85.73650 -4.00000 -5.50000
v -86.68910 -4.00000 -6.05000
v -86.68910 -4.00000 -7.15000
v -85.73650 -4.00000 -7.70000
v -84.78390 -4.00000 -7.15000
v -84.78390 -4.00000 -6.05000
v -85.73650 14.00000 -5.50000
v -86.68910 14.00000 -6.05000
v -86.68910 14.00000 -7.15000
v -85.73650 14.00000 -7.70000
v -84.78390 14.00000 -7.15000
v -84.78390 14.00000 -6.05000
v -83.83130 -4.00000 -5.50000
v -84.78390 -4.00000 -6.05000
v -84.78390 -4.00000 -7.15000
v -83.83130 -4.00000 -7.70000
v -82.87860 -4.00000 -7.15000
v -82.87860 -4.00000 -6.05000
v -83.83130 14.00000 -5.50000
v -84.78390 14.00000 -6.05000
v -84.78390 14.00000 -7.15000
v -83.83130 14.00000 -7.70000
v -82.87860 14.00000 -7.15000
v -82.87860 14.00000 -6.05000
v -81.92600 -4.00000 -5.50000
v -82.87860 -4.00000 -6.05000
v -82.87860 -4.00000 -7.15000
v -81.92600 -4.00000 -7.70000
v -80.97340 -4.00000 -7.15000
v -80.97340 -4.00000 -6.05000
v -81.92600 14.00000 -5.50000
v -82.87860 14.00000 -6.05000
v -82.87860 14.00000 -7.15000
v -81.92600 14.00000 -7.70000
v -80.97340 14.00000 -7.15000
v -80.97340 14.00000 -6.05000
v -80.02070 -4.00000 -5.50000
v -80.97340 -4.00000 -6.05000
v -80.97340 -4.00000 -7.15000
v -80.02070 -4.00000 -7.70000
v -79.06810 -4.00000 -7.15000
v -79.06810 -4.00000 -6.05000
v -80.02070 14.00000 -5.50000
v -80.97340 14.00000 -6.05000
v -80.97340 14.00000 -7.15000
v -80.02070 14.00000 -7.70000
v -79.06810 14.00000 -7.15000
v -79.06810 14.00000 -6.05000
v -86.68910 -4.00000 -3.85000
v -87.64180 -4.00000 -4.40000
v -87.64180 -4.00000 -5.50000
v -86.68910 -4.00000 -6.05000
v -85.73650 -4.00000 -5.50000
v -85.73650 -4.00000 -4.40000
v -86.68910 14.00000 -3.85000
v -87.64180 14.00000 -4.40000
v -87.64180 14.00000 -5.50000
v -86.68910 14.00000 -6.05000
v -85.73650 14.00000 -5.50000
v -85.73650 14.00000 -4.40000
v -84.78390 -4.00000 -3.85000
v -85.73650 -4.00000 -4.40000
v -85.73650 -4.00000 -5.50000
v -84.78390 -4.00000 -6.05000
v -83.83130 -4.00000 -5.50000
v -83.83130 -4.00000 -4.40000
v -84.78390 14.00000 -3.85000
v -85.73650 14.00000 -4.40000
v -85.73650 14.00000 -5.50000
v -84.78390 14.00000 -6.05000
v -83.83130 14.00000 -5.50000
v -83.83130 14.00000 -4.40000
v -82.87860 -4.00000 -3.85000
v -83.83130 -4.00000 -4.40000
v -83.83130 -4.00000 -5.50000
v -82.87860 -4.00000 -6.05000
v -81.92600 -4.00000 -5.50000
v -81.92600 -4.00000 -4.40000
v -82.87860 14.00000 -3.85000
v -83.83130 14.00000 -4.40000
v -83.83130 14.00000 -5.50000
v -82.87860 14.00000 -6.05000
v -81.92600 14.00000 -5.50000
v -81.92600 14.00000 -4.40000
v -80.97340 -4.00000 -3.85000
v -81.92600 -4.00000 -4.40000
v -81.92600 -4.00000 -5.50000
v -80.97340 -4.00000 -6.05000
v -80.02070 -4.00000 -5.50000
v -80.02070 -4.00000 -4.40000
v -80.97340 14.00000 -3.85000
v -81.92600 14.00000 -4.40000
v -81.92600 14.00000 -5.50000
v -80.97340 14.00000 -6.05000
v -80.02070 14.00000 -5.50000
v -80.02070 14.00000 -4.40000
v -79.06810 -4.00000 -3.85000
v -80.02070 -4.00000 -4.40000
v -80.02070 -4.00000 -5.50000
v -79.06810 -4.00000 -6.05000
v -78.11550 -4.00000 -5.50000
v -78.11550 -4.00000 -4.40000
v -79.06810 14.00000 -3.85000
v -80.02070 14.00000 -4.40000
v -80.02070 14.00000 -5.50000
v -79.06810 14.00000 -6.05000
v -78.11550 14.00000 -5.50000
v -78.11550 14.00000 -4.40000
v -85.73650 -4.00000 -2.20000
v -86.68910 -4.00000 -2.75000
v -86.68910 -4.00000 -3.85000
v -85.73650 -4.00000 -4.40000
v -84.78390 -4.00000 -3.85000
v -84.78390 -4.00000 -2.75000
v -85.73650 14.00000 -2.20000
v -86.68910 14.00000 -2.75000
v -86.68910 14.00000 -3.85000
v -85.73650 14.00000 -4.40000
v -84.78390 14.00000 -3.85000
v -84.78390 14.00000 -2.75000
v -83.83130 -4.00000 -2.20000
v -84.78390 -4.00000 -2.75000
v -84.78390 -4.00000 -3.85000
v -83.83130 -4.00000 -4.40000
v -82.87860 -4.00000 -3.85000
v -82.87860 -4.00000 -2.75000
v -83.83130 14.00000 -2.20000
v -84.78390 14.00000 -2.75000
v -84.78390 14.00000 -3.85000
v -83.83130 14.00000 -4.40000
v -82.87860 14.00000 -3.85000
v -82.87860 14.00000 -2.75000
v -81.92600 -4.00000 -2.20000
v -82.87860 -4.00000 -2.75000
v -82.87860 -4.00000 -3.85000
v -81.92600 -4.00000 -4.40000
v -80.97340 -4.00000 -3.85000
v -80.97340 -4.00000 -2.75000
v -81.92600 14.00000 -2.20000
v -82.87860 14.00000 -2.75000
v -82.87860 14.00000 -3.85000
v -81.92600 14.00000 -4.40000
v -80.97340 14.00000 -3.85000
v -80.97340 14.00000 -2.75000
v -80.02070 -4.00000 -2.20000
v -80.97340 -4.00000 -2.75000
v -80.97340 -4.00000 -3.85000
v -80.02070 -4.00000 -4.40000
v -79.06810 -4.00000 -3.85000
v -79.06810 -4.00000 -2.75000
v -80.02070 14.00000 -2.20000
v -80.97340 14.00000 -2.75000
v -80.97340 14.00000 -3.85000
v -80.02070 14.00000 -4.40000
v -79.06810 14.00000 -3.85000
v -79.06810 14.00000 -2.75000
v -86.68910 -4.00000 -0.55000
v -87.64180 -4.00000 -1.10000
v -87.64180 -4.00000 -2.20000
v -86.68910 -4.00000 -2.75000
v -85.73650 -4.00000 -2.20000
v -85.73650 -4.00000 -1.10000
v -86.68910 14.00000 -0.55000
v -87.64180 14.00000 -1.10000
v -87.64180 14.00000 -2.20000
v -86.68910 14.00000 -2.75000
v -85.73650 14.00000 -2.20000
v -85.73650 14.00000 -1.10000
v -84.78390 -4.00000 -0.55000
v -85.73650 -4.00000 -1.10000
v -85.73650 -4.00000 -2.20000
v -84.78390 -4.00000 -2.75000
v -83.83130 -4.00000 -2.20000
v -83.83130 -4.00000 -1.10000
v -84.78390 14.00000 -0.55000
v -85.73650 14.00000 -1.10000
v -85.73650 14.00000 -2.20000
v -84.78390 14.00000 -2.75000
v -83.83130 14.00000 -2.20000
v -83.83130 14.00000 -1.10000
v -82.87860 -4.00000 -0.55000
v -83.83130 -4.00000 -1.10000
v -83.83130 -4.00000 -2.20000
v -82.87860 -4.00000 -2.75000
v -81.92600 -4.00000 -2.20000
v -81.92600 -4.00000 -1.10000
v -82.87860 14.00000 -0.55000
v -83.83130 14.00000 -1.10000
v -83.83130 14.00000 -2.20000
v -82.87860 14.00000 -2.75000
v -81.92600 14.00000 -2.20000
v -81.92600 14.00000 -1.10000
v -80.97340 -4.00000 -0.55000
v -81.92600 -4.00000 -1.10000
v -81.92600 -4.00000 -2.20000
v -80.97340 -4.00000 -2.75000
v -80.02070 -4.00000 -2.20000
v -80.02070 -4.00000 -1.10000
v -80.97340 14.00000 -0.55000
v -81.92600 14.00000 -1.10000
v -81.92600 14.00000 -2.20000
v -80.97340 14.00000 -2.75000
v -80.02070 14.00000 -2.20000
v -80.02070 14.00000 -1.10000
v -79.06810 -4.00000 -0.55000
v -80.02070 -4.00000 -1.10000
v -80.02070 -4.00000 -2.20000
v -79.06810 -4.00000 -2.75000
v -78.11550 -4.00000 -2.20000
v -78.11550 -4.00000 -1.10000
v -79.06810 14.00000 -0.55000
v -80.02070 14.00000 -1.10000
v -80.02070 14.00000 -2.20000
v -79.06810 14.00000 -2.75000
v -78.11550 14.00000 -2.20000
v -78.11550 14.00000 -1.10000
v -85.73650 -4.00000 1.10000
v -86.68910 -4.00000 0.55000
v -86.68910 -4.00000 -0.55000
v -85.73650 -4.00000 -1.10000
v -84.78390 -4.00000 -0.55000
v -84.78390 -4.00000 0.55000
v -85.73650 14.00000 1.10000
v -86.68910 14.00000 0.55000
v -86.68910 14.00000 -0.55000
v -85.73650 14.00000 -1.10000
v -84.78390 14.00000 -0.55000
v -84.78390 14.00000 0.55000
v -83.83130 -4.00000 1.10000
v -84.78390 -4.00000 0.55000
v -84.78390 -4.00000 -0.55000
v -83.83130 -4.00000 -1.10000
v -82.87860 -4.00000 -0.55000
v -82.87860 -4.00000 0.55000
v -83.83130 14.00000 1.10000
v -84.78390 14.00000 0.55000
v -84.78390 14.00000 -0.55000
v -83.83130 14.00000 -1.10000
v -82.87860 14.00000 -0.55000
v -82.87860 14.00000 0.55000
v -81.92600 -4.00000 1.10000
v -82.87860 -4.00000 0.55000
v -82.87860 -4.00000 -0.55000
v -81.92600 -4.00000 -1.10000
v -80.97340 -4.00000 -0.55000
v -80.97340 -4.00000 0.55000
v -81.92600 14.00000 1.10000
v -82.87860 14.00000 0.55000
v -82.87860 14.00000 -0.55000
v -81.92600 14.00000 -1.10000
v -80.97340 14.00000 -0.55000
v -80.97340 14.00000 0.55000
v -80.02070 -4.00000 1.10000
v -80.97340 -4.00000 0.55000
v -80.97340 -4.00000 -0.55000
v -80.02070 -4.00000 -1.10000
v -79.06810 -4.00000 -0.55000
v -79.06810 -4.00000 0.55000
v -80.02070 14.00000 1.10000
v -80.97340 14.00000 0.55000
v -80.97340 14.00000 -0.55000
v -80.02070 14.00000 -1.10000
v -79.06810 14.00000 -0.55000
v -79.06810 14.00000 0.55000
v -13.33680 -4.00000 -84.70000
v -14.28940 -4.00000 -85.25000
v -14.28940 -4.00000 -86.35000
v -13.33680 -4.00000 -86.90000
v -12.38420 -4.00000 -86.35000
v -12.38420 -4.00000 -85.25000
v -13.33680 14.00000 -84.70000
v -14.28940 14.00000 -85.25000
v -14.28940 14.00000 -86.35000
v -13.33680 14.00000 -86.90000
v -12.38420 14.00000 -86.35000
v -12.38420 14.00000 -85.25000
v -11.43150 -4.00000 -84.70000
v -12.38420 -4.00000 -85.25000
v -12.38420 -4.00000 -86.35000
v -11.43150 -4.00000 -86.90000
v -10.47890 -4.00000 -86.35000
v -10.47890 -4.00000 -85.25000
v -11.43150 14.00000 -84.70000
v -12.38420 14.00000 -85.25000
v -12.38420 14.00000 -86.35000
v -11.43150 14.00000 -86.90000
v -10.47890 14.00000 -86.35000
v -10.47890 14.00000 -85.25000
v -9.52630 -4.00000 -84.70000
v -10.47890 -4.00000 -85.25000
v -10.47890 -4.00000 -86.35000
v -9.52630 -4.00000 -86.90000
v -8.57370 -4.00000 -86.35000
v -8.57370 -4.00000 -85.25000
v -9.52630 14.00000 -84.70000
v -10.47890 14.00000 -85.25000
v -10.47890 14.00000 -86.35000
v -9.52630 14.00000 -86.90000
v -8.57370 14.00000 -86.35000
v -8.57370 14.00000 -85.25000
v -7.62100 -4.00000 -84.70000
v -8.57370 -4.00000 -85.25000
v -8.57370 -4.00000 -86.35000
v -7.62100 -4.00000 -86.90000
v -6.66840 -4.00000 -86.35000
v -6.66840 -4.00000 -85.25000
v -7.62100 14.00000 -84.70000
v -8.57370 14.00000 -85.25000
v -8.57370 14.00000 -86.35000
v -7.62100 14.00000 -86.90000
v -6.66840 14.00000 -86.35000
v -6.66840 14.00000 -85.25000
v -5.71580 -4.00000 -84.70000
v -6.66840 -4.00000 -85.25000
v -6.66840 -4.00000 -86.35000
v -5.71580 -4.00000 -86.90000
v -4.76310 -4.00000 -86.35000
v -4.76310 -4.00000 -85.25000
v -5.71580 14.00000 -84.70000
v -6.66840 14.00000 -85.25000
v -6.66840 14.00000 -86.35000
v -5.71580 14.00000 -86.90000
v -4.76310 14.00000 -86.35000
v -4.76310 14.00000 -85.25000
v -3.81050 -4.00000 -84.70000
v -4.76310 -4.00000 -85.25000
v -4.76310 -4.00000 -86.35000
v -3.81050 -4.00000 -86.90000
v -2.85790 -4.00000 -86.35000
v -2.85790 -4.00000 -85.25000
v -3.81050 14.00000 -84.70000
v -4.76310 14.00000 -85.25000
v -4.76310 14.00000 -86.35000
v -3.81050 14.00000 -86.90000
v -2.85790 14.00000 -86.35000
v -2.85790 14.00000 -85.25000
v -1.90530 -4.00000 -84.70000
v -2.85790 -4.00000 -85.25000
v -2.85790 -4.00000 -86.35000
v -1.90530 -4.00000 -86.90000
v -0.95260 -4.00000 -86.35000
v -0.95260 -4.00000 -85.25000
v -1.90530 13.67960 -84.70000
v -2.85790 13.67960 -85.25000
v -2.85790 13.67960 -86.35000
v -1.90530 13.67960 -86.90000
v -0.95260 13.67960 -86.35000
v -0.95260 13.67960 -85.25000
v -21.91040 -4.00000 -83.05000
v -22.86310 -4.00000 -83.60000
v -22.86310 -4.00000 -84.70000
v -21.91040 -4.00000 -85.25000
v -20.95780 -4.00000 -84.70000
v -20.95780 -4.00000 -83.60000
v -21.91040 14.00000 -83.05000
v -22.86310 14.00000 -83.60000
v -22.86310 14.00000 -84.70000
v -21.91040 14.00000 -85.25000
v -20.95780 14.00000 -84.70000
v -20.95780 14.00000 -83.60000
v -20.00520 -4.00000 -83.05000
v -20.95780 -4.00000 -83.60000
v -20.95780 -4.00000 -84.70000
v -20.00520 -4.00000 -85.25000
v -19.05260 -4.00000 -84.70000
v -19.05260 -4.00000 -83.60000
v -20.00520 14.00000 -83.05000
v -20.95780 14.00000 -83.60000
v -20.95780 14.00000 -84.70000
v -20.00520 14.00000 -85.25000
v -19.05260 14.00000 -84.70000
v -19.05260 14.00000 -83.60000
v -18.09990 -4.00000 -83.05000
v -19.05260 -4.00000 -83.60000
v -19.05260 -4.00000 -84.70000
v -18.09990 -4.00000 -85.25000
v -17.14730 -4.00000 -84.70000
v -17.14730 -4.00000 -83.60000
v -18.09990 14.00000 -83.05000
v -19.05260 14.00000 -83.60000
v -19.05260 14.00000 -84.70000
v -18.09990 14.00000 -85.25000
v -17.14730 14.00000 -84.70000
v -17.14730 14.00000 -83.60000
v -16.19470 -4.00000 -83.05000
v -17.14730 -4.00000 -83.60000
v -17.14730 -4.00000 -84.70000
v -16.19470 -4.00000 -85.25000
v -15.24200 -4.00000 -84.70000
v -15.24200 -4.00000 -83.60000
v -16.19470 14.00000 -83.05000
v -17.14730 14.00000 -83.60000
v -17.14730 14.00000 -84.70000
v -16.19470 14.00000 -85.25000
v -15.24200 14.00000 -84.70000
v -15.24200 14.00000 -83.60000
v -14.28940 -4.00000 -83.05000
v -15.24200 -4.00000 -83.60000
v -15.24200 -4.00000 -84.70000
v -14.28940 -4.00000 -85.25000
v -13.33680 -4.00000 -84.70000
v -13.33680 -4.00000 -83.60000
v -14.28940 14.00000 -83.05000
v -15.24200 14.00000 -83.60000
v -15.24200 14.00000 -84.70000
v -14.28940 14.00000 -85.25000
v -13.33680 14.00000 -84.70000
v -13.33680 14.00000 -83.60000
v -12.38420 -4.00000 -83.05000
v -13.33680 -4.00000 -83.60000
v -13.33680 -4.00000 -84.70000
v -12.38420 -4.00000 -85.25000
v -11.43150 -4.00000 -84.70000
v -11.43150 -4.00000 -83.60000
v -12.38420 14.00000 -83.05000
v -13.33680 14.00000 -83.60000
v -13.33680 14.00000 -84.70000
v -12.38420 14.00000 -85.25000
v -11.43150 14.00000 -84.70000
v -11.43150 14.00000 -83.60000
v -10.47890 -4.00000 -83.05000
v -11.43150 -4.00000 -83.60000
v -11.43150 -4.00000 -84.70000
v -10.47890 -4.00000 -85.25000
v -9.52630 -4.00000 -84.70000
v -9.52630 -4.00000 -83.60000
v -10.47890 14.00000 -83.05000
v -11.43150 14.00000 -83.60000
v -11.43150 14.00000 -84.70000
v -10.47890 14.00000 -85.25000
v -9.52630 14.00000 -84.70000
v -9.52630 14.00000 -83.60000
v -8.57370 -4.00000 -83.05000
v -9.52630 -4.00000 -83.60000
v -9.52630 -4.00000 -84.70000
v -8.57370 -4.00000 -85.25000
v -7.62100 -4.00000 -84.70000
v -7.62100 -4.00000 -83.60000
v -8.57370 14.00000 -83.05000
v -9.52630 14.00000 -83.60000
v -9.52630 14.00000 -84.70000
v -8.57370 14.00000 -85.25000
v -7.62100 14.00000 -84.70000
v -7.62100 14.00000 -83.60000
v -6.66840 -4.00000 -83.05000
v -7.62100 -4.00000 -83.60000
v -7.62100 -4.00000 -84.70000
v -6.66840 -4.00000 -85.25000
v -5.71580 -4.00000 -84.70000
v -5.71580 -4.00000 -83.60000
v -6.66840 14.00000 -83.05000
v -7.62100 14.00000 -83.60000
v -7.62100 14.00000 -84.70000
v -6.66840 14.00000 -85.25000
v -5.71580 14.00000 -84.70000
v -5.71580 14.00000 -83.60000
v -4.76310 -4.00000 -83.05000
v -5.71580 -4.00000 -83.60000
v -5.71580 -4.00000 -84.70000
v -4.76310 -4.00000 -85.25000
v -3.81050 -4.00000 -84.70000
v -3.81050 -4.00000 -83.60000
v -4.76310 12.54000 -83.05000
v -5.71580 12.54000 -83.60000
v -5.71580 12.54000 -84.70000
v -4.76310 12.54000 -85.25000
v -3.81050 12.54000 -84.70000
v -3.81050 12.54000 -83.60000
v -2.85790 -4.00000 -83.05000
v -3.81050 -4.00000 -83.60000
v -3.81050 -4.00000 -84.70000
v -2.85790 -4.00000 -85.25000
v -1.90530 -4.00000 -84.70000
v -1.90530 -4.00000 -83.60000
v -2.85790 14.00000 -83.05000
v -3.81050 14.00000 -83.60000
v -3.81050 14.00000 -84.70000
v -2.85790 14.00000 -85.25000
v -1.90530 14.00000 -84.70000
v -1.90530 14.00000 -83.60000
v -0.95260 -4.00000 -83.05000
v -1.90530 -4.00000 -83.60000
v -1.90530 -4.00000 -84.70000
v -0.95260 -4.00000 -85.25000
v -0.00000 -4.00000 -84.70000
v 0.00000 -4.00000 -83.60000
v -0.95260 13.60510 -83.05000
v -1.90530 13.60510 -83.60000
v -1.90530 13.60510 -84.70000
v -0.95260 13.60510 -85.25000
v -0.00000 13.60510 -84.70000
v 0.00000 13.60510 -83.60000
v -26.67360 -4.00000 -81.40000
v -27.62620 -4.00000 -81.95000
v -27.62620 -4.00000 -83.05000
v -26.67360 -4.00000 -83.60000
v -25.72100 -4.00000 -83.05000
v -25.72100 -4.00000 -81.95000
v -26.67360 14.00000 -81.40000
v -27.62620 14.00000 -81.95000
v -27.62620 14.00000 -83.05000
v -26.67360 14.00000 -83.60000
v -25.72100 14.00000 -83.05000
v -25.72100 14.00000 -81.95000
v -24.76830 -4.00000 -81.40000
v -25.72100 -4.00000 -81.95000
v -25.72100 -4.00000 -83.05000
v -24.76830 -4.00000 -83.60000
v -23.81570 -4.00000 -83.05000
v -23.81570 -4.00000 -81.95000
v -24.76830 14.00000 -81.40000
v -25.72100 14.00000 -81.95000
v -25.72100 14.00000 -83.05000
v -24.76830 14.00000 -83.60000
v -23.81570 14.00000 -83.05000
v -23.81570 14.00000 -81.95000
v -22.86310 -4.00000 -81.40000
v -23.81570 -4.00000 -81.95000
v -23.81570 -4.00000 -83.05000
v -22.86310 -4.00000 -83.60000
v -21.91040 -4.00000 -83.05000
v -21.91040 -4.00000 -81.95000
v -22.86310 14.00000 -81.40000
v -23.81570 14.00000 -81.95000
v -23.81570 14.00000 -83.05000
v -22.86310 14.00000 -83.60000
v -21.91040 14.00000 -83.05000
v -21.91040 14.00000 -81.95000
v -20.95780 -4.00000 -81.40000
v -21.91040 -4.00000 -81.95000
v -21.91040 -4.00000 -83.05000
v -20.95780 -4.00000 -83.60000
v -20.00520 -4.00000 -83.05000
v -20.00520 -4.00000 -81.95000
v -20.95780 14.00000 -81.40000
v -21.91040 14.00000 -81.95000
v -21.91040 14.00000 -83.05000
v -20.95780 14.00000 -83.60000
v -20.00520 14.00000 -83.05000
v -20.00520 14.00000 -81.95000
v -19.05260 -4.00000 -81.40000
v -20.00520 -4.00000 -81.95000
v -20.00520 -4.00000 -83.05000
v -19.05260 -4.00000 -83.60000
v -18.09990 -4.00000 -83.05000
v -18.09990 -4.00000 -81.95000
v -19.05260 14.00000 -81.40000
v -20.00520 14.00000 -81.95000
v -20.00520 14.00000 -83.05000
v -19.05260 14.00000 -83.60000
v -18.09990 14.00000 -83.05000
v -18.09990 14.00000 -81.95000
v -17.14730 -4.00000 -81.40000
v -18.09990 -4.00000 -81.95000
v -18.09990 -4.00000 -83.05000
v -17.14730 -4.00000 -83.60000
v -16.19470 -4.00000 -83.05000
v -16.19470 -4.00000 -81.95000
v -17.14730 14.00000 -81.40000
v -18.09990 14.00000 -81.95000
v -18.09990 14.00000 -83.05000
v -17.14730 14.00000 -83.60000
v -16.19470 14.00000 -83.05000
v -16.19470 14.00000 -81.95000
v -15.24200 -4.00000 -81.40000
v -16.19470 -4.00000 -81.95000
v -16.19470 -4.00000 -83.05000
v -15.24200 -4.00000 -83.60000
v -14.28940 -4.00000 -83.05000
v -14.28940 -4.00000 -81.95000
v -15.24200 14.00000 -81.40000
v -16.19470 14.00000 -81.95000
v -16.19470 14.00000 -83.05000
v -15.24200 14.00000 -83.60000
v -14.28940 14.00000 -83.05000
v -14.28940 14.00000 -81.95000
v -13.33680 -4.00000 -81.40000
v -14.28940 -4.00000 -81.95000
v -14.28940 -4.00000 -83.05000
v -13.33680 -4.00000 -83.60000
v -12.38420 -4.00000 -83.05000
v -12.38420 -4.00000 -81.95000
v -13.33680 14.00000 -81.40000
v -14.28940 14.00000 -81.95000
v -14.28940 14.00000 -83.05000
v -13.33680 14.00000 -83.60000
v -12.38420 14.00000 -83.05000
v -12.38420 14.00000 -81.95000
v -11.43150 -4.00000 -81.40000
v -12.38420 -4.00000 -81.95000
v -12.38420 -4.00000 -83.05000
v -11.43150 -4.00000 -83.60000
v -10.47890 -4.00000 -83.05000
v -10.47890 -4.00000 -81.95000
v -11.43150 14.00000 -81.40000
v -12.38420 14.00000 -81.95000
v -12.38420 14.00000 -83.05000
v -11.43150 14.00000 -83.60000
v -10.47890 14.00000 -83.05000
v -10.47890 14.00000 -81.95000
v -9.52630 -4.00000 -81.40000
v -10.47890 -4.00000 -81.95000
v -10.47890 -4.00000 -83.05000
v -9.52630 -4.00000 -83.60000
v -8.57370 -4.00000 -83.05000
v -8.57370 -4.00000 -81.95000
v -9.52630 13.89830 -81.40000
v -10.47890 13.89830 -81.95000
v -10.47890 13.89830 -83.05000
v -9.52630 13.89830 -83.60000
v -8.57370 13.89830 -83.05000
v -8.57370 13.89830 -81.95000
v -7.62100 -4.00000 -81.40000
v -8.57370 -4.00000 -81.95000
v -8.57370 -4.00000 -83.05000
v -7.62100 -4.00000 -83.60000
v -6.66840 -4.00000 -83.05000
v -6.66840 -4.00000 -81.95000
v -7.62100 12.56110 -81.40000
v -8.57370 12.56110 -81.95000
v -8.57370 12.56110 -83.05000
v -7.62100 12.56110 -83.60000
v -6.66840 12.56110 -83.05000
v -6.66840 12.56110 -81.95000
v -5.71580 -4.00000 -81.40000
v -6.66840 -4.00000 -81.95000
v -6.66840 -4.00000 -83.05000
v -5.71580 -4.00000 -83.60000
v -4.76310 -4.00000 -83.05000
v -4.76310 -4.00000 -81.95000
v -5.71580 13.18710 -81.40000
v -6.66840 13.18710 -81.95000
v -6.66840 13.18710 -83.05000
v -5.71580 13.18710 -83.60000
v -4.76310 13.18710 -83.05000
v -4.76310 13.18710 -81.95000
v -3.81050 -4.00000 -81.40000
v -4.76310 -4.00000 -81.95000
v -4.76310 -4.00000 -83.05000
v -3.81050 -4.00000 -83.60000
v -2.85790 -4.00000 -83.05000
v -2.85790 -4.00000 -81.95000
v -3.81050 12.79200 -81.40000
v -4.76310 12.79200 -81.95000
v -4.76310 12.79200 -83.05000
v -3.81050 12.79200 -83.60000
v -2.85790 12.79200 -83.05000
v -2.85790 12.79200 -81.95000
v -1.90530 -4.00000 -81.40000
v -2.85790 -4.00000 -81.95000
v -2.85790 -4.00000 -83.05000
v -1.90530 -4.00000 -83.60000
v -0.95260 -4.00000 -83.05000
v -0.95260 -4.00000 -81.95000
v -1.90530 13.32470 -81.40000
v -2.85790 13.32470 -81.95000
v -2.85790 13.32470 -83.05000
v -1.90530 13.32470 -83.60000
v -0.95260 13.32470 -83.05000
v -0.95260 13.32470 -81.95000
v -31.43670 -4.00000 -79.75000
v -32.38940 -4.00000 -80.30000
v -32.38940 -4.00000 -81.40000
v -31.43670 -4.00000 -81.95000
v -30.48410 -4.00000 -81.40000
v -30.48410 -4.00000 -80.30000
v -31.43670 14.00000 -79.75000
v -32.38940 14.00000 -80.30000
v -32.38940 14.00000 -81.40000
v -31.43670 14.00000 -81.95000
v -30.48410 14.00000 -81.40000
v -30.48410 14.00000 -80.30000
v -29.53150 -4.00000 -79.75000
v -30.48410 -4.00000 -80.30000
v -30.48410 -4.00000 -81.40000
v -29.53150 -4.00000 -81.95000
v -28.57880 -4.00000 -81.40000
v -28.57880 -4.00000 -80.30000
v -29.53150 14.00000 -79.75000
v -30.48410 14.00000 -80.30000
v -30.48410 14.00000 -81.40000
v -29.53150 14.00000 -81.95000
v -28.57880 14.00000 -81.40000
v -28.57880 14.00000 -80.30000
v -27.62620 -4.00000 -79.75000
v -28.57880 -4.00000 -80.30000
v -28.57880 -4.00000 -81.40000
v -27.62620 -4.00000 -81.95000
v -26.67360 -4.00000 -81.40000
v -26.67360 -4.00000 -80.30000
v -27.62620 14.00000 -79.75000
v -28.57880 14.00000 -80.30000
v -28.57880 14.00000 -81.40000
v -27.62620 14.00000 -81.95000
v -26.67360 14.00000 -81.40000
v -26.67360 14.00000 -80.30000
v -25.72100 -4.00000 -79.75000
v -26.67360 -4.00000 -80.30000
v -26.67360 -4.00000 -81.40000
v -25.72100 -4.00000 -81.95000
v -24.76830 -4.00000 -81.40000
v -24.76830 -4.00000 -80.30000
v -25.72100 14.00000 -79.75000
v -26.67360 14.00000 -80.30000
v -26.67360 14.00000 -81.40000
v -25.72100 14.00000 -81.95000
v -24.76830 14.00000 -81.40000
v -24.76830 14.00000 -80.30000
v -23.81570 -4.00000 -79.75000
v -24.76830 -4.00000 -80.30000
v -24.76830 -4.00000 -81.40000
v -23.81570 -4.00000 -81.95000
v -22.86310 -4.00000 -81.40000
v -22.86310 -4.00000 -80.30000
v -23.81570 14.00000 -79.75000
v -24.76830 14.00000 -80.30000
v -24.76830 14.00000 -81.40000
v -23.81570 14.00000 -81.95000
v -22.86310 14.00000 -81.40000
v -22.86310 14.00000 -80.30000
v -21.91040 -4.00000 -79.75000
v -22.86310 -4.00000 -80.30000
v -22.86310 -4.00000 -81.40000
v -21.91040 -4.00000 -81.95000
v -20.95780 -4.00000 -81.40000
v -20.95780 -4.00000 -80.30000
v -21.91040 14.00000 -79.75000
v -22.86310 14.00000 -80.30000
v -22.86310 14.00000 -81.40000
v -21.91040 14.00000 -81.95000
v -20.95780 14.00000 -81.40000
v -20.95780 14.00000 -80.30000
v -20.00520 -4.00000 -79.75000
v -20.95780 -4.00000 -80.30000
v -20.95780 -4.00000 -81.40000
v -20.00520 -4.00000 -81.95000
v -19.05260 -4.00000 -81.40000
v -19.05260 -4.00000 -80.30000
v -20.00520 14.00000 -79.75000
v -20.95780 14.00000 -80.30000
v -20.95780 14.00000 -81.40000
v -20.00520 14.00000 -81.95000
v -19.05260 14.00000 -81.40000
v -19.05260 14.00000 -80.30000
v -18.09990 -4.00000 -79.75000
v -19.05260 -4.00000 -80.30000
v -19.05260 -4.00000 -81.40000
v -18.09990 -4.00000 -81.95000
v -17.14730 -4.00000 -81.40000
v -17.14730 -4.00000 -80.30000
v -18.09990 14.00000 -79.75000
v -19.05260 14.00000 -80.30000
v -19.05260 14.00000 -81.40000
v -18.09990 14.00000 -81.95000
v -17.14730 14.00000 -81.40000
v -17.14730 14.00000 -80.30000
v -16.19470 -4.00000 -79.75000
v -17.14730 -4.00000 -80.30000
v -17.14730 -4.00000 -81.40000
v -16.19470 -4.00000 -81.95000
v -15.24200 -4.00000 -81.40000
v -15.24200 -4.00000 -80.30000
v -16.19470 14.00000 -79.75000
v -17.14730 14.00000 -80.30000
v -17.14730 14.00000 -81.40000
v -16.19470 14.00000 -81.95000
v -15.24200 14.00000 -81.40000
v -15.24200 14.00000 -80.30000
v -14.28940 -4.00000 -79.75000
v -15.24200 -4.00000 -80.30000
v -15.24200 -4.00000 -81.40000
v -14.28940 -4.00000 -81.95000
v -13.33680 -4.00000 -81.40000
v -13.33680 -4.00000 -80.30000
v -14.28940 12.34980 -79.75000
v -15.24200 12.34980 -80.30000
v -15.24200 12.34980 -81.40000
v -14.28940 12.34980 -81.95000
v -13.33680 12.34980 -81.40000
v -13.33680 12.34980 -80.30000
v -12.38420 -4.00000 -79.75000
v -13.33680 -4.00000 -80.30000
v -13.33680 -4.00000 -81.40000
v -12.38420 -4.00000 -81.95000
v -11.43150 -4.00000 -81.40000
v -11.43150 -4.00000 -80.30000
v -12.38420 14.00000 -79.75000
v -13.33680 14.00000 -80.30000
v -13.33680 14.00000 -81.40000
v -12.38420 14.00000 -81.95000
v -11.43150 14.00000 -81.40000
v -11.43150 14.00000 -80.30000
v -10.47890 -4.00000 -79.75000
v -11.43150 -4.00000 -80.30000
v -11.43150 -4.00000 -81.40000
v -10.47890 -4.00000 -81.95000
v -9.52630 -4.00000 -81.40000
v -9.52630 -4.00000 -80.30000
v -10.47890 13.63100 -79.75000
v -11.43150 13.63100 -80.30000
v -11.43150 13.63100 -81.40000
v -10.47890 13.63100 -81.95000
v -9.52630 13.63100 -81.40000
v -9.52630 13.63100 -80.30000
v -8.57370 -4.00000 -79.75000
v -9.52630 -4.00000 -80.30000
v -9.52630 -4.00000 -81.40000
v -8.57370 -4.00000 -81.95000
v -7.62100 -4.00000 -81.40000
v -7.62100 -4.00000 -80.30000
v -8.57370 13.24750 -79.75000
v -9.52630 13.24750 -80.30000
v -9.52630 13.24750 -81.40000
v -8.57370 13.24750 -81.95000
v -7.62100 13.24750 -81.40000
v -7.62100 13.24750 -80.30000
v -6.66840 -4.00000 -79.75000
v -7.62100 -4.00000 -80.30000
v -7.62100 -4.00000 -81.40000
v -6.66840 -4.00000 -81.95000
v -5.71580 -4.00000 -81.40000
v -5.71580 -4.00000 -80.30000
v -6.66840 11.19240 -79.75000
v -7.62100 11.19240 -80.30000
v -7.62100 11.19240 -81.40000
v -6.66840 11.19240 -81.95000
v -5.71580 11.19240 -81.40000
v -5.71580 11.19240 -80.30000
v -4.76310 -4.00000 -79.75000
v -5.71580 -4.00000 -80.30000
v -5.71580 -4.00000 -81.40000
v -4.76310 -4.00000 -81.95000
v -3.81050 -4.00000 -81.40000
v -3.81050 -4.00000 -80.30000
v -4.76310 11.93830 -79.75000
v -5.71580 11.93830 -80.30000
v -5.71580 11.93830 -81.40000
v -4.76310 11.93830 -81.95000
v -3.81050 11.93830 -81.40000
v -3.81050 11.93830 -80.30000
v -2.85790 -4.00000 -79.75000
v -3.81050 -4.00000 -80.30000
v -3.81050 -4.00000 -81.40000
v -2.85790 -4.00000 -81.95000
v -1.90530 -4.00000 -81.40000
v -1.90530 -4.00000 -80.30000
v -2.85790 14.00000 -79.75000
v -3.81050 14.00000 -80.30000
v -3.81050 14.00000 -81.40000
v -2.85790 14.00000 -81.95000
v -1.90530 14.00000 -81.40000
v -1.90530 14.00000 -80.30000
v -0.95260 -4.00000 -79.75000
v -1.90530 -4.00000 -80.30000
v -1.90530 -4.00000 -81.40000
v -0.95260 -4.00000 -81.95000
v -0.00000 -4.00000 -81.40000
v 0.00000 -4.00000 -80.30000
v -0.95260 12.06080 -79.75000
v -1.90530 12.06080 -80.30000
v -1.90530 12.06080 -81.40000
v -0.95260 12.06080 -81.95000
v -0.00000 12.06080 -81.40000
v 0.00000 12.06080 -80.30000
v -34.29460 -4.00000 -78.10000
v -35.24720 -4.00000 -78.65000
v -35.24720 -4.00000 -79.75000
v -34.29460 -4.00000 -80.30000
v -33.34200 -4.00000 -79.75000
v -33.34200 -4.00000 -78.65000
v -34.29460 14.00000 -78.10000
v -35.24720 14.00000 -78.65000
v -35.24720 14.00000 -79.75000
v -34.29460 14.00000 -80.30000
v -33.34200 14.00000 -79.75000
v -33.34200 14.00000 -78.65000
v -32.38940 -4.00000 -78.10000
v -33.34200 -4.00000 -78.65000
v -33.34200 -4.00000 -79.75000
v -32.38940 -4.00000 -80.30000
v -31.43670 -4.00000 -79.75000
v -31.43670 -4.00000 -78.65000
v -32.38940 14.00000 -78.10000
v -33.34200 14.00000 -78.65000
v -33.34200 14.00000 -79.75000
v -32.38940 14.00000 -80.30000
v -31.43670 14.00000 -79.75000
v -31.43670 14.00000 -78.65000
v -30.48410 -4.00000 -78.10000
v -31.43670 -4.00000 -78.65000
v -31.43670 -4.00000 -79.75000
v -30.48410 -4.00000 -80.30000
v -29.53150 -4.00000 -79.75000
v -29.53150 -4.00000 -78.65000
v -30.48410 14.00000 -78.10000
v -31.43670 14.00000 -78.65000
v -31.43670 14.00000 -79.75000
v -30.48410 14.00000 -80.30000
v -29.53150 14.00000 -79.75000
v -29.53150 14.00000 -78.65000
v -28.57880 -4.00000 -78.10000
v -29.53150 -4.00000 -78.65000
v -29.53150 -4.00000 -79.75000
v -28.57880 -4.00000 -80.30000
v -27.62620 -4.00000 -79.75000
v -27.62620 -4.00000 -78.65000
v -28.57880 14.00000 -78.10000
v -29.53150 14.00000 -78.65000
v -29.53150 14.00000 -79.75000
v -28.57880 14.00000 -80.30000
v -27.62620 14.00000 -79.75000
v -27.62620 14.00000 -78.65000
v -26.67360 -4.00000 -78.10000
v -27.62620 -4.00000 -78.65000
v -27.62620 -4.00000 -79.75000
v -26.67360 -4.00000 -80.30000
v -25.72100 -4.00000 -79.75000
v -25.72100 -4.00000 -78.65000
v -26.67360 14.00000 -78.10000
v -27.62620 14.00000 -78.65000
v -27.62620 14.00000 -79.75000
v -26.67360 14.00000 -80.30000
v -25.72100 14.00000 -79.75000
v -25.72100 14.00000 -78.65000
v -24.76830 -4.00000 -78.10000
v -25.72100 -4.00000 -78.65000
v -25.72100 -4.00000 -79.75000
v -24.76830 -4.00000 -80.30000
v -23.81570 -4.00000 -79.75000
v -23.81570 -4.00000 -78.65000
v -24.76830 14.00000 -78.10000
v -25.72100 14.00000 -78.65000
v -25.72100 14.00000 -79.75000
v -24.76830 14.00000 -80.30000
v -23.81570 14.00000 -79.75000
v -23.81570 14.00000 -78.65000
v -22.86310 -4.00000 -78.10000
v -23.81570 -4.00000 -78.65000
v -23.81570 -4.00000 -79.75000
v -22.86310 -4.00000 -80.30000
v -21.91040 -4.00000 -79.75000
v -21.91040 -4.00000 -78.65000
v -22.86310 14.00000 -78.10000
v -23.81570 14.00000 -78.65000
v -23.81570 14.00000 -79.75000
v -22.86310 14.00000 -80.30000
v -21.91040 14.00000 -79.75000
v -21.91040 14.00000 -78.65000
v -20.95780 -4.00000 -78.10000
v -21.91040 -4.00000 -78.65000
v -21.91040 -4.00000 -79.75000
v -20.95780 -4.00000 -80.30000
v -20.00520 -4.00000 -79.75000
v -20.00520 -4.00000 -78.65000
v -20.95780 13.53950 -78.10000
v -21.91040 13.53950 -78.65000
v -21.91040 13.53950 -79.75000
v -20.95780 13.53950 -80.30000
v -20.00520 13.53950 -79.75000
v -20.00520 13.53950 -78.65000
v -19.05260 -4.00000 -78.10000
v -20.00520 -4.00000 -78.65000
v -20.00520 -4.00000 -79.75000
v -19.05260 -4.00000 -80.30000
v -18.09990 -4.00000 -79.75000
v -18.09990 -4.00000 -78.65000
v -19.05260 14.00000 -78.10000
v -20.00520 14.00000 -78.65000
v -20.00520 14.00000 -79.75000
v -19.05260 14.00000 -80.30000
v -18.09990 14.00000 -79.75000
v -18.09990 14.00000 -78.65000
v -17.14730 -4.00000 -78.10000
v -18.09990 -4.00000 -78.65000
v -18.09990 -4.00000 -79.75000
v -17.14730 -4.00000 -80.30000
v -16.19470 -4.00000 -79.75000
v -16.19470 -4.00000 -78.65000
v -17.14730 14.00000 -78.10000
v -18.09990 14.00000 -78.65000
v -18.09990 14.00000 -79.75000
v -17.14730 14.00000 -80.30000
v -16.19470 14.00000 -79.75000
v -16.19470 14.00000 -78.65000
v -15.24200 -4.00000 -78.10000
v -16.19470 -4.00000 -78.65000
v -16.19470 -4.00000 -79.75000
v -15.24200 -4.00000 -80.30000
v -14.28940 -4.00000 -79.75000
v -14.28940 -4.00000 -78.65000
v -15.24200 14.00000 -78.10000
v -16.19470 14.00000 -78.65000
v -16.19470 14.00000 -79.75000
v -15.24200 14.00000 -80.30000
v -14.28940 14.00000 -79.75000
v -14.28940 14.00000 -78.65000
v -13.33680 -4.00000 -78.10000
v -14.28940 -4.00000 -78.65000
v -14.28940 -4.00000 -79.75000
v -13.33680 -4.00000 -80.30000
v -12.38420 -4.00000 -79.75000
v -12.38420 -4.00000 -78.65000
v -13.33680 13.64250 -78.10000
v -14.28940 13.64250 -78.65000
v -14.28940 13.64250 -79.75000
v -13.33680 13.64250 -80.30000
v -12.38420 13.64250 -79.75000
v -12.38420 13.64250 -78.65000
v -11.43150 -4.00000 -78.10000
v -12.38420 -4.00000 -78.65000
v -12.38420 -4.00000 -79.75000
v -11.43150 -4.00000 -80.30000
v -10.47890 -4.00000 -79.75000
v -10.47890 -4.00000 -78.65000
v -11.43150 11.48280 -78.10000
v -12.38420 11.48280 -78.65000
v -12.38420 11.48280 -79.75000
v -11.43150 11.48280 -80.30000
v -10.47890 11.48280 -79.75000
v -10.47890 11.48280 -78.65000
v -9.52630 -4.00000 -78.10000
v -10.47890 -4.00000 -78.65000
v -10.47890 -4.00000 -79.75000
v -9.52630 -4.00000 -80.30000
v -8.57370 -4.00000 -79.75000
v -8.57370 -4.00000 -78.65000
v -9.52630 13.08700 -78.10000
v -10.47890 13.08700 -78.65000
v -10.47890 13.08700 -79.75000
v -9.52630 13.08700 -80.30000
v -8.57370 13.08700 -79.75000
v -8.57370 13.08700 -78.65000
v -7.62100 -4.00000 -78.10000
v -8.57370 -4.00000 -78.65000
v -8.57370 -4.00000 -79.75000
v -7.62100 -4.00000 -80.30000
v -6.66840 -4.00000 -79.75000
v -6.66840 -4.00000 -78.65000
v -7.62100 9.83620 -78.10000
v -8.57370 9.83620 -78.65000
v -8.57370 9.83620 -79.75000
v -7.62100 9.83620 -80.30000
v -6.66840 9.83620 -79.75000
v -6.66840 9.83620 -78.65000
v -5.71580 -4.00000 -78.10000
v -6.66840 -4.00000 -78.65000
v -6.66840 -4.00000 -79.75000
v -5.71580 -4.00000 -80.30000
v -4.76310 -4.00000 -79.75000
v -4.76310 -4.00000 -78.65000
v -5.71580 10.04480 -78.10000
v -6.66840 10.04480 -78.65000
v -6.66840 10.04480 -79.75000
v -5.71580 10.04480 -80.30000
v -4.76310 10.04480 -79.75000
v -4.76310 10.04480 -78.65000
v -3.81050 -4.00000 -78.10000
v -4.76310 -4.00000 -78.65000
v -4.76310 -4.00000 -79.75000
v -3.81050 -4.00000 -80.30000
v -2.85790 -4.00000 -79.75000
v -2.85790 -4.00000 -78.65000
v -3.81050 11.13780 -78.10000
v -4.76310 11.13780 -78.65000
v -4.76310 11.13780 -79.75000
v -3.81050 11.13780 -80.30000
v -2.85790 11.13780 -79.75000
v -2.85790 11.13780 -78.65000
v -1.90530 -4.00000 -78.10000
v -2.85790 -4.00000 -78.65000
v -2.85790 -4.00000 -79.75000
v -1.90530 -4.00000 -80.30000
v -0.95260 -4.00000 -79.75000
v -0.95260 -4.00000 -78.65000
v -1.90530 11.33290 -78.10000
v -2.85790 11.33290 -78.65000
v -2.85790 11.33290 -79.75000
v -1.90530 11.33290 -80.30000
v -0.95260 11.33290 -79.75000
v -0.95260 11.33290 -78.65000
v -39.05770 -4.00000 -76.45000
v -40.01040 -4.00000 -77.00000
v -40.01040 -4.00000 -78.10000
v -39.05770 -4.00000 -78.65000
v -38.10510 -4.00000 -78.10000
v -38.10510 -4.00000 -77.00000
v -39.05770 14.00000 -76.45000
v -40.01040 14.00000 -77.00000
v -40.01040 14.00000 -78.10000
v -39.05770 14.00000 -78.65000
v -38.10510 14.00000 -78.10000
v -38.10510 14.00000 -77.00000
v -37.15250 -4.00000 -76.45000
v -38.10510 -4.00000 -77.00000
v -38.10510 -4.00000 -78.10000
v -37.15250 -4.00000 -78.65000
v -36.19990 -4.00000 -78.10000
v -36.19990 -4.00000 -77.00000
v -37.15250 14.00000 -76.45000
v -38.10510 14.00000 -77.00000
v -38.10510 14.00000 -78.10000
v -37.15250 14.00000 -78.65000
v -36.19990 14.00000 -78.10000
v -36.19990 14.00000 -77.00000
v -35.24720 -4.00000 -76.45000
v -36.19990 -4.00000 -77.00000
v -36.19990 -4.00000 -78.10000
v -35.24720 -4.00000 -78.65000
v -34.29460 -4.00000 -78.10000
v -34.29460 -4.00000 -77.00000
v -35.24720 14.00000 -76.45000
v -36.19990 14.00000 -77.00000
v -36.19990 14.00000 -78.10000
v -35.24720 14.00000 -78.65000
v -34.29460 14.00000 -78.10000
v -34.29460 14.00000 -77.00000
v -33.34200 -4.00000 -76.45000
v -34.29460 -4.00000 -77.00000
v -34.29460 -4.00000 -78.10000
v -33.34200 -4.00000 -78.65000
v -32.38940 -4.00000 -78.10000
v -32.38940 -4.00000 -77.00000
v -33.34200 14.00000 -76.45000
v -34.29460 14.00000 -77.00000
v -34.29460 14.00000 -78.10000
v -33.34200 14.00000 -78.65000
v -32.38940 14.00000 -78.10000
v -32.38940 14.00000 -77.00000
v -31.43670 -4.00000 -76.45000
v -32.38940 -4.00000 -77.00000
v -32.38940 -4.00000 -78.10000
v -31.43670 -4.00000 -78.65000
v -30.48410 -4.00000 -78.10000
v -30.48410 -4.00000 -77.00000
v -31.43670 14.00000 -76.45000
v -32.38940 14.00000 -77.00000
v -32.38940 14.00000 -78.10000
v -31.43670 14.00000 -78.65000
v -30.48410 14.00000 -78.10000
v -30.48410 14.00000 -77.00000
v -29.53150 -4.00000 -76.45000
v -30.48410 -4.00000 -77.00000
v -30.48410 -4.00000 -78.10000
v -29.53150 -4.00000 -78.65000
v -28.57880 -4.00000 -78.10000
v -28.57880 -4.00000 -77.00000
v -29.53150 14.00000 -76.45000
v -30.48410 14.00000 -77.00000
v -30.48410 14.00000 -78.10000
v -29.53150 14.00000 -78.65000
v -28.57880 14.00000 -78.10000
v -28.57880 14.00000 -77.00000
v -27.62620 -4.00000 -76.45000
v -28.57880 -4.00000 -77.00000
v -28.57880 -4.00000 -78.10000
v -27.62620 -4.00000 -78.65000
v -26.67360 -4.00000 -78.10000
v -26.67360 -4.00000 -77.00000
v -27.62620 14.00000 -76.45000
v -28.57880 14.00000 -77.00000
v -28.57880 14.00000 -78.10000
v -27.62620 14.00000 -78.65000
v -26.67360 14.00000 -78.10000
v -26.67360 14.00000 -77.00000
v -25.72100 -4.00000 -76.45000
v -26.67360 -4.00000 -77.00000
v -26.67360 -4.00000 -78.10000
v -25.72100 -4.00000 -78.65000
v -24.76830 -4.00000 -78.10000
v -24.76830 -4.00000 -77.00000
v -25.72100 14.00000 -76.45000
v -26.67360 14.00000 -77.00000
v -26.67360 14.00000 -78.10000
v -25.72100 14.00000 -78.65000
v -24.76830 14.00000 -78.10000
v -24.76830 14.00000 -77.00000
v -23.81570 -4.00000 -76.45000
v -24.76830 -4.00000 -77.00000
v -24.76830 -4.00000 -78.10000
v -23.81570 -4.00000 -78.65000
v -22.86310 -4.00000 -78.10000
v -22.86310 -4.00000 -77.00000
v -23.81570 14.00000 -76.45000
v -24.76830 14.00000 -77.00000
v -24.76830 14.00000 -78.10000
v -23.81570 14.00000 -78.65000
v -22.86310 14.00000 -78.10000
v -22.86310 14.00000 -77.00000
v -21.91040 -4.00000 -76.45000
v -22.86310 -4.00000 -77.00000
v -22.86310 -4.00000 -78.10000
v -21.91040 -4.00000 -78.65000
v -20.95780 -4.00000 -78.10000
v -20.95780 -4.00000 -77.00000
v -21.91040 14.00000 -76.45000
v -22.86310 14.00000 -77.00000
v -22.86310 14.00000 -78.10000
v -21.91040 14.00000 -78.65000
v -20.95780 14.00000 -78.10000
v -20.95780 14.00000 -77.00000
v -20.00520 -4.00000 -76.45000
v -20.95780 -4.00000 -77.00000
v -20.95780 -4.00000 -78.10000
v -20.00520 -4.00000 -78.65000
v -19.05260 -4.00000 -78.10000
v -19.05260 -4.00000 -77.00000
v -20.00520 14.00000 -76.45000
v -20.95780 14.00000 -77.00000
v -20.95780 14.00000 -78.10000
v -20.00520 14.00000 -78.65000
v -19.05260 14.00000 -78.10000
v -19.05260 14.00000 -77.00000
v -18.09990 -4.00000 -76.45000
v -19.05260 -4.00000 -77.00000
v -19.05260 -4.00000 -78.10000
v -18.09990 -4.00000 -78.65000
v -17.14730 -4.00000 -78.10000
v -17.14730 -4.00000 -77.00000
v -18.09990 13.92330 -76.45000
v -19.05260 13.92330 -77.00000
v -19.05260 13.92330 -78.10000
v -18.09990 13.92330 -78.65000
v -17.14730 13.92330 -78.10000
v -17.14730 13.92330 -77.00000
v -16.19470 -4.00000 -76.45000
v -17.14730 -4.00000 -77.00000
v -17.14730 -4.00000 -78.10000
v -16.19470 -4.00000 -78.65000
v -15.24200 -4.00000 -78.10000
v -15.24200 -4.00000 -77.00000
v -16.19470 11.13530 -76.45000
v -17.14730 11.13530 -77.00000
v -17.14730 11.13530 -78.10000
v -16.19470 11.13530 -78.65000
v -15.24200 11.13530 -78.10000
v -15.24200 11.13530 -77.00000
v -41.91560 -4.00000 -74.80000
v -42.86830 -4.00000 -75.35000
v -42.86830 -4.00000 -76.45000
v -41.91560 -4.00000 -77.00000
v -40.96300 -4.00000 -76.45000
v -40.96300 -4.00000 -75.35000
v -41.91560 14.00000 -74.80000
v -42.86830 14.00000 -75.35000
v -42.86830 14.00000 -76.45000
v -41.91560 14.00000 -77.00000
v -40.96300 14.00000 -76.45000
v -40.96300 14.00000 -75.35000
v -40.01040 -4.00000 -74.80000
v -40.96300 -4.00000 -75.35000
v -40.96300 -4.00000 -76.45000
v -40.01040 -4.00000 -77.00000
v -39.05770 -4.00000 -76.45000
v -39.05770 -4.00000 -75.35000
v -40.01040 14.00000 -74.80000
v -40.96300 14.00000 -75.35000
v -40.96300 14.00000 -76.45000
v -40.01040 14.00000 -77.00000
v -39.05770 14.00000 -76.45000
v -39.05770 14.00000 -75.35000
v -38.10510 -4.00000 -74.80000
v -39.05770 -4.00000 -75.35000
v -39.05770 -4.00000 -76.45000
v -38.10510 -4.00000 -77.00000
v -37.15250 -4.00000 -76.45000
v -37.15250 -4.00000 -75.35000
v -38.10510 14.00000 -74.80000
v -39.05770 14.00000 -75.35000
v -39.05770 14.00000 -76.45000
v -38.10510 14.00000 -77.00000
v -37.15250 14.00000 -76.45000
v -37.15250 14.00000 -75.35000
v -36.19990 -4.00000 -74.80000
v -37.15250 -4.00000 -75.35000
v -37.15250 -4.00000 -76.45000
v -36.19990 -4.00000 -77.00000
v -35.24720 -4.00000 -76.45000
v -35.24720 -4.00000 -75.35000
v -36.19990 14.00000 -74.80000
v -37.15250 14.00000 -75.35000
v -37.15250 14.00000 -76.45000
v -36.19990 14.00000 -77.00000
v -35.24720 14.00000 -76.45000
v -35.24720 14.00000 -75.35000
v -34.29460 -4.00000 -74.80000
v -35.24720 -4.00000 -75.35000
v -35.24720 -4.00000 -76.45000
v -34.29460 -4.00000 -77.00000
v -33.34200 -4.00000 -76.45000
v -33.34200 -4.00000 -75.35000
v -34.29460 14.00000 -74.80000
v -35.24720 14.00000 -75.35000
v -35.24720 14.00000 -76.45000
v -34.29460 14.00000 -77.00000
v -33.34200 14.00000 -76.45000
v -33.34200 14.00000 -75.35000
v -32.38940 -4.00000 -74.80000
v -33.34200 -4.00000 -75.35000
v -33.34200 -4.00000 -76.45000
v -32.38940 -4.00000 -77.00000
v -31.43670 -4.00000 -76.45000
v -31.43670 -4.00000 -75.35000
v -32.38940 14.00000 -74.80000
v -33.34200 14.00000 -75.35000
v -33.34200 14.00000 -76.45000
v -32.38940 14.00000 -77.00000
v -31.43670 14.00000 -76.45000
v -31.43670 14.00000 -75.35000
v -30.48410 -4.00000 -74.80000
v -31.43670 -4.00000 -75.35000
v -31.43670 -4.00000 -76.45000
v -30.48410 -4.00000 -77.00000
v -29.53150 -4.00000 -76.45000
v -29.53150 -4.00000 -75.35000
v -30.48410 14.00000 -74.80000
v -31.43670 14.00000 -75.35000
v -31.43670 14.00000 -76.45000
v -30.48410 14.00000 -77.00000
v -29.53150 14.00000 -76.45000
v -29.53150 14.00000 -75.35000
v -28.57880 -4.00000 -74.80000
v -29.53150 -4.00000 -75.35000
v -29.53150 -4.00000 -76.45000
v -28.57880 -4.00000 -77.00000
v -27.62620 -4.00000 -76.45000
v -27.62620 -4.00000 -75.35000
v -28.57880 14.00000 -74.80000
v -29.53150 14.00000 -75.35000
v -29.53150 14.00000 -76.45000
v -28.57880 14.00000 -77.00000
v -27.62620 14.00000 -76.45000
v -27.62620 14.00000 -75.35000
v -26.67360 -4.00000 -74.80000
v -27.62620 -4.00000 -75.35000
v -27.62620 -4.00000 -76.45000
v -26.67360 -4.00000 -77.00000
v -25.72100 -4.00000 -76.45000
v -25.72100 -4.00000 -75.35000
v -26.67360 14.00000 -74.80000
v -27.62620 14.00000 -75.35000
v -27.62620 14.00000 -76.45000
v -26.67360 14.00000 -77.00000
v -25.72100 14.00000 -76.45000
v -25.72100 14.00000 -75.35000
v -24.76830 -4.00000 -74.80000
v -25.72100 -4.00000 -75.35000
v -25.72100 -4.00000 -76.45000
v -24.76830 -4.00000 -77.00000
v -23.81570 -4.00000 -76.45000
v -23.81570 -4.00000 -75.35000
v -24.76830 14.00000 -74.80000
v -25.72100 14.00000 -75.35000
v -25.72100 14.00000 -76.45000
v -24.76830 14.00000 -77.00000
v -23.81570 14.00000 -76.45000
v -23.81570 14.00000 -75.35000
v -22.86310 -4.00000 -74.80000
v -23.81570 -4.00000 -75.35000
v -23.81570 -4.00000 -76.45000
v -22.86310 -4.00000 -77.00000
v -21.91040 -4.00000 -76.45000
v -21.91040 -4.00000 -75.35000
v -22.86310 14.00000 -74.80000
v -23.81570 14.00000 -75.35000
v -23.81570 14.00000 -76.45000
v -22.86310 14.00000 -77.00000
v -21.91040 14.00000 -76.45000
v -21.91040 14.00000 -75.35000
v -44.77350 -4.00000 -73.15000
v -45.72610 -4.00000 -73.70000
v -45.72610 -4.00000 -74.80000
v -44.77350 -4.00000 -75.35000
v -43.82090 -4.00000 -74.80000
v -43.82090 -4.00000 -73.70000
v -44.77350 14.00000 -73.15000
v -45.72610 14.00000 -73.70000
v -45.72610 14.00000 -74.80000
v -44.77350 14.00000 -75.35000
v -43.82090 14.00000 -74.80000
v -43.82090 14.00000 -73.70000
v -42.86830 -4.00000 -73.15000
v -43.82090 -4.00000 -73.70000
v -43.82090 -4.00000 -74.80000
v -42.86830 -4.00000 -75.35000
v -41.91560 -4.00000 -74.80000
v -41.91560 -4.00000 -73.70000
v -42.86830 14.00000 -73.15000
v -43.82090 14.00000 -73.70000
v -43.82090 14.00000 -74.80000
v -42.86830 14.00000 -75.35000
v -41.91560 14.00000 -74.80000
v -41.91560 14.00000 -73.70000
v -40.96300 -4.00000 -73.15000
v -41.91560 -4.00000 -73.70000
v -41.91560 -4.00000 -74.80000
v -40.96300 -4.00000 -75.35000
v -40.01040 -4.00000 -74.80000
v -40.01040 -4.00000 -73.70000
v -40.96300 14.00000 -73.15000
v -41.91560 14.00000 -73.70000
v -41.91560 14.00000 -74.80000
v -40.96300 14.00000 -75.35000
v -40.01040 14.00000 -74.80000
v -40.01040 14.00000 -73.70000
v -39.05770 -4.00000 -73.15000
v -40.01040 -4.00000 -73.70000
v -40.01040 -4.00000 -74.80000
v -39.05770 -4.00000 -75.35000
v -38.10510 -4.00000 -74.80000
v -38.10510 -4.00000 -73.70000
v -39.05770 14.00000 -73.15000
v -40.01040 14.00000 -73.70000
v -40.01040 14.00000 -74.80000
v -39.05770 14.00000 -75.35000
v -38.10510 14.00000 -74.80000
v -38.10510 14.00000 -73.70000
v -37.15250 -4.00000 -73.15000
v -38.10510 -4.00000 -73.70000
v -38.10510 -4.00000 -74.80000
v -37.15250 -4.00000 -75.35000
v -36.19990 -4.00000 -74.80000
v -36.19990 -4.00000 -73.70000
v -37.15250 14.00000 -73.15000
v -38.10510 14.00000 -73.70000
v -38.10510 14.00000 -74.80000
v -37.15250 14.00000 -75.35000
v -36.19990 14.00000 -74.80000
v -36.19990 14.00000 -73.70000
v -35.24720 -4.00000 -73.15000
v -36.19990 -4.00000 -73.70000
v -36.19990 -4.00000 -74.80000
v -35.24720 -4.00000 -75.35000
v -34.29460 -4.00000 -74.80000
v -34.29460 -4.00000 -73.70000
v -35.24720 14.00000 -73.15000
v -36.19990 14.00000 -73.70000
v -36.19990 14.00000 -74.80000
v -35.24720 14.00000 -75.35000
v -34.29460 14.00000 -74.80000
v -34.29460 14.00000 -73.70000
v -33.34200 -4.00000 -73.15000
v -34.29460 -4.00000 -73.70000
v -34.29460 -4.00000 -74.80000
v -33.34200 -4.00000 -75.35000
v -32.38940 -4.00000 -74.80000
v -32.38940 -4.00000 -73.70000
v -33.34200 14.00000 -73.15000
v -34.29460 14.00000 -73.70000
v -34.29460 14.00000 -74.80000
v -33.34200 14.00000 -75.35000
v -32.38940 14.00000 -74.80000
v -32.38940 14.00000 -73.70000
v -31.43670 -4.00000 -73.15000
v -32.38940 -4.00000 -73.70000
v -32.38940 -4.00000 -74.80000
v -31.43670 -4.00000 -75.35000
v -30.48410 -4.00000 -74.80000
v -30.48410 -4.00000 -73.70000
v -31.43670 14.00000 -73.15000
v -32.38940 14.00000 -73.70000
v -32.38940 14.00000 -74.80000
v -31.43670 14.00000 -75.35000
v -30.48410 14.00000 -74.80000
v -30.48410 14.00000 -73.70000
v -29.53150 -4.00000 -73.15000
v -30.48410 -4.00000 -73.70000
v -30.48410 -4.00000 -74.80000
v -29.53150 -4.00000 -75.35000
v -28.57880 -4.00000 -74.80000
v -28.57880 -4.00000 -73.70000
v -29.53150 14.00000 -73.15000
v -30.48410 14.00000 -73.70000
v -30.48410 14.00000 -74.80000
v -29.53150 14.00000 -75.35000
v -28.57880 14.00000 -74.80000
v -28.57880 14.00000 -73.70000
v -27.62620 -4.00000 -73.15000
v -28.57880 -4.00000 -73.70000
v -28.57880 -4.00000 -74.80000
v -27.62620 -4.00000 -75.35000
v -26.67360 -4.00000 -74.80000
v -26.67360 -4.00000 -73.70000
v -27.62620 14.00000 -73.15000
v -28.57880 14.00000 -73.70000
v -28.57880 14.00000 -74.80000
v -27.62620 14.00000 -75.35000
v -26.67360 14.00000 -74.80000
v -26.67360 14.00000 -73.70000
v -47.63140 -4.00000 -71.50000
v -48.58400 -4.00000 -72.05000
v -48.58400 -4.00000 -73.15000
v -47.63140 -4.00000 -73.70000
v -46.67880 -4.00000 -73.15000
v -46.67880 -4.00000 -72.05000
v -47.63140 14.00000 -71.50000
v -48.58400 14.00000 -72.05000
v -48.58400 14.00000 -73.15000
v -47.63140 14.00000 -73.70000
v -46.67880 14.00000 -73.15000
v -46.67880 14.00000 -72.05000
v -45.72610 -4.00000 -71.50000
v -46.67880 -4.00000 -72.05000
v -46.67880 -4.00000 -73.15000
v -45.72610 -4.00000 -73.70000
v -44.77350 -4.00000 -73.15000
v -44.77350 -4.00000 -72.05000
v -45.72610 14.00000 -71.50000
v -46.67880 14.00000 -72.05000
v -46.67880 14.00000 -73.15000
v -45.72610 14.00000 -73.70000
v -44.77350 14.00000 -73.15000
v -44.77350 14.00000 -72.05000
v -43.82090 -4.00000 -71.50000
v -44.77350 -4.00000 -72.05000
v -44.77350 -4.00000 -73.15000
v -43.82090 -4.00000 -73.70000
v -42.86830 -4.00000 -73.15000
v -42.86830 -4.00000 -72.05000
v -43.82090 14.00000 -71.50000
v -44.77350 14.00000 -72.05000
v -44.77350 14.00000 -73.15000
v -43.82090 14.00000 -73.70000
v -42.86830 14.00000 -73.15000
v -42.86830 14.00000 -72.05000
v -41.91560 -4.00000 -71.50000
v -42.86830 -4.00000 -72.05000
v -42.86830 -4.00000 -73.15000
v -41.91560 -4.00000 -73.70000
v -40.96300 -4.00000 -73.15000
v -40.96300 -4.00000 -72.05000
v -41.91560 14.00000 -71.50000
v -42.86830 14.00000 -72.05000
v -42.86830 14.00000 -73.15000
v -41.91560 14.00000 -73.70000
v -40.96300 14.00000 -73.15000
v -40.96300 14.00000 -72.05000
v -40.01040 -4.00000 -71.50000
v -40.96300 -4.00000 -72.05000
v -40.96300 -4.00000 -73.15000
v -40.01040 -4.00000 -73.70000
v -39.05770 -4.00000 -73.15000
v -39.05770 -4.00000 -72.05000
v -40.01040 14.00000 -71.50000
v -40.96300 14.00000 -72.05000
v -40.96300 14.00000 -73.15000
v -40.01040 14.00000 -73.70000
v -39.05770 14.00000 -73.15000
v -39.05770 14.00000 -72.05000
v -38.10510 -4.00000 -71.50000
v -39.05770 -4.00000 -72.05000
v -39.05770 -4.00000 -73.15000
v -38.10510 -4.00000 -73.70000
v -37.15250 -4.00000 -73.15000
v -37.15250 -4.00000 -72.05000
v -38.10510 14.00000 -71.50000
v -39.05770 14.00000 -72.05000
v -39.05770 14.00000 -73.15000
v -38.10510 14.00000 -73.70000
v -37.15250 14.00000 -73.15000
v -37.15250 14.00000 -72.05000
v -36.19990 -4.00000 -71.50000
v -37.15250 -4.00000 -72.05000
v -37.15250 -4.00000 -73.15000
v -36.19990 -4.00000 -73.70000
v -35.24720 -4.00000 -73.15000
v -35.24720 -4.00000 -72.05000
v -36.19990 14.00000 -71.50000
v -37.15250 14.00000 -72.05000
v -37.15250 14.00000 -73.15000
v -36.19990 14.00000 -73.70000
v -35.24720 14.00000 -73.15000
v -35.24720 14.00000 -72.05000
v -34.29460 -4.00000 -71.50000
v -35.24720 -4.00000 -72.05000
v -35.24720 -4.00000 -73.15000
v -34.29460 -4.00000 -73.70000
v -33.34200 -4.00000 -73.15000
v -33.34200 -4.00000 -72.05000
v -34.29460 14.00000 -71.50000
v -35.24720 14.00000 -72.05000
v -35.24720 14.00000 -73.15000
v -34.29460 14.00000 -73.70000
v -33.34200 14.00000 -73.15000
v -33.34200 14.00000 -72.05000
v -32.38940 -4.00000 -71.50000
v -33.34200 -4.00000 -72.05000
v -33.34200 -4.00000 -73.15000
v -32.38940 -4.00000 -73.70000
v -31.43670 -4.00000 -73.15000
v -31.43670 -4.00000 -72.05000
v -32.38940 14.00000 -71.50000
v -33.34200 14.00000 -72.05000
v -33.34200 14.00000 -73.15000
v -32.38940 14.00000 -73.70000
v -31.43670 14.00000 -73.15000
v -31.43670 14.00000 -72.05000
v -48.58400 -4.00000 -69.85000
v -49.53670 -4.00000 -70.40000
v -49.53670 -4.00000 -71.50000
v -48.58400 -4.00000 -72.05000
v -47.63140 -4.00000 -71.50000
v -47.63140 -4.00000 -70.40000
v -48.58400 14.00000 -69.85000
v -49.53670 14.00000 -70.40000
v -49.53670 14.00000 -71.50000
v -48.58400 14.00000 -72.05000
v -47.63140 14.00000 -71.50000
v -47.63140 14.00000 -70.40000
v -46.67880 -4.00000 -69.85000
v -47.63140 -4.00000 -70.40000
v -47.63140 -4.00000 -71.50000
v -46.67880 -4.00000 -72.05000
v -45.72610 -4.00000 -71.50000
v -45.72610 -4.00000 -70.40000
v -46.67880 14.00000 -69.85000
v -47.63140 14.00000 -70.40000
v -47.63140 14.00000 -71.50000
v -46.67880 14.00000 -72.05000
v -45.72610 14.00000 -71.50000
v -45.72610 14.00000 -70.40000
v -44.77350 -4.00000 -69.85000
v -45.72610 -4.00000 -70.40000
v -45.72610 -4.00000 -71.50000
v -44.77350 -4.00000 -72.05000
v -43.82090 -4.00000 -71.50000
v -43.82090 -4.00000 -70.40000
v -44.77350 14.00000 -69.85000
v -45.72610 14.00000 -70.40000
v -45.72610 14.00000 -71.50000
v -44.77350 14.00000 -72.05000
v -43.82090 14.00000 -71.50000
v -43.82090 14.00000 -70.40000
v -42.86830 -4.00000 -69.85000
v -43.82090 -4.00000 -70.40000
v -43.82090 -4.00000 -71.50000
v -42.86830 -4.00000 -72.05000
v -41.91560 -4.00000 -71.50000
v -41.91560 -4.00000 -70.40000
v -42.86830 14.00000 -69.85000
v -43.82090 14.00000 -70.40000
v -43.82090 14.00000 -71.50000
v -42.86830 14.00000 -72.05000
v -41.91560 14.00000 -71.50000
v -41.91560 14.00000 -70.40000
v -40.96300 -4.00000 -69.85000
v -41.91560 -4.00000 -70.40000
v -41.91560 -4.00000 -71.50000
v -40.96300 -4.00000 -72.05000
v -40.01040 -4.00000 -71.50000
v -40.01040 -4.00000 -70.40000
v -40.96300 14.00000 -69.85000
v -41.91560 14.00000 -70.40000
v -41.91560 14.00000 -71.50000
v -40.96300 14.00000 -72.05000
v -40.01040 14.00000 -71.50000
v -40.01040 14.00000 -70.40000
v -39.05770 -4.00000 -69.85000
v -40.01040 -4.00000 -70.40000
v -40.01040 -4.00000 -71.50000
v -39.05770 -4.00000 -72.05000
v -38.10510 -4.00000 -71.50000
v -38.10510 -4.00000 -70.40000
v -39.05770 14.00000 -69.85000
v -40.01040 14.00000 -70.40000
v -40.01040 14.00000 -71.50000
v -39.05770 14.00000 -72.05000
v -38.10510 14.00000 -71.50000
v -38.10510 14.00000 -70.40000
v -37.15250 -4.00000 -69.85000
v -38.10510 -4.00000 -70.40000
v -38.10510 -4.00000 -71.50000
v -37.15250 -4.00000 -72.05000
v -36.19990 -4.00000 -71.50000
v -36.19990 -4.00000 -70.40000
v -37.15250 14.00000 -69.85000
v -38.10510 14.00000 -70.40000
v -38.10510 14.00000 -71.50000
v -37.15250 14.00000 -72.05000
v -36.19990 14.00000 -71.50000
v -36.19990 14.00000 -70.40000
v -35.24720 -4.00000 -69.85000
v -36.19990 -4.00000 -70.40000
v -36.19990 -4.00000 -71.50000
v -35.24720 -4.00000 -72.05000
v -34.29460 -4.00000 -71.50000
v -34.29460 -4.00000 -70.40000
v -35.24720 14.00000 -69.85000
v -36.19990 14.00000 -70.40000
v -36.19990 14.00000 -71.50000
v -35.24720 14.00000 -72.05000
v -34.29460 14.00000 -71.50000
v -34.29460 14.00000 -70.40000
v -51.44190 -4.00000 -68.20000
v -52.39450 -4.00000 -68.75000
v -52.39450 -4.00000 -69.85000
v -51.44190 -4.00000 -70.40000
v -50.48930 -4.00000 -69.85000
v -50.48930 -4.00000 -68.75000
v -51.44190 14.00000 -68.20000
v -52.39450 14.00000 -68.75000
v -52.39450 14.00000 -69.85000
v -51.44190 14.00000 -70.40000
v -50.48930 14.00000 -69.85000
v -50.48930 14.00000 -68.75000
v -49.53670 -4.00000 -68.20000
v -50.48930 -4.00000 -68.75000
v -50.48930 -4.00000 -69.85000
v -49.53670 -4.00000 -70.40000
v -48.58400 -4.00000 -69.85000
v -48.58400 -4.00000 -68.75000
v -49.53670 14.00000 -68.20000
v -50.48930 14.00000 -68.75000
v -50.48930 14.00000 -69.85000
v -49.53670 14.00000 -70.40000
v -48.58400 14.00000 -69.85000
v -48.58400 14.00000 -68.75000
v -47.63140 -4.00000 -68.20000
v -48.58400 -4.00000 -68.75000
v -48.58400 -4.00000 -69.85000
v -47.63140 -4.00000 -70.40000
v -46.67880 -4.00000 -69.85000
v -46.67880 -4.00000 -68.75000
v -47.63140 14.00000 -68.20000
v -48.58400 14.00000 -68.75000
v -48.58400 14.00000 -69.85000
v -47.63140 14.00000 -70.40000
v -46.67880 14.00000 -69.85000
v -46.67880 14.00000 -68.75000
v -45.72610 -4.00000 -68.20000
v -46.67880 -4.00000 -68.75000
v -46.67880 -4.00000 -69.85000
v -45.72610 -4.00000 -70.40000
v -44.77350 -4.00000 -69.85000
v -44.77350 -4.00000 -68.75000
v -45.72610 14.00000 -68.20000
v -46.67880 14.00000 -68.75000
v -46.67880 14.00000 -69.85000
v -45.72610 14.00000 -70.40000
v -44.77350 14.00000 -69.85000
v -44.77350 14.00000 -68.75000
v -43.82090 -4.00000 -68.20000
v -44.77350 -4.00000 -68.75000
v -44.77350 -4.00000 -69.85000
v -43.82090 -4.00000 -70.40000
v -42.86830 -4.00000 -69.85000
v -42.86830 -4.00000 -68.75000
v -43.82090 14.00000 -68.20000
v -44.77350 14.00000 -68.75000
v -44.77350 14.00000 -69.85000
v -43.82090 14.00000 -70.40000
v -42.86830 14.00000 -69.85000
v -42.86830 14.00000 -68.75000
v -41.91560 -4.00000 -68.20000
v -42.86830 -4.00000 -68.75000
v -42.86830 -4.00000 -69.85000
v -41.91560 -4.00000 -70.40000
v -40.96300 -4.00000 -69.85000
v -40.96300 -4.00000 -68.75000
v -41.91560 14.00000 -68.20000
v -42.86830 14.00000 -68.75000
v -42.86830 14.00000 -69.85000
v -41.91560 14.00000 -70.40000
v -40.96300 14.00000 -69.85000
v -40.96300 14.00000 -68.75000
v -40.01040 -4.00000 -68.20000
v -40.96300 -4.00000 -68.75000
v -40.96300 -4.00000 -69.85000
v -40.01040 -4.00000 -70.40000
v -39.05770 -4.00000 -69.85000
v -39.05770 -4.00000 -68.75000
v -40.01040 14.00000 -68.20000
v -40.96300 14.00000 -68.75000
v -40.96300 14.00000 -69.85000
v -40.01040 14.00000 -70.40000
v -39.05770 14.00000 -69.85000
v -39.05770 14.00000 -68.75000
v -38.10510 -4.00000 -68.20000
v -39.05770 -4.00000 -68.75000
v -39.05770 -4.00000 -69.85000
v -38.10510 -4.00000 -70.40000
v -37.15250 -4.00000 -69.85000
v -37.15250 -4.00000 -68.75000
v -38.10510 14.00000 -68.20000
v -39.05770 14.00000 -68.75000
v -39.05770 14.00000 -69.85000
v -38.10510 14.00000 -70.40000
v -37.15250 14.00000 -69.85000
v -37.15250 14.00000 -68.75000
v -54.29980 -4.00000 -66.55000
v -55.25240 -4.00000 -67.10000
v -55.25240 -4.00000 -68.20000
v -54.29980 -4.00000 -68.75000
v -53.34720 -4.00000 -68.20000
v -53.34720 -4.00000 -67.10000
v -54.29980 14.00000 -66.55000
v -55.25240 14.00000 -67.10000
v -55.25240 14.00000 -68.20000
v -54.29980 14.00000 -68.75000
v -53.34720 14.00000 -68.20000
v -53.34720 14.00000 -67.10000
v -52.39450 -4.00000 -66.55000
v -53.34720 -4.00000 -67.10000
v -53.34720 -4.00000 -68.20000
v -52.39450 -4.00000 -68.75000
v -51.44190 -4.00000 -68.20000
v -51.44190 -4.00000 -67.10000
v -52.39450 14.00000 -66.55000
v -53.34720 14.00000 -67.10000
v -53.34720 14.00000 -68.20000
v -52.39450 14.00000 -68.75000
v -51.44190 14.00000 -68.20000
v -51.44190 14.00000 -67.10000
v -50.48930 -4.00000 -66.55000
v -51.44190 -4.00000 -67.10000
v -51.44190 -4.00000 -68.20000
v -50.48930 -4.00000 -68.75000
v -49.53670 -4.00000 -68.20000
v -49.53670 -4.00000 -67.10000
v -50.48930 14.00000 -66.55000
v -51.44190 14.00000 -67.10000
v -51.44190 14.00000 -68.20000
v -50.48930 14.00000 -68.75000
v -49.53670 14.00000 -68.20000
v -49.53670 14.00000 -67.10000
v -48.58400 -4.00000 -66.55000
v -49.53670 -4.00000 -67.10000
v -49.53670 -4.00000 -68.20000
v -48.58400 -4.00000 -68.75000
v -47.63140 -4.00000 -68.20000
v -47.63140 -4.00000 -67.10000
v -48.58400 14.00000 -66.55000
v -49.53670 14.00000 -67.10000
v -49.53670 14.00000 -68.20000
v -48.58400 14.00000 -68.75000
v -47.63140 14.00000 -68.20000
v -47.63140 14.00000 -67.10000
v -46.67880 -4.00000 -66.55000
v -47.63140 -4.00000 -67.10000
v -47.63140 -4.00000 -68.20000
v -46.67880 -4.00000 -68.75000
v -45.72610 -4.00000 -68.20000
v -45.72610 -4.00000 -67.10000
v -46.67880 14.00000 -66.55000
v -47.63140 14.00000 -67.10000
v -47.63140 14.00000 -68.20000
v -46.67880 14.00000 -68.75000
v -45.72610 14.00000 -68.20000
v -45.72610 14.00000 -67.10000
v -44.77350 -4.00000 -66.55000
v -45.72610 -4.00000 -67.10000
v -45.72610 -4.00000 -68.20000
v -44.77350 -4.00000 -68.75000
v -43.82090 -4.00000 -68.20000
v -43.82090 -4.00000 -67.10000
v -44.77350 14.00000 -66.55000
v -45.72610 14.00000 -67.10000
v -45.72610 14.00000 -68.20000
v -44.77350 14.00000 -68.75000
v -43.82090 14.00000 -68.20000
v -43.82090 14.00000 -67.10000
v -42.86830 -4.00000 -66.55000
v -43.82090 -4.00000 -67.10000
v -43.82090 -4.00000 -68.20000
v -42.86830 -4.00000 -68.75000
v -41.91560 -4.00000 -68.20000
v -41.91560 -4.00000 -67.10000
v -42.86830 14.00000 -66.55000
v -43.82090 14.00000 -67.10000
v -43.82090 14.00000 -68.20000
v -42.86830 14.00000 -68.75000
v -41.91560 14.00000 -68.20000
v -41.91560 14.00000 -67.10000
v -40.96300 -4.00000 -66.55000
v -41.91560 -4.00000 -67.10000
v -41.91560 -4.00000 -68.20000
v -40.96300 -4.00000 -68.75000
v -40.01040 -4.00000 -68.20000
v -40.01040 -4.00000 -67.10000
v -40.96300 14.00000 -66.55000
v -41.91560 14.00000 -67.10000
v -41.91560 14.00000 -68.20000
v -40.96300 14.00000 -68.75000
v -40.01040 14.00000 -68.20000
v -40.01040 14.00000 -67.10000
v -55.25240 -4.00000 -64.90000
v -56.20500 -4.00000 -65.45000
v -56.20500 -4.00000 -66.55000
v -55.25240 -4.00000 -67.10000
v -54.29980 -4.00000 -66.55000
v -54.29980 -4.00000 -65.45000
v -55.25240 14.00000 -64.90000
v -56.20500 14.00000 -65.45000
v -56.20500 14.00000 -66.55000
v -55.25240 14.00000 -67.10000
v -54.29980 14.00000 -66.55000
v -54.29980 14.00000 -65.45000
v -53.34720 -4.00000 -64.90000
v -54.29980 -4.00000 -65.45000
v -54.29980 -4.00000 -66.55000
v -53.34720 -4.00000 -67.10000
v -52.39450 -4.00000 -66.55000
v -52.39450 -4.00000 -65.45000
v -53.34720 14.00000 -64.90000
v -54.29980 14.00000 -65.45000
v -54.29980 14.00000 -66.55000
v -53.34720 14.00000 -67.10000
v -52.39450 14.00000 -66.55000
v -52.39450 14.00000 -65.45000
v -51.44190 -4.00000 -64.90000
v -52.39450 -4.00000 -65.45000
v -52.39450 -4.00000 -66.55000
v -51.44190 -4.00000 -67.10000
v -50.48930 -4.00000 -66.55000
v -50.48930 -4.00000 -65.45000
v -51.44190 14.00000 -64.90000
v -52.39450 14.00000 -65.45000
v -52.39450 14.00000 -66.55000
v -51.44190 14.00000 -67.10000
v -50.48930 14.00000 -66.55000
v -50.48930 14.00000 -65.45000
v -49.53670 -4.00000 -64.90000
v -50.48930 -4.00000 -65.45000
v -50.48930 -4.00000 -66.55000
v -49.53670 -4.00000 -67.10000
v -48.58400 -4.00000 -66.55000
v -48.58400 -4.00000 -65.45000
v -49.53670 14.00000 -64.90000
v -50.48930 14.00000 -65.45000
v -50.48930 14.00000 -66.55000
v -49.53670 14.00000 -67.10000
v -48.58400 14.00000 -66.55000
v -48.58400 14.00000 -65.45000
v -47.63140 -4.00000 -64.90000
v -48.58400 -4.00000 -65.45000
v -48.58400 -4.00000 -66.55000
v -47.63140 -4.00000 -67.10000
v -46.67880 -4.00000 -66.55000
v -46.67880 -4.00000 -65.45000
v -47.63140 14.00000 -64.90000
v -48.58400 14.00000 -65.45000
v -48.58400 14.00000 -66.55000
v -47.63140 14.00000 -67.10000
v -46.67880 14.00000 -66.55000
v -46.67880 14.00000 -65.45000
v -45.72610 -4.00000 -64.90000
v -46.67880 -4.00000 -65.45000
v -46.67880 -4.00000 -66.55000
v -45.72610 -4.00000 -67.10000
v -44.77350 -4.00000 -66.55000
v -44.77350 -4.00000 -65.45000
v -45.72610 14.00000 -64.90000
v -46.67880 14.00000 -65.45000
v -46.67880 14.00000 -66.55000
v -45.72610 14.00000 -67.10000
v -44.77350 14.00000 -66.55000
v -44.77350 14.00000 -65.45000
v -43.82090 -4.00000 -64.90000
v -44.77350 -4.00000 -65.45000
v -44.77350 -4.00000 -66.55000
v -43.82090 -4.00000 -67.10000
v -42.86830 -4.00000 -66.55000
v -42.86830 -4.00000 -65.45000
v -43.82090 14.00000 -64.90000
v -44.77350 14.00000 -65.45000
v -44.77350 14.00000 -66.55000
v -43.82090 14.00000 -67.10000
v -42.86830 14.00000 -66.55000
v -42.86830 14.00000 -65.45000
v -58.11030 -4.00000 -63.25000
v -59.06290 -4.00000 -63.80000
v -59.06290 -4.00000 -64.90000
v -58.11030 -4.00000 -65.45000
v -57.15770 -4.00000 -64.90000
v -57.15770 -4.00000 -63.80000
v -58.11030 14.00000 -63.25000
v -59.06290 14.00000 -63.80000
v -59.06290 14.00000 -64.90000
v -58.11030 14.00000 -65.45000
v -57.15770 14.00000 -64.90000
v -57.15770 14.00000 -63.80000
v -56.20500 -4.00000 -63.25000
v -57.15770 -4.00000 -63.80000
v -57.15770 -4.00000 -64.90000
v -56.20500 -4.00000 -65.45000
v -55.25240 -4.00000 -64.90000
v -55.25240 -4.00000 -63.80000
v -56.20500 14.00000 -63.25000
v -57.15770 14.00000 -63.80000
v -57.15770 14.00000 -64.90000
v -56.20500 14.00000 -65.45000
v -55.25240 14.00000 -64.90000
v -55.25240 14.00000 -63.80000
v -54.29980 -4.00000 -63.25000
v -55.25240 -4.00000 -63.80000
v -55.25240 -4.00000 -64.90000
v -54.29980 -4.00000 -65.45000
v -53.34720 -4.00000 -64.90000
v -53.34720 -4.00000 -63.80000
v -54.29980 14.00000 -63.25000
v -55.25240 14.00000 -63.80000
v -55.25240 14.00000 -64.90000
v -54.29980 14.00000 -65.45000
v -53.34720 14.00000 -64.90000
v -53.34720 14.00000 -63.80000
v -52.39450 -4.00000 -63.25000
v -53.34720 -4.00000 -63.80000
v -53.34720 -4.00000 -64.90000
v -52.39450 -4.00000 -65.45000
v -51.44190 -4.00000 -64.90000
v -51.44190 -4.00000 -63.80000
v -52.39450 14.00000 -63.25000
v -53.34720 14.00000 -63.80000
v -53.34720 14.00000 -64.90000
v -52.39450 14.00000 -65.45000
v -51.44190 14.00000 -64.90000
v -51.44190 14.00000 -63.80000
v -50.48930 -4.00000 -63.25000
v -51.44190 -4.00000 -63.80000
v -51.44190 -4.00000 -64.90000
v -50.48930 -4.00000 -65.45000
v -49.53670 -4.00000 -64.90000
v -49.53670 -4.00000 -63.80000
v -50.48930 14.00000 -63.25000
v -51.44190 14.00000 -63.80000
v -51.44190 14.00000 -64.90000
v -50.48930 14.00000 -65.45000
v -49.53670 14.00000 -64.90000
v -49.53670 14.00000 -63.80000
v -48.58400 -4.00000 -63.25000
v -49.53670 -4.00000 -63.80000
v -49.53670 -4.00000 -64.90000
v -48.58400 -4.00000 -65.45000
v -47.63140 -4.00000 -64.90000
v -47.63140 -4.00000 -63.80000
v -48.58400 14.00000 -63.25000
v -49.53670 14.00000 -63.80000
v -49.53670 14.00000 -64.90000
v -48.58400 14.00000 -65.45000
v -47.63140 14.00000 -64.90000
v -47.63140 14.00000 -63.80000
v -46.67880 -4.00000 -63.25000
v -47.63140 -4.00000 -63.80000
v -47.63140 -4.00000 -64.90000
v -46.67880 -4.00000 -65.45000
v -45.72610 -4.00000 -64.90000
v -45.72610 -4.00000 -63.80000
v -46.67880 14.00000 -63.25000
v -47.63140 14.00000 -63.80000
v -47.63140 14.00000 -64.90000
v -46.67880 14.00000 -65.45000
v -45.72610 14.00000 -64.90000
v -45.72610 14.00000 -63.80000
v -59.06290 -4.00000 -61.60000
v -60.01560 -4.00000 -62.15000
v -60.01560 -4.00000 -63.25000
v -59.06290 -4.00000 -63.80000
v -58.11030 -4.00000 -63.25000
v -58.11030 -4.00000 -62.15000
v -59.06290 14.00000 -61.60000
v -60.01560 14.00000 -62.15000
v -60.01560 14.00000 -63.25000
v -59.06290 14.00000 -63.80000
v -58.11030 14.00000 -63.25000
v -58.11030 14.00000 -62.15000
v -57.15770 -4.00000 -61.60000
v -58.11030 -4.00000 -62.15000
v -58.11030 -4.00000 -63.25000
v -57.15770 -4.00000 -63.80000
v -56.20500 -4.00000 -63.25000
v -56.20500 -4.00000 -62.15000
v -57.15770 14.00000 -61.60000
v -58.11030 14.00000 -62.15000
v -58.11030 14.00000 -63.25000
v -57.15770 14.00000 -63.80000
v -56.20500 14.00000 -63.25000
v -56.20500 14.00000 -62.15000
v -55.25240 -4.00000 -61.60000
v -56.20500 -4.00000 -62.15000
v -56.20500 -4.00000 -63.25000
v -55.25240 -4.00000 -63.80000
v -54.29980 -4.00000 -63.25000
v -54.29980 -4.00000 -62.15000
v -55.25240 14.00000 -61.60000
v -56.20500 14.00000 -62.15000
v -56.20500 14.00000 -63.25000
v -55.25240 14.00000 -63.80000
v -54.29980 14.00000 -63.25000
v -54.29980 14.00000 -62.15000
v -53.34720 -4.00000 -61.60000
v -54.29980 -4.00000 -62.15000
v -54.29980 -4.00000 -63.25000
v -53.34720 -4.00000 -63.80000
v -52.39450 -4.00000 -63.25000
v -52.39450 -4.00000 -62.15000
v -53.34720 14.00000 -61.60000
v -54.29980 14.00000 -62.15000
v -54.29980 14.00000 -63.25000
v -53.34720 14.00000 -63.80000
v -52.39450 14.00000 -63.25000
v -52.39450 14.00000 -62.15000
v -51.44190 -4.00000 -61.60000
v -52.39450 -4.00000 -62.15000
v -52.39450 -4.00000 -63.25000
v -51.44190 -4.00000 -63.80000
v -50.48930 -4.00000 -63.25000
v -50.48930 -4.00000 -62.15000
v -51.44190 14.00000 -61.60000
v -52.39450 14.00000 -62.15000
v -52.39450 14.00000 -63.25000
v -51.44190 14.00000 -63.80000
v -50.48930 14.00000 -63.25000
v -50.48930 14.00000 -62.15000
v -49.53670 -4.00000 -61.60000
v -50.48930 -4.00000 -62.15000
v -50.48930 -4.00000 -63.25000
v -49.53670 -4.00000 -63.80000
v -48.58400 -4.00000 -63.25000
v -48.58400 -4.00000 -62.15000
v -49.53670 14.00000 -61.60000
v -50.48930 14.00000 -62.15000
v -50.48930 14.00000 -63.25000
v -49.53670 14.00000 -63.80000
v -48.58400 14.00000 -63.25000
v -48.58400 14.00000 -62.15000
v -60.01560 -4.00000 -59.95000
v -60.96820 -4.00000 -60.50000
v -60.96820 -4.00000 -61.60000
v -60.01560 -4.00000 -62.15000
v -59.06290 -4.00000 -61.60000
v -59.06290 -4.00000 -60.50000
v -60.01560 14.00000 -59.95000
v -60.96820 14.00000 -60.50000
v -60.96820 14.00000 -61.60000
v -60.01560 14.00000 -62.15000
v -59.06290 14.00000 -61.60000
v -59.06290 14.00000 -60.50000
v -58.11030 -4.00000 -59.95000
v -59.06290 -4.00000 -60.50000
v -59.06290 -4.00000 -61.60000
v -58.11030 -4.00000 -62.15000
v -57.15770 -4.00000 -61.60000
v -57.15770 -4.00000 -60.50000
v -58.11030 14.00000 -59.95000
v -59.06290 14.00000 -60.50000
v -59.06290 14.00000 -61.60000
v -58.11030 14.00000 -62.15000
v -57.15770 14.00000 -61.60000
v -57.15770 14.00000 -60.50000
v -56.20500 -4.00000 -59.95000
v -57.15770 -4.00000 -60.50000
v -57.15770 -4.00000 -61.60000
v -56.20500 -4.00000 -62.15000
v -55.25240 -4.00000 -61.60000
v -55.25240 -4.00000 -60.50000
v -56.20500 14.00000 -59.95000
v -57.15770 14.00000 -60.50000
v -57.15770 14.00000 -61.60000
v -56.20500 14.00000 -62.15000
v -55.25240 14.00000 -61.60000
v -55.25240 14.00000 -60.50000
v -54.29980 -4.00000 -59.95000
v -55.25240 -4.00000 -60.50000
v -55.25240 -4.00000 -61.60000
v -54.29980 -4.00000 -62.15000
v -53.34720 -4.00000 -61.60000
v -53.34720 -4.00000 -60.50000
v -54.29980 14.00000 -59.95000
v -55.25240 14.00000 -60.50000
v -55.25240 14.00000 -61.60000
v -54.29980 14.00000 -62.15000
v -53.34720 14.00000 -61.60000
v -53.34720 14.00000 -60.50000
v -52.39450 -4.00000 -59.95000
v -53.34720 -4.00000 -60.50000
v -53.34720 -4.00000 -61.60000
v -52.39450 -4.00000 -62.15000
v -51.44190 -4.00000 -61.60000
v -51.44190 -4.00000 -60.50000
v -52.39450 14.00000 -59.95000
v -53.34720 14.00000 -60.50000
v -53.34720 14.00000 -61.60000
v -52.39450 14.00000 -62.15000
v -51.44190 14.00000 -61.60000
v -51.44190 14.00000 -60.50000
v -50.48930 -4.00000 -59.95000
v -51.44190 -4.00000 -60.50000
v -51.44190 -4.00000 -61.60000
v -50.48930 -4.00000 -62.15000
v -49.53670 -4.00000 -61.60000
v -49.53670 -4.00000 -60.50000
v -50.48930 14.00000 -59.95000
v -51.44190 14.00000 -60.50000
v -51.44190 14.00000 -61.60000
v -50.48930 14.00000 -62.15000
v -49.53670 14.00000 -61.60000
v -49.53670 14.00000 -60.50000
v -59.06290 -4.00000 -58.30000
v -60.01560 -4.00000 -58.85000
v -60.01560 -4.00000 -59.95000
v -59.06290 -4.00000 -60.50000
v -58.11030 -4.00000 -59.95000
v -58.11030 -4.00000 -58.85000
v -59.06290 14.00000 -58.30000
v -60.01560 14.00000 -58.85000
v -60.01560 14.00000 -59.95000
v -59.06290 14.00000 -60.50000
v -58.11030 14.00000 -59.95000
v -58.11030 14.00000 -58.85000
v -57.15770 -4.00000 -58.30000
v -58.11030 -4.00000 -58.85000
v -58.11030 -4.00000 -59.95000
v -57.15770 -4.00000 -60.50000
v -56.20500 -4.00000 -59.95000
v -56.20500 -4.00000 -58.85000
v -57.15770 14.00000 -58.30000
v -58.11030 14.00000 -58.85000
v -58.11030 14.00000 -59.95000
v -57.15770 14.00000 -60.50000
v -56.20500 14.00000 -59.95000
v -56.20500 14.00000 -58.85000
v -55.25240 -4.00000 -58.30000
v -56.20500 -4.00000 -58.85000
v -56.20500 -4.00000 -59.95000
v -55.25240 -4.00000 -60.50000
v -54.29980 -4.00000 -59.95000
v -54.29980 -4.00000 -58.85000
v -55.25240 14.00000 -58.30000
v -56.20500 14.00000 -58.85000
v -56.20500 14.00000 -59.95000
v -55.25240 14.00000 -60.50000
v -54.29980 14.00000 -59.95000
v -54.29980 14.00000 -58.85000
v -53.34720 -4.00000 -58.30000
v -54.29980 -4.00000 -58.85000
v -54.29980 -4.00000 -59.95000
v -53.34720 -4.00000 -60.50000
v -52.39450 -4.00000 -59.95000
v -52.39450 -4.00000 -58.85000
v -53.34720 14.00000 -58.30000
v -54.29980 14.00000 -58.85000
v -54.29980 14.00000 -59.95000
v -53.34720 14.00000 -60.50000
v -52.39450 14.00000 -59.95000
v -52.39450 14.00000 -58.85000
v -56.20500 -4.00000 -56.65000
v -57.15770 -4.00000 -57.20000
v -57.15770 -4.00000 -58.30000
v -56.20500 -4.00000 -58.85000
v -55.25240 -4.00000 -58.30000
v -55.25240 -4.00000 -57.20000
v -56.20500 14.00000 -56.65000
v -57.15770 14.00000 -57.20000
v -57.15770 14.00000 -58.30000
v -56.20500 14.00000 -58.85000
v -55.25240 14.00000 -58.30000
v -55.25240 14.00000 -57.20000
v -54.29980 -4.00000 -56.65000
v -55.25240 -4.00000 -57.20000
v -55.25240 -4.00000 -58.30000
v -54.29980 -4.00000 -58.85000
v -53.34720 -4.00000 -58.30000
v -53.34720 -4.00000 -57.20000
v -54.29980 14.00000 -56.65000
v -55.25240 14.00000 -57.20000
v -55.25240 14.00000 -58.30000
v -54.29980 14.00000 -58.85000
v -53.34720 14.00000 -58.30000
v -53.34720 14.00000 -57.20000
v 0.00000 -4.00000 -84.70000
v -0.95260 -4.00000 -85.25000
v -0.95260 -4.00000 -86.35000
v -0.00000 -4.00000 -86.90000
v 0.95260 -4.00000 -86.35000
v 0.95260 -4.00000 -85.25000
v 0.00000 13.90300 -84.70000
v -0.95260 13.90300 -85.25000
v -0.95260 13.90300 -86.35000
v -0.00000 13.90300 -86.90000
v 0.95260 13.90300 -86.35000
v 0.95260 13.90300 -85.25000
v 1.90530 -4.00000 -84.70000
v 0.95260 -4.00000 -85.25000
v 0.95260 -4.00000 -86.35000
v 1.90530 -4.00000 -86.90000
v 2.85790 -4.00000 -86.35000
v 2.85790 -4.00000 -85.25000
v 1.90530 13.56800 -84.70000
v 0.95260 13.56800 -85.25000
v 0.95260 13.56800 -86.35000
v 1.90530 13.56800 -86.90000
v 2.85790 13.56800 -86.35000
v 2.85790 13.56800 -85.25000
v 3.81050 -4.00000 -84.70000
v 2.85790 -4.00000 -85.25000
v 2.85790 -4.00000 -86.35000
v 3.81050 -4.00000 -86.90000
v 4.76310 -4.00000 -86.35000
v 4.76310 -4.00000 -85.25000
v 3.81050 13.44440 -84.70000
v 2.85790 13.44440 -85.25000
v 2.85790 13.44440 -86.35000
v 3.81050 13.44440 -86.90000
v 4.76310 13.44440 -86.35000
v 4.76310 13.44440 -85.25000
v 5.71580 -4.00000 -84.70000
v 4.76310 -4.00000 -85.25000
v 4.76310 -4.00000 -86.35000
v 5.71580 -4.00000 -86.90000
v 6.66840 -4.00000 -86.35000
v 6.66840 -4.00000 -85.25000
v 5.71580 14.00000 -84.70000
v 4.76310 14.00000 -85.25000
v 4.76310 14.00000 -86.35000
v 5.71580 14.00000 -86.90000
v 6.66840 14.00000 -86.35000
v 6.66840 14.00000 -85.25000
v 7.62100 -4.00000 -84.70000
v 6.66840 -4.00000 -85.25000
v 6.66840 -4.00000 -86.35000
v 7.62100 -4.00000 -86.90000
v 8.57370 -4.00000 -86.35000
v 8.57370 -4.00000 -85.25000
v 7.62100 14.00000 -84.70000
v 6.66840 14.00000 -85.25000
v 6.66840 14.00000 -86.35000
v 7.62100 14.00000 -86.90000
v 8.57370 14.00000 -86.35000
v 8.57370 14.00000 -85.25000
v 9.52630 -4.00000 -84.70000
v 8.57370 -4.00000 -85.25000
v 8.57370 -4.00000 -86.35000
v 9.52630 -4.00000 -86.90000
v 10.47890 -4.00000 -86.35000
v 10.47890 -4.00000 -85.25000
v 9.52630 14.00000 -84.70000
v 8.57370 14.00000 -85.25000
v 8.57370 14.00000 -86.35000
v 9.52630 14.00000 -86.90000
v 10.47890 14.00000 -86.35000
v 10.47890 14.00000 -85.25000
v 11.43150 -4.00000 -84.70000
v 10.47890 -4.00000 -85.25000
v 10.47890 -4.00000 -86.35000
v 11.43150 -4.00000 -86.90000
v 12.38420 -4.00000 -86.35000
v 12.38420 -4.00000 -85.25000
v 11.43150 14.00000 -84.70000
v 10.47890 14.00000 -85.25000
v 10.47890 14.00000 -86.35000
v 11.43150 14.00000 -86.90000
v 12.38420 14.00000 -86.35000
v 12.38420 14.00000 -85.25000
v 13.33680 -4.00000 -84.70000
v 12.38420 -4.00000 -85.25000
v 12.38420 -4.00000 -86.35000
v 13.33680 -4.00000 -86.90000
v 14.28940 -4.00000 -86.35000
v 14.28940 -4.00000 -85.25000
v 13.33680 14.00000 -84.70000
v 12.38420 14.00000 -85.25000
v 12.38420 14.00000 -86.35000
v 13.33680 14.00000 -86.90000
v 14.28940 14.00000 -86.35000
v 14.28940 14.00000 -85.25000
v 0.95260 -4.00000 -83.05000
v -0.00000 -4.00000 -83.60000
v 0.00000 -4.00000 -84.70000
v 0.95260 -4.00000 -85.25000
v 1.90530 -4.00000 -84.70000
v 1.90530 -4.00000 -83.60000
v 0.95260 14.00000 -83.05000
v -0.00000 14.00000 -83.60000
v 0.00000 14.00000 -84.70000
v 0.95260 14.00000 -85.25000
v 1.90530 14.00000 -84.70000
v 1.90530 14.00000 -83.60000
v 2.85790 -4.00000 -83.05000
v 1.90530 -4.00000 -83.60000
v 1.90530 -4.00000 -84.70000
v 2.85790 -4.00000 -85.25000
v 3.81050 -4.00000 -84.70000
v 3.81050 -4.00000 -83.60000
v 2.85790 13.30420 -83.05000
v 1.90530 13.30420 -83.60000
v 1.90530 13.30420 -84.70000
v 2.85790 13.30420 -85.25000
v 3.81050 13.30420 -84.70000
v 3.81050 13.30420 -83.60000
v 4.76310 -4.00000 -83.05000
v 3.81050 -4.00000 -83.60000
v 3.81050 -4.00000 -84.70000
v 4.76310 -4.00000 -85.25000
v 5.71580 -4.00000 -84.70000
v 5.71580 -4.00000 -83.60000
v 4.76310 14.00000 -83.05000
v 3.81050 14.00000 -83.60000
v 3.81050 14.00000 -84.70000
v 4.76310 14.00000 -85.25000
v 5.71580 14.00000 -84.70000
v 5.71580 14.00000 -83.60000
v 6.66840 -4.00000 -83.05000
v 5.71580 -4.00000 -83.60000
v 5.71580 -4.00000 -84.70000
v 6.66840 -4.00000 -85.25000
v 7.62100 -4.00000 -84.70000
v 7.62100 -4.00000 -83.60000
v 6.66840 14.00000 -83.05000
v 5.71580 14.00000 -83.60000
v 5.71580 14.00000 -84.70000
v 6.66840 14.00000 -85.25000
v 7.62100 14.00000 -84.70000
v 7.62100 14.00000 -83.60000
v 8.57370 -4.00000 -83.05000
v 7.62100 -4.00000 -83.60000
v 7.62100 -4.00000 -84.70000
v 8.57370 -4.00000 -85.25000
v 9.52630 -4.00000 -84.70000
v 9.52630 -4.00000 -83.60000
v 8.57370 12.48010 -83.05000
v 7.62100 12.48010 -83.60000
v 7.62100 12.48010 -84.70000
v 8.57370 12.48010 -85.25000
v 9.52630 12.48010 -84.70000
v 9.52630 12.48010 -83.60000
v 10.47890 -4.00000 -83.05000
v 9.52630 -4.00000 -83.60000
v 9.52630 -4.00000 -84.70000
v 10.47890 -4.00000 -85.25000
v 11.43150 -4.00000 -84.70000
v 11.43150 -4.00000 -83.60000
v 10.47890 14.00000 -83.05000
v 9.52630 14.00000 -83.60000
v 9.52630 14.00000 -84.70000
v 10.47890 14.00000 -85.25000
v 11.43150 14.00000 -84.70000
v 11.43150 14.00000 -83.60000
v 12.38420 -4.00000 -83.05000
v 11.43150 -4.00000 -83.60000
v 11.43150 -4.00000 -84.70000
v 12.38420 -4.00000 -85.25000
v 13.33680 -4.00000 -84.70000
v 13.33680 -4.00000 -83.60000
v 12.38420 12.83010 -83.05000
v 11.43150 12.83010 -83.60000
v 11.43150 12.83010 -84.70000
v 12.38420 12.83010 -85.25000
v 13.33680 12.83010 -84.70000
v 13.33680 12.83010 -83.60000
v 14.28940 -4.00000 -83.05000
v 13.33680 -4.00000 -83.60000
v 13.33680 -4.00000 -84.70000
v 14.28940 -4.00000 -85.25000
v 15.24200 -4.00000 -84.70000
v 15.24200 -4.00000 -83.60000
v 14.28940 14.00000 -83.05000
v 13.33680 14.00000 -83.60000
v 13.33680 14.00000 -84.70000
v 14.28940 14.00000 -85.25000
v 15.24200 14.00000 -84.70000
v 15.24200 14.00000 -83.60000
v 16.19470 -4.00000 -83.05000
v 15.24200 -4.00000 -83.60000
v 15.24200 -4.00000 -84.70000
v 16.19470 -4.00000 -85.25000
v 17.14730 -4.00000 -84.70000
v 17.14730 -4.00000 -83.60000
v 16.19470 14.00000 -83.05000
v 15.24200 14.00000 -83.60000
v 15.24200 14.00000 -84.70000
v 16.19470 14.00000 -85.25000
v 17.14730 14.00000 -84.70000
v 17.14730 14.00000 -83.60000
v 18.09990 -4.00000 -83.05000
v 17.14730 -4.00000 -83.60000
v 17.14730 -4.00000 -84.70000
v 18.09990 -4.00000 -85.25000
v 19.05260 -4.00000 -84.70000
v 19.05260 -4.00000 -83.60000
v 18.09990 14.00000 -83.05000
v 17.14730 14.00000 -83.60000
v 17.14730 14.00000 -84.70000
v 18.09990 14.00000 -85.25000
v 19.05260 14.00000 -84.70000
v 19.05260 14.00000 -83.60000
v 20.00520 -4.00000 -83.05000
v 19.05260 -4.00000 -83.60000
v 19.05260 -4.00000 -84.70000
v 20.00520 -4.00000 -85.25000
v 20.95780 -4.00000 -84.70000
v 20.95780 -4.00000 -83.60000
v 20.00520 14.00000 -83.05000
v 19.05260 14.00000 -83.60000
v 19.05260 14.00000 -84.70000
v 20.00520 14.00000 -85.25000
v 20.95780 14.00000 -84.70000
v 20.95780 14.00000 -83.60000
v 21.91040 -4.00000 -83.05000
v 20.95780 -4.00000 -83.60000
v 20.95780 -4.00000 -84.70000
v 21.91040 -4.00000 -85.25000
v 22.86310 -4.00000 -84.70000
v 22.86310 -4.00000 -83.60000
v 21.91040 14.00000 -83.05000
v 20.95780 14.00000 -83.60000
v 20.95780 14.00000 -84.70000
v 21.91040 14.00000 -85.25000
v 22.86310 14.00000 -84.70000
v 22.86310 14.00000 -83.60000
v 0.00000 -4.00000 -81.40000
v -0.95260 -4.00000 -81.95000
v -0.95260 -4.00000 -83.05000
v -0.00000 -4.00000 -83.60000
v 0.95260 -4.00000 -83.05000
v 0.95260 -4.00000 -81.95000
v 0.00000 13.77830 -81.40000
v -0.95260 13.77830 -81.95000
v -0.95260 13.77830 -83.05000
v -0.00000 13.77830 -83.60000
v 0.95260 13.77830 -83.05000
v 0.95260 13.77830 -81.95000
v 1.90530 -4.00000 -81.40000
v 0.95260 -4.00000 -81.95000
v 0.95260 -4.00000 -83.05000
v 1.90530 -4.00000 -83.60000
v 2.85790 -4.00000 -83.05000
v 2.85790 -4.00000 -81.95000
v 1.90530 14.00000 -81.40000
v 0.95260 14.00000 -81.95000
v 0.95260 14.00000 -83.05000
v 1.90530 14.00000 -83.60000
v 2.85790 14.00000 -83.05000
v 2.85790 14.00000 -81.95000
v 3.81050 -4.00000 -81.40000
v 2.85790 -4.00000 -81.95000
v 2.85790 -4.00000 -83.05000
v 3.81050 -4.00000 -83.60000
v 4.76310 -4.00000 -83.05000
v 4.76310 -4.00000 -81.95000
v 3.81050 12.65560 -81.40000
v 2.85790 12.65560 -81.95000
v 2.85790 12.65560 -83.05000
v 3.81050 12.65560 -83.60000
v 4.76310 12.65560 -83.05000
v 4.76310 12.65560 -81.95000
v 5.71580 -4.00000 -81.40000
v 4.76310 -4.00000 -81.95000
v 4.76310 -4.00000 -83.05000
v 5.71580 -4.00000 -83.60000
v 6.66840 -4.00000 -83.05000
v 6.66840 -4.00000 -81.95000
v 5.71580 14.00000 -81.40000
v 4.76310 14.00000 -81.95000
v 4.76310 14.00000 -83.05000
v 5.71580 14.00000 -83.60000
v 6.66840 14.00000 -83.05000
v 6.66840 14.00000 -81.95000
v 7.62100 -4.00000 -81.40000
v 6.66840 -4.00000 -81.95000
v 6.66840 -4.00000 -83.05000
v 7.62100 -4.00000 -83.60000
v 8.57370 -4.00000 -83.05000
v 8.57370 -4.00000 -81.95000
v 7.62100 14.00000 -81.40000
v 6.66840 14.00000 -81.95000
v 6.66840 14.00000 -83.05000
v 7.62100 14.00000 -83.60000
v 8.57370 14.00000 -83.05000
v 8.57370 14.00000 -81.95000
v 9.52630 -4.00000 -81.40000
v 8.57370 -4.00000 -81.95000
v 8.57370 -4.00000 -83.05000
v 9.52630 -4.00000 -83.60000
v 10.47890 -4.00000 -83.05000
v 10.47890 -4.00000 -81.95000
v 9.52630 12.05610 -81.40000
v 8.57370 12.05610 -81.95000
v 8.57370 12.05610 -83.05000
v 9.52630 12.05610 -83.60000
v 10.47890 12.05610 -83.05000
v 10.47890 12.05610 -81.95000
v 11.43150 -4.00000 -81.40000
v 10.47890 -4.00000 -81.95000
v 10.47890 -4.00000 -83.05000
v 11.43150 -4.00000 -83.60000
v 12.38420 -4.00000 -83.05000
v 12.38420 -4.00000 -81.95000
v 11.43150 13.20200 -81.40000
v 10.47890 13.20200 -81.95000
v 10.47890 13.20200 -83.05000
v 11.43150 13.20200 -83.60000
v 12.38420 13.20200 -83.05000
v 12.38420 13.20200 -81.95000
v 13.33680 -4.00000 -81.40000
v 12.38420 -4.00000 -81.95000
v 12.38420 -4.00000 -83.05000
v 13.33680 -4.00000 -83.60000
v 14.28940 -4.00000 -83.05000
v 14.28940 -4.00000 -81.95000
v 13.33680 12.42720 -81.40000
v 12.38420 12.42720 -81.95000
v 12.38420 12.42720 -83.05000
v 13.33680 12.42720 -83.60000
v 14.28940 12.42720 -83.05000
v 14.28940 12.42720 -81.95000
v 15.24200 -4.00000 -81.40000
v 14.28940 -4.00000 -81.95000
v 14.28940 -4.00000 -83.05000
v 15.24200 -4.00000 -83.60000
v 16.19470 -4.00000 -83.05000
v 16.19470 -4.00000 -81.95000
v 15.24200 14.00000 -81.40000
v 14.28940 14.00000 -81.95000
v 14.28940 14.00000 -83.05000
v 15.24200 14.00000 -83.60000
v 16.19470 14.00000 -83.05000
v 16.19470 14.00000 -81.95000
v 17.14730 -4.00000 -81.40000
v 16.19470 -4.00000 -81.95000
v 16.19470 -4.00000 -83.05000
v 17.14730 -4.00000 -83.60000
v 18.09990 -4.00000 -83.05000
v 18.09990 -4.00000 -81.95000
v 17.14730 14.00000 -81.40000
v 16.19470 14.00000 -81.95000
v 16.19470 14.00000 -83.05000
v 17.14730 14.00000 -83.60000
v 18.09990 14.00000 -83.05000
v 18.09990 14.00000 -81.95000
v 19.05260 -4.00000 -81.40000
v 18.09990 -4.00000 -81.95000
v 18.09990 -4.00000 -83.05000
v 19.05260 -4.00000 -83.60000
v 20.00520 -4.00000 -83.05000
v 20.00520 -4.00000 -81.95000
v 19.05260 13.61120 -81.40000
v 18.09990 13.61120 -81.95000
v 18.09990 13.61120 -83.05000
v 19.05260 13.61120 -83.60000
v 20.00520 13.61120 -83.05000
v 20.00520 13.61120 -81.95000
v 20.95780 -4.00000 -81.40000
v 20.00520 -4.00000 -81.95000
v 20.00520 -4.00000 -83.05000
v 20.95780 -4.00000 -83.60000
v 21.91040 -4.00000 -83.05000
v 21.91040 -4.00000 -81.95000
v 20.95780 13.29090 -81.40000
v 20.00520 13.29090 -81.95000
v 20.00520 13.29090 -83.05000
v 20.95780 13.29090 -83.60000
v 21.91040 13.29090 -83.05000
v 21.91040 13.29090 -81.95000
v 22.86310 -4.00000 -81.40000
v 21.91040 -4.00000 -81.95000
v 21.91040 -4.00000 -83.05000
v 22.86310 -4.00000 -83.60000
v 23.81570 -4.00000 -83.05000
v 23.81570 -4.00000 -81.95000
v 22.86310 12.78040 -81.40000
v 21.91040 12.78040 -81.95000
v 21.91040 12.78040 -83.05000
v 22.86310 12.78040 -83.60000
v 23.81570 12.78040 -83.05000
v 23.81570 12.78040 -81.95000
v 24.76830 -4.00000 -81.40000
v 23.81570 -4.00000 -81.95000
v 23.81570 -4.00000 -83.05000
v 24.76830 -4.00000 -83.60000
v 25.72100 -4.00000 -83.05000
v 25.72100 -4.00000 -81.95000
v 24.76830 14.00000 -81.40000
v 23.81570 14.00000 -81.95000
v 23.81570 14.00000 -83.05000
v 24.76830 14.00000 -83.60000
v 25.72100 14.00000 -83.05000
v 25.72100 14.00000 -81.95000
v 26.67360 -4.00000 -81.40000
v 25.72100 -4.00000 -81.95000
v 25.72100 -4.00000 -83.05000
v 26.67360 -4.00000 -83.60000
v 27.62620 -4.00000 -83.05000
v 27.62620 -4.00000 -81.95000
v 26.67360 14.00000 -81.40000
v 25.72100 14.00000 -81.95000
v 25.72100 14.00000 -83.05000
v 26.67360 14.00000 -83.60000
v 27.62620 14.00000 -83.05000
v 27.62620 14.00000 -81.95000
v 0.95260 -4.00000 -79.75000
v -0.00000 -4.00000 -80.30000
v 0.00000 -4.00000 -81.40000
v 0.95260 -4.00000 -81.95000
v 1.90530 -4.00000 -81.40000
v 1.90530 -4.00000 -80.30000
v 0.95260 13.77590 -79.75000
v -0.00000 13.77590 -80.30000
v 0.00000 13.77590 -81.40000
v 0.95260 13.77590 -81.95000
v 1.90530 13.77590 -81.40000
v 1.90530 13.77590 -80.30000
v 2.85790 -4.00000 -79.75000
v 1.90530 -4.00000 -80.30000
v 1.90530 -4.00000 -81.40000
v 2.85790 -4.00000 -81.95000
v 3.81050 -4.00000 -81.40000
v 3.81050 -4.00000 -80.30000
v 2.85790 13.83700 -79.75000
v 1.90530 13.83700 -80.30000
v 1.90530 13.83700 -81.40000
v 2.85790 13.83700 -81.95000
v 3.81050 13.83700 -81.40000
v 3.81050 13.83700 -80.30000
v 4.76310 -4.00000 -79.75000
v 3.81050 -4.00000 -80.30000
v 3.81050 -4.00000 -81.40000
v 4.76310 -4.00000 -81.95000
v 5.71580 -4.00000 -81.40000
v 5.71580 -4.00000 -80.30000
v 4.76310 13.53980 -79.75000
v 3.81050 13.53980 -80.30000
v 3.81050 13.53980 -81.40000
v 4.76310 13.53980 -81.95000
v 5.71580 13.53980 -81.40000
v 5.71580 13.53980 -80.30000
v 6.66840 -4.00000 -79.75000
v 5.71580 -4.00000 -80.30000
v 5.71580 -4.00000 -81.40000
v 6.66840 -4.00000 -81.95000
v 7.62100 -4.00000 -81.40000
v 7.62100 -4.00000 -80.30000
v 6.66840 12.48610 -79.75000
v 5.71580 12.48610 -80.30000
v 5.71580 12.48610 -81.40000
v 6.66840 12.48610 -81.95000
v 7.62100 12.48610 -81.40000
v 7.62100 12.48610 -80.30000
v 8.57370 -4.00000 -79.75000
v 7.62100 -4.00000 -80.30000
v 7.62100 -4.00000 -81.40000
v 8.57370 -4.00000 -81.95000
v 9.52630 -4.00000 -81.40000
v 9.52630 -4.00000 -80.30000
v 8.57370 11.33180 -79.75000
v 7.62100 11.33180 -80.30000
v 7.62100 11.33180 -81.40000
v 8.57370 11.33180 -81.95000
v 9.52630 11.33180 -81.40000
v 9.52630 11.33180 -80.30000
v 10.47890 -4.00000 -79.75000
v 9.52630 -4.00000 -80.30000
v 9.52630 -4.00000 -81.40000
v 10.47890 -4.00000 -81.95000
v 11.43150 -4.00000 -81.40000
v 11.43150 -4.00000 -80.30000
v 10.47890 11.84990 -79.75000
v 9.52630 11.84990 -80.30000
v 9.52630 11.84990 -81.40000
v 10.47890 11.84990 -81.95000
v 11.43150 11.84990 -81.40000
v 11.43150 11.84990 -80.30000
v 12.38420 -4.00000 -79.75000
v 11.43150 -4.00000 -80.30000
v 11.43150 -4.00000 -81.40000
v 12.38420 -4.00000 -81.95000
v 13.33680 -4.00000 -81.40000
v 13.33680 -4.00000 -80.30000
v 12.38420 11.58200 -79.75000
v 11.43150 11.58200 -80.30000
v 11.43150 11.58200 -81.40000
v 12.38420 11.58200 -81.95000
v 13.33680 11.58200 -81.40000
v 13.33680 11.58200 -80.30000
v 14.28940 -4.00000 -79.75000
v 13.33680 -4.00000 -80.30000
v 13.33680 -4.00000 -81.40000
v 14.28940 -4.00000 -81.95000
v 15.24200 -4.00000 -81.40000
v 15.24200 -4.00000 -80.30000
v 14.28940 11.69370 -79.75000
v 13.33680 11.69370 -80.30000
v 13.33680 11.69370 -81.40000
v 14.28940 11.69370 -81.95000
v 15.24200 11.69370 -81.40000
v 15.24200 11.69370 -80.30000
v 16.19470 -4.00000 -79.75000
v 15.24200 -4.00000 -80.30000
v 15.24200 -4.00000 -81.40000
v 16.19470 -4.00000 -81.95000
v 17.14730 -4.00000 -81.40000
v 17.14730 -4.00000 -80.30000
v 16.19470 11.53810 -79.75000
v 15.24200 11.53810 -80.30000
v 15.24200 11.53810 -81.40000
v 16.19470 11.53810 -81.95000
v 17.14730 11.53810 -81.40000
v 17.14730 11.53810 -80.30000
v 18.09990 -4.00000 -79.75000
v 17.14730 -4.00000 -80.30000
v 17.14730 -4.00000 -81.40000
v 18.09990 -4.00000 -81.95000
v 19.05260 -4.00000 -81.40000
v 19.05260 -4.00000 -80.30000
v 18.09990 12.46680 -79.75000
v 17.14730 12.46680 -80.30000
v 17.14730 12.46680 -81.40000
v 18.09990 12.46680 -81.95000
v 19.05260 12.46680 -81.40000
v 19.05260 12.46680 -80.30000
v 20.00520 -4.00000 -79.75000
v 19.05260 -4.00000 -80.30000
v 19.05260 -4.00000 -81.40000
v 20.00520 -4.00000 -81.95000
v 20.95780 -4.00000 -81.40000
v 20.95780 -4.00000 -80.30000
v 20.00520 13.38340 -79.75000
v 19.05260 13.38340 -80.30000
v 19.05260 13.38340 -81.40000
v 20.00520 13.38340 -81.95000
v 20.95780 13.38340 -81.40000
v 20.95780 13.38340 -80.30000
v 21.91040 -4.00000 -79.75000
v 20.95780 -4.00000 -80.30000
v 20.95780 -4.00000 -81.40000
v 21.91040 -4.00000 -81.95000
v 22.86310 -4.00000 -81.40000
v 22.86310 -4.00000 -80.30000
v 21.91040 11.95550 -79.75000
v 20.95780 11.95550 -80.30000
v 20.95780 11.95550 -81.40000
v 21.91040 11.95550 -81.95000
v 22.86310 11.95550 -81.40000
v 22.86310 11.95550 -80.30000
v 23.81570 -4.00000 -79.75000
v 22.86310 -4.00000 -80.30000
v 22.86310 -4.00000 -81.40000
v 23.81570 -4.00000 -81.95000
v 24.76830 -4.00000 -81.40000
v 24.76830 -4.00000 -80.30000
v 23.81570 13.73160 -79.75000
v 22.86310 13.73160 -80.30000
v 22.86310 13.73160 -81.40000
v 23.81570 13.73160 -81.95000
v 24.76830 13.73160 -81.40000
v 24.76830 13.73160 -80.30000
v 25.72100 -4.00000 -79.75000
v 24.76830 -4.00000 -80.30000
v 24.76830 -4.00000 -81.40000
v 25.72100 -4.00000 -81.95000
v 26.67360 -4.00000 -81.40000
v 26.67360 -4.00000 -80.30000
v 25.72100 13.66510 -79.75000
v 24.76830 13.66510 -80.30000
v 24.76830 13.66510 -81.40000
v 25.72100 13.66510 -81.95000
v 26.67360 13.66510 -81.40000
v 26.67360 13.66510 -80.30000
v 27.62620 -4.00000 -79.75000
v 26.67360 -4.00000 -80.30000
v 26.67360 -4.00000 -81.40000
v 27.62620 -4.00000 -81.95000
v 28.57880 -4.00000 -81.40000
v 28.57880 -4.00000 -80.30000
v 27.62620 14.00000 -79.75000
v 26.67360 14.00000 -80.30000
v 26.67360 14.00000 -81.40000
v 27.62620 14.00000 -81.95000
v 28.57880 14.00000 -81.40000
v 28.57880 14.00000 -80.30000
v 29.53150 -4.00000 -79.75000
v 28.57880 -4.00000 -80.30000
v 28.57880 -4.00000 -81.40000
v 29.53150 -4.00000 -81.95000
v 30.48410 -4.00000 -81.40000
v 30.48410 -4.00000 -80.30000
v 29.53150 14.00000 -79.75000
v 28.57880 14.00000 -80.30000
v 28.57880 14.00000 -81.40000
v 29.53150 14.00000 -81.95000
v 30.48410 14.00000 -81.40000
v 30.48410 14.00000 -80.30000
v 31.43670 -4.00000 -79.75000
v 30.48410 -4.00000 -80.30000
v 30.48410 -4.00000 -81.40000
v 31.43670 -4.00000 -81.95000
v 32.38940 -4.00000 -81.40000
v 32.38940 -4.00000 -80.30000
v 31.43670 14.00000 -79.75000
v 30.48410 14.00000 -80.30000
v 30.48410 14.00000 -81.40000
v 31.43670 14.00000 -81.95000
v 32.38940 14.00000 -81.40000
v 32.38940 14.00000 -80.30000
v 0.00000 -4.00000 -78.10000
v -0.95260 -4.00000 -78.65000
v -0.95260 -4.00000 -79.75000
v -0.00000 -4.00000 -80.30000
v 0.95260 -4.00000 -79.75000
v 0.95260 -4.00000 -78.65000
v 0.00000 12.64890 -78.10000
v -0.95260 12.64890 -78.65000
v -0.95260 12.64890 -79.75000
v -0.00000 12.64890 -80.30000
v 0.95260 12.64890 -79.75000
v 0.95260 12.64890 -78.65000
v 1.90530 -4.00000 -78.10000
v 0.95260 -4.00000 -78.65000
v 0.95260 -4.00000 -79.75000
v 1.90530 -4.00000 -80.30000
v 2.85790 -4.00000 -79.75000
v 2.85790 -4.00000 -78.65000
v 1.90530 9.93230 -78.10000
v 0.95260 9.93230 -78.65000
v 0.95260 9.93230 -79.75000
v 1.90530 9.93230 -80.30000
v 2.85790 9.93230 -79.75000
v 2.85790 9.93230 -78.65000
v 3.81050 -4.00000 -78.10000
v 2.85790 -4.00000 -78.65000
v 2.85790 -4.00000 -79.75000
v 3.81050 -4.00000 -80.30000
v 4.76310 -4.00000 -79.75000
v 4.76310 -4.00000 -78.65000
v 3.81050 10.89580 -78.10000
v 2.85790 10.89580 -78.65000
v 2.85790 10.89580 -79.75000
v 3.81050 10.89580 -80.30000
v 4.76310 10.89580 -79.75000
v 4.76310 10.89580 -78.65000
v 5.71580 -4.00000 -78.10000
v 4.76310 -4.00000 -78.65000
v 4.76310 -4.00000 -79.75000
v 5.71580 -4.00000 -80.30000
v 6.66840 -4.00000 -79.75000
v 6.66840 -4.00000 -78.65000
v 5.71580 9.60100 -78.10000
v 4.76310 9.60100 -78.65000
v 4.76310 9.60100 -79.75000
v 5.71580 9.60100 -80.30000
v 6.66840 9.60100 -79.75000
v 6.66840 9.60100 -78.65000
v 7.62100 -4.00000 -78.10000
v 6.66840 -4.00000 -78.65000
v 6.66840 -4.00000 -79.75000
v 7.62100 -4.00000 -80.30000
v 8.57370 -4.00000 -79.75000
v 8.57370 -4.00000 -78.65000
v 7.62100 12.76590 -78.10000
v 6.66840 12.76590 -78.65000
v 6.66840 12.76590 -79.75000
v 7.62100 12.76590 -80.30000
v 8.57370 12.76590 -79.75000
v 8.57370 12.76590 -78.65000
v 9.52630 -4.00000 -78.10000
v 8.57370 -4.00000 -78.65000
v 8.57370 -4.00000 -79.75000
v 9.52630 -4.00000 -80.30000
v 10.47890 -4.00000 -79.75000
v 10.47890 -4.00000 -78.65000
v 9.52630 11.22560 -78.10000
v 8.57370 11.22560 -78.65000
v 8.57370 11.22560 -79.75000
v 9.52630 11.22560 -80.30000
v 10.47890 11.22560 -79.75000
v 10.47890 11.22560 -78.65000
v 11.43150 -4.00000 -78.10000
v 10.47890 -4.00000 -78.65000
v 10.47890 -4.00000 -79.75000
v 11.43150 -4.00000 -80.30000
v 12.38420 -4.00000 -79.75000
v 12.38420 -4.00000 -78.65000
v 11.43150 13.20590 -78.10000
v 10.47890 13.20590 -78.65000
v 10.47890 13.20590 -79.75000
v 11.43150 13.20590 -80.30000
v 12.38420 13.20590 -79.75000
v 12.38420 13.20590 -78.65000
v 13.33680 -4.00000 -78.10000
v 12.38420 -4.00000 -78.65000
v 12.38420 -4.00000 -79.75000
v 13.33680 -4.00000 -80.30000
v 14.28940 -4.00000 -79.75000
v 14.28940 -4.00000 -78.65000
v 13.33680 11.67910 -78.10000
v 12.38420 11.67910 -78.65000
v 12.38420 11.67910 -79.75000
v 13.33680 11.67910 -80.30000
v 14.28940 11.67910 -79.75000
v 14.28940 11.67910 -78.65000
v 15.24200 -4.00000 -78.10000
v 14.28940 -4.00000 -78.65000
v 14.28940 -4.00000 -79.75000
v 15.24200 -4.00000 -80.30000
v 16.19470 -4.00000 -79.75000
v 16.19470 -4.00000 -78.65000
v 15.24200 11.09540 -78.10000
v 14.28940 11.09540 -78.65000
v 14.28940 11.09540 -79.75000
v 15.24200 11.09540 -80.30000
v 16.19470 11.09540 -79.75000
v 16.19470 11.09540 -78.65000
v 17.14730 -4.00000 -78.10000
v 16.19470 -4.00000 -78.65000
v 16.19470 -4.00000 -79.75000
v 17.14730 -4.00000 -80.30000
v 18.09990 -4.00000 -79.75000
v 18.09990 -4.00000 -78.65000
v 17.14730 11.73610 -78.10000
v 16.19470 11.73610 -78.65000
v 16.19470 11.73610 -79.75000
v 17.14730 11.73610 -80.30000
v 18.09990 11.73610 -79.75000
v 18.09990 11.73610 -78.65000
v 19.05260 -4.00000 -78.10000
v 18.09990 -4.00000 -78.65000
v 18.09990 -4.00000 -79.75000
v 19.05260 -4.00000 -80.30000
v 20.00520 -4.00000 -79.75000
v 20.00520 -4.00000 -78.65000
v 19.05260 12.48800 -78.10000
v 18.09990 12.48800 -78.65000
v 18.09990 12.48800 -79.75000
v 19.05260 12.48800 -80.30000
v 20.00520 12.48800 -79.75000
v 20.00520 12.48800 -78.65000
v 20.95780 -4.00000 -78.10000
v 20.00520 -4.00000 -78.65000
v 20.00520 -4.00000 -79.75000
v 20.95780 -4.00000 -80.30000
v 21.91040 -4.00000 -79.75000
v 21.91040 -4.00000 -78.65000
v 20.95780 11.23700 -78.10000
v 20.00520 11.23700 -78.65000
v 20.00520 11.23700 -79.75000
v 20.95780 11.23700 -80.30000
v 21.91040 11.23700 -79.75000
v 21.91040 11.23700 -78.65000
v 22.86310 -4.00000 -78.10000
v 21.91040 -4.00000 -78.65000
v 21.91040 -4.00000 -79.75000
v 22.86310 -4.00000 -80.30000
v 23.81570 -4.00000 -79.75000
v 23.81570 -4.00000 -78.65000
v 22.86310 12.84070 -78.10000
v 21.91040 12.84070 -78.65000
v 21.91040 12.84070 -79.75000
v 22.86310 12.84070 -80.30000
v 23.81570 12.84070 -79.75000
v 23.81570 12.84070 -78.65000
v 24.76830 -4.00000 -78.10000
v 23.81570 -4.00000 -78.65000
v 23.81570 -4.00000 -79.75000
v 24.76830 -4.00000 -80.30000
v 25.72100 -4.00000 -79.75000
v 25.72100 -4.00000 -78.65000
v 24.76830 13.13690 -78.10000
v 23.81570 13.13690 -78.65000
v 23.81570 13.13690 -79.75000
v 24.76830 13.13690 -80.30000
v 25.72100 13.13690 -79.75000
v 25.72100 13.13690 -78.65000
v 26.67360 -4.00000 -78.10000
v 25.72100 -4.00000 -78.65000
v 25.72100 -4.00000 -79.75000
v 26.67360 -4.00000 -80.30000
v 27.62620 -4.00000 -79.75000
v 27.62620 -4.00000 -78.65000
v 26.67360 14.00000 -78.10000
v 25.72100 14.00000 -78.65000
v 25.72100 14.00000 -79.75000
v 26.67360 14.00000 -80.30000
v 27.62620 14.00000 -79.75000
v 27.62620 14.00000 -78.65000
v 28.57880 -4.00000 -78.10000
v 27.62620 -4.00000 -78.65000
v 27.62620 -4.00000 -79.75000
v 28.57880 -4.00000 -80.30000
v 29.53150 -4.00000 -79.75000
v 29.53150 -4.00000 -78.65000
v 28.57880 14.00000 -78.10000
v 27.62620 14.00000 -78.65000
v 27.62620 14.00000 -79.75000
v 28.57880 14.00000 -80.30000
v 29.53150 14.00000 -79.75000
v 29.53150 14.00000 -78.65000
v 30.48410 -4.00000 -78.10000
v 29.53150 -4.00000 -78.65000
v 29.53150 -4.00000 -79.75000
v 30.48410 -4.00000 -80.30000
v 31.43670 -4.00000 -79.75000
v 31.43670 -4.00000 -78.65000
v 30.48410 14.00000 -78.10000
v 29.53150 14.00000 -78.65000
v 29.53150 14.00000 -79.75000
v 30.48410 14.00000 -80.30000
v 31.43670 14.00000 -79.75000
v 31.43670 14.00000 -78.65000
v 32.38940 -4.00000 -78.10000
v 31.43670 -4.00000 -78.65000
v 31.43670 -4.00000 -79.75000
v 32.38940 -4.00000 -80.30000
v 33.34200 -4.00000 -79.75000
v 33.34200 -4.00000 -78.65000
v 32.38940 14.00000 -78.10000
v 31.43670 14.00000 -78.65000
v 31.43670 14.00000 -79.75000
v 32.38940 14.00000 -80.30000
v 33.34200 14.00000 -79.75000
v 33.34200 14.00000 -78.65000
v 34.29460 -4.00000 -78.10000
v 33.34200 -4.00000 -78.65000
v 33.34200 -4.00000 -79.75000
v 34.29460 -4.00000 -80.30000
v 35.24720 -4.00000 -79.75000
v 35.24720 -4.00000 -78.65000
v 34.29460 14.00000 -78.10000
v 33.34200 14.00000 -78.65000
v 33.34200 14.00000 -79.75000
v 34.29460 14.00000 -80.30000
v 35.24720 14.00000 -79.75000
v 35.24720 14.00000 -78.65000
v 16.19470 -4.00000 -76.45000
v 15.24200 -4.00000 -77.00000
v 15.24200 -4.00000 -78.10000
v 16.19470 -4.00000 -78.65000
v 17.14730 -4.00000 -78.10000
v 17.14730 -4.00000 -77.00000
v 16.19470 11.08880 -76.45000
v 15.24200 11.08880 -77.00000
v 15.24200 11.08880 -78.10000
v 16.19470 11.08880 -78.65000
v 17.14730 11.08880 -78.10000
v 17.14730 11.08880 -77.00000
v 18.09990 -4.00000 -76.45000
v 17.14730 -4.00000 -77.00000
v 17.14730 -4.00000 -78.10000
v 18.09990 -4.00000 -78.65000
v 19.05260 -4.00000 -78.10000
v 19.05260 -4.00000 -77.00000
v 18.09990 9.30460 -76.45000
v 17.14730 9.30460 -77.00000
v 17.14730 9.30460 -78.10000
v 18.09990 9.30460 -78.65000
v 19.05260 9.30460 -78.10000
v 19.05260 9.30460 -77.00000
v 20.00520 -4.00000 -76.45000
v 19.05260 -4.00000 -77.00000
v 19.05260 -4.00000 -78.10000
v 20.00520 -4.00000 -78.65000
v 20.95780 -4.00000 -78.10000
v 20.95780 -4.00000 -77.00000
v 20.00520 12.65190 -76.45000
v 19.05260 12.65190 -77.00000
v 19.05260 12.65190 -78.10000
v 20.00520 12.65190 -78.65000
v 20.95780 12.65190 -78.10000
v 20.95780 12.65190 -77.00000
v 21.91040 -4.00000 -76.45000
v 20.95780 -4.00000 -77.00000
v 20.95780 -4.00000 -78.10000
v 21.91040 -4.00000 -78.65000
v 22.86310 -4.00000 -78.10000
v 22.86310 -4.00000 -77.00000
v 21.91040 10.91540 -76.45000
v 20.95780 10.91540 -77.00000
v 20.95780 10.91540 -78.10000
v 21.91040 10.91540 -78.65000
v 22.86310 10.91540 -78.10000
v 22.86310 10.91540 -77.00000
v 23.81570 -4.00000 -76.45000
v 22.86310 -4.00000 -77.00000
v 22.86310 -4.00000 -78.10000
v 23.81570 -4.00000 -78.65000
v 24.76830 -4.00000 -78.10000
v 24.76830 -4.00000 -77.00000
v 23.81570 11.97540 -76.45000
v 22.86310 11.97540 -77.00000
v 22.86310 11.97540 -78.10000
v 23.81570 11.97540 -78.65000
v 24.76830 11.97540 -78.10000
v 24.76830 11.97540 -77.00000
v 25.72100 -4.00000 -76.45000
v 24.76830 -4.00000 -77.00000
v 24.76830 -4.00000 -78.10000
v 25.72100 -4.00000 -78.65000
v 26.67360 -4.00000 -78.10000
v 26.67360 -4.00000 -77.00000
v 25.72100 14.00000 -76.45000
v 24.76830 14.00000 -77.00000
v 24.76830 14.00000 -78.10000
v 25.72100 14.00000 -78.65000
v 26.67360 14.00000 -78.10000
v 26.67360 14.00000 -77.00000
v 27.62620 -4.00000 -76.45000
v 26.67360 -4.00000 -77.00000
v 26.67360 -4.00000 -78.10000
v 27.62620 -4.00000 -78.65000
v 28.57880 -4.00000 -78.10000
v 28.57880 -4.00000 -77.00000
v 27.62620 14.00000 -76.45000
v 26.67360 14.00000 -77.00000
v 26.67360 14.00000 -78.10000
v 27.62620 14.00000 -78.65000
v 28.57880 14.00000 -78.10000
v 28.57880 14.00000 -77.00000
v 29.53150 -4.00000 -76.45000
v 28.57880 -4.00000 -77.00000
v 28.57880 -4.00000 -78.10000
v 29.53150 -4.00000 -78.65000
v 30.48410 -4.00000 -78.10000
v 30.48410 -4.00000 -77.00000
v 29.53150 14.00000 -76.45000
v 28.57880 14.00000 -77.00000
v 28.57880 14.00000 -78.10000
v 29.53150 14.00000 -78.65000
v 30.48410 14.00000 -78.10000
v 30.48410 14.00000 -77.00000
v 31.43670 -4.00000 -76.45000
v 30.48410 -4.00000 -77.00000
v 30.48410 -4.00000 -78.10000
v 31.43670 -4.00000 -78.65000
v 32.38940 -4.00000 -78.10000
v 32.38940 -4.00000 -77.00000
v 31.43670 14.00000 -76.45000
v 30.48410 14.00000 -77.00000
v 30.48410 14.00000 -78.10000
v 31.43670 14.00000 -78.65000
v 32.38940 14.00000 -78.10000
v 32.38940 14.00000 -77.00000
v 33.34200 -4.00000 -76.45000
v 32.38940 -4.00000 -77.00000
v 32.38940 -4.00000 -78.10000
v 33.34200 -4.00000 -78.65000
v 34.29460 -4.00000 -78.10000
v 34.29460 -4.00000 -77.00000
v 33.34200 14.00000 -76.45000
v 32.38940 14.00000 -77.00000
v 32.38940 14.00000 -78.10000
v 33.34200 14.00000 -78.65000
v 34.29460 14.00000 -78.10000
v 34.29460 14.00000 -77.00000
v 35.24720 -4.00000 -76.45000
v 34.29460 -4.00000 -77.00000
v 34.29460 -4.00000 -78.10000
v 35.24720 -4.00000 -78.65000
v 36.19990 -4.00000 -78.10000
v 36.19990 -4.00000 -77.00000
v 35.24720 14.00000 -76.45000
v 34.29460 14.00000 -77.00000
v 34.29460 14.00000 -78.10000
v 35.24720 14.00000 -78.65000
v 36.19990 14.00000 -78.10000
v 36.19990 14.00000 -77.00000
v 37.15250 -4.00000 -76.45000
v 36.19990 -4.00000 -77.00000
v 36.19990 -4.00000 -78.10000
v 37.15250 -4.00000 -78.65000
v 38.10510 -4.00000 -78.10000
v 38.10510 -4.00000 -77.00000
v 37.15250 14.00000 -76.45000
v 36.19990 14.00000 -77.00000
v 36.19990 14.00000 -78.10000
v 37.15250 14.00000 -78.65000
v 38.10510 14.00000 -78.10000
v 38.10510 14.00000 -77.00000
v 39.05770 -4.00000 -76.45000
v 38.10510 -4.00000 -77.00000
v 38.10510 -4.00000 -78.10000
v 39.05770 -4.00000 -78.65000
v 40.01040 -4.00000 -78.10000
v 40.01040 -4.00000 -77.00000
v 39.05770 14.00000 -76.45000
v 38.10510 14.00000 -77.00000
v 38.10510 14.00000 -78.10000
v 39.05770 14.00000 -78.65000
v 40.01040 14.00000 -78.10000
v 40.01040 14.00000 -77.00000
v 22.86310 -4.00000 -74.80000
v 21.91040 -4.00000 -75.35000
v 21.91040 -4.00000 -76.45000
v 22.86310 -4.00000 -77.00000
v 23.81570 -4.00000 -76.45000
v 23.81570 -4.00000 -75.35000
v 22.86310 10.32310 -74.80000
v 21.91040 10.32310 -75.35000
v 21.91040 10.32310 -76.45000
v 22.86310 10.32310 -77.00000
v 23.81570 10.32310 -76.45000
v 23.81570 10.32310 -75.35000
v 24.76830 -4.00000 -74.80000
v 23.81570 -4.00000 -75.35000
v 23.81570 -4.00000 -76.45000
v 24.76830 -4.00000 -77.00000
v 25.72100 -4.00000 -76.45000
v 25.72100 -4.00000 -75.35000
v 24.76830 11.16280 -74.80000
v 23.81570 11.16280 -75.35000
v 23.81570 11.16280 -76.45000
v 24.76830 11.16280 -77.00000
v 25.72100 11.16280 -76.45000
v 25.72100 11.16280 -75.35000
v 26.67360 -4.00000 -74.80000
v 25.72100 -4.00000 -75.35000
v 25.72100 -4.00000 -76.45000
v 26.67360 -4.00000 -77.00000
v 27.62620 -4.00000 -76.45000
v 27.62620 -4.00000 -75.35000
v 26.67360 14.00000 -74.80000
v 25.72100 14.00000 -75.35000
v 25.72100 14.00000 -76.45000
v 26.67360 14.00000 -77.00000
v 27.62620 14.00000 -76.45000
v 27.62620 14.00000 -75.35000
v 28.57880 -4.00000 -74.80000
v 27.62620 -4.00000 -75.35000
v 27.62620 -4.00000 -76.45000
v 28.57880 -4.00000 -77.00000
v 29.53150 -4.00000 -76.45000
v 29.53150 -4.00000 -75.35000
v 28.57880 14.00000 -74.80000
v 27.62620 14.00000 -75.35000
v 27.62620 14.00000 -76.45000
v 28.57880 14.00000 -77.00000
v 29.53150 14.00000 -76.45000
v 29.53150 14.00000 -75.35000
v 30.48410 -4.00000 -74.80000
v 29.53150 -4.00000 -75.35000
v 29.53150 -4.00000 -76.45000
v 30.48410 -4.00000 -77.00000
v 31.43670 -4.00000 -76.45000
v 31.43670 -4.00000 -75.35000
v 30.48410 14.00000 -74.80000
v 29.53150 14.00000 -75.35000
v 29.53150 14.00000 -76.45000
v 30.48410 14.00000 -77.00000
v 31.43670 14.00000 -76.45000
v 31.43670 14.00000 -75.35000
v 32.38940 -4.00000 -74.80000
v 31.43670 -4.00000 -75.35000
v 31.43670 -4.00000 -76.45000
v 32.38940 -4.00000 -77.00000
v 33.34200 -4.00000 -76.45000
v 33.34200 -4.00000 -75.35000
v 32.38940 14.00000 -74.80000
v 31.43670 14.00000 -75.35000
v 31.43670 14.00000 -76.45000
v 32.38940 14.00000 -77.00000
v 33.34200 14.00000 -76.45000
v 33.34200 14.00000 -75.35000
v 34.29460 -4.00000 -74.80000
v 33.34200 -4.00000 -75.35000
v 33.34200 -4.00000 -76.45000
v 34.29460 -4.00000 -77.00000
v 35.24720 -4.00000 -76.45000
v 35.24720 -4.00000 -75.35000
v 34.29460 14.00000 -74.80000
v 33.34200 14.00000 -75.35000
v 33.34200 14.00000 -76.45000
v 34.29460 14.00000 -77.00000
v 35.24720 14.00000 -76.45000
v 35.24720 14.00000 -75.35000
v 36.19990 -4.00000 -74.80000
v 35.24720 -4.00000 -75.35000
v 35.24720 -4.00000 -76.45000
v 36.19990 -4.00000 -77.00000
v 37.15250 -4.00000 -76.45000
v 37.15250 -4.00000 -75.35000
v 36.19990 14.00000 -74.80000
v 35.24720 14.00000 -75.35000
v 35.24720 14.00000 -76.45000
v 36.19990 14.00000 -77.00000
v 37.15250 14.00000 -76.45000
v 37.15250 14.00000 -75.35000
v 38.10510 -4.00000 -74.80000
v 37.15250 -4.00000 -75.35000
v 37.15250 -4.00000 -76.45000
v 38.10510 -4.00000 -77.00000
v 39.05770 -4.00000 -76.45000
v 39.05770 -4.00000 -75.35000
v 38.10510 14.00000 -74.80000
v 37.15250 14.00000 -75.35000
v 37.15250 14.00000 -76.45000
v 38.10510 14.00000 -77.00000
v 39.05770 14.00000 -76.45000
v 39.05770 14.00000 -75.35000
v 40.01040 -4.00000 -74.80000
v 39.05770 -4.00000 -75.35000
v 39.05770 -4.00000 -76.45000
v 40.01040 -4.00000 -77.00000
v 40.96300 -4.00000 -76.45000
v 40.96300 -4.00000 -75.35000
v 40.01040 14.00000 -74.80000
v 39.05770 14.00000 -75.35000
v 39.05770 14.00000 -76.45000
v 40.01040 14.00000 -77.00000
v 40.96300 14.00000 -76.45000
v 40.96300 14.00000 -75.35000
v 41.91560 -4.00000 -74.80000
v 40.96300 -4.00000 -75.35000
v 40.96300 -4.00000 -76.45000
v 41.91560 -4.00000 -77.00000
v 42.86830 -4.00000 -76.45000
v 42.86830 -4.00000 -75.35000
v 41.91560 14.00000 -74.80000
v 40.96300 14.00000 -75.35000
v 40.96300 14.00000 -76.45000
v 41.91560 14.00000 -77.00000
v 42.86830 14.00000 -76.45000
v 42.86830 14.00000 -75.35000
v 27.62620 -4.00000 -73.15000
v 26.67360 -4.00000 -73.70000
v 26.67360 -4.00000 -74.80000
v 27.62620 -4.00000 -75.35000
v 28.57880 -4.00000 -74.80000
v 28.57880 -4.00000 -73.70000
v 27.62620 14.00000 -73.15000
v 26.67360 14.00000 -73.70000
v 26.67360 14.00000 -74.80000
v 27.62620 14.00000 -75.35000
v 28.57880 14.00000 -74.80000
v 28.57880 14.00000 -73.70000
v 29.53150 -4.00000 -73.15000
v 28.57880 -4.00000 -73.70000
v 28.57880 -4.00000 -74.80000
v 29.53150 -4.00000 -75.35000
v 30.48410 -4.00000 -74.80000
v 30.48410 -4.00000 -73.70000
v 29.53150 14.00000 -73.15000
v 28.57880 14.00000 -73.70000
v 28.57880 14.00000 -74.80000
v 29.53150 14.00000 -75.35000
v 30.48410 14.00000 -74.80000
v 30.48410 14.00000 -73.70000
v 31.43670 -4.00000 -73.15000
v 30.48410 -4.00000 -73.70000
v 30.48410 -4.00000 -74.80000
v 31.43670 -4.00000 -75.35000
v 32.38940 -4.00000 -74.80000
v 32.38940 -4.00000 -73.70000
v 31.43670 14.00000 -73.15000
v 30.48410 14.00000 -73.70000
v 30.48410 14.00000 -74.80000
v 31.43670 14.00000 -75.35000
v 32.38940 14.00000 -74.80000
v 32.38940 14.00000 -73.70000
v 33.34200 -4.00000 -73.15000
v 32.38940 -4.00000 -73.70000
v 32.38940 -4.00000 -74.80000
v 33.34200 -4.00000 -75.35000
v 34.29460 -4.00000 -74.80000
v 34.29460 -4.00000 -73.70000
v 33.34200 14.00000 -73.15000
v 32.38940 14.00000 -73.70000
v 32.38940 14.00000 -74.80000
v 33.34200 14.00000 -75.35000
v 34.29460 14.00000 -74.80000
v 34.29460 14.00000 -73.70000
v 35.24720 -4.00000 -73.15000
v 34.29460 -4.00000 -73.70000
v 34.29460 -4.00000 -74.80000
v 35.24720 -4.00000 -75.35000
v 36.19990 -4.00000 -74.80000
v 36.19990 -4.00000 -73.70000
v 35.24720 14.00000 -73.15000
v 34.29460 14.00000 -73.70000
v 34.29460 14.00000 -74.80000
v 35.24720 14.00000 -75.35000
v 36.19990 14.00000 -74.80000
v 36.19990 14.00000 -73.70000
v 37.15250 -4.00000 -73.15000
v 36.19990 -4.00000 -73.70000
v 36.19990 -4.00000 -74.80000
v 37.15250 -4.00000 -75.35000
v 38.10510 -4.00000 -74.80000
v 38.10510 -4.00000 -73.70000
v 37.15250 14.00000 -73.15000
v 36.19990 14.00000 -73.70000
v 36.19990 14.00000 -74.80000
v 37.15250 14.00000 -75.35000
v 38.10510 14.00000 -74.80000
v 38.10510 14.00000 -73.70000
v 39.05770 -4.00000 -73.15000
v 38.10510 -4.00000 -73.70000
v 38.10510 -4.00000 -74.80000
v 39.05770 -4.00000 -75.35000
v 40.01040 -4.00000 -74.80000
v 40.01040 -4.00000 -73.70000
v 39.05770 14.00000 -73.15000
v 38.10510 14.00000 -73.70000
v 38.10510 14.00000 -74.80000
v 39.05770 14.00000 -75.35000
v 40.01040 14.00000 -74.80000
v 40.01040 14.00000 -73.70000
v 40.96300 -4.00000 -73.15000
v 40.01040 -4.00000 -73.70000
v 40.01040 -4.00000 -74.80000
v 40.96300 -4.00000 -75.35000
v 41.91560 -4.00000 -74.80000
v 41.91560 -4.00000 -73.70000
v 40.96300 14.00000 -73.15000
v 40.01040 14.00000 -73.70000
v 40.01040 14.00000 -74.80000
v 40.96300 14.00000 -75.35000
v 41.91560 14.00000 -74.80000
v 41.91560 14.00000 -73.70000
v 42.86830 -4.00000 -73.15000
v 41.91560 -4.00000 -73.70000
v 41.91560 -4.00000 -74.80000
v 42.86830 -4.00000 -75.35000
v 43.82090 -4.00000 -74.80000
v 43.82090 -4.00000 -73.70000
v 42.86830 14.00000 -73.15000
v 41.91560 14.00000 -73.70000
v 41.91560 14.00000 -74.80000
v 42.86830 14.00000 -75.35000
v 43.82090 14.00000 -74.80000
v 43.82090 14.00000 -73.70000
v 44.77350 -4.00000 -73.15000
v 43.82090 -4.00000 -73.70000
v 43.82090 -4.00000 -74.80000
v 44.77350 -4.00000 -75.35000
v 45.72610 -4.00000 -74.80000
v 45.72610 -4.00000 -73.70000
v 44.77350 14.00000 -73.15000
v 43.82090 14.00000 -73.70000
v 43.82090 14.00000 -74.80000
v 44.77350 14.00000 -75.35000
v 45.72610 14.00000 -74.80000
v 45.72610 14.00000 -73.70000
v 32.38940 -4.00000 -71.50000
v 31.43670 -4.00000 -72.05000
v 31.43670 -4.00000 -73.15000
v 32.38940 -4.00000 -73.70000
v 33.34200 -4.00000 -73.15000
v 33.34200 -4.00000 -72.05000
v 32.38940 14.00000 -71.50000
v 31.43670 14.00000 -72.05000
v 31.43670 14.00000 -73.15000
v 32.38940 14.00000 -73.70000
v 33.34200 14.00000 -73.15000
v 33.34200 14.00000 -72.05000
v 34.29460 -4.00000 -71.50000
v 33.34200 -4.00000 -72.05000
v 33.34200 -4.00000 -73.15000
v 34.29460 -4.00000 -73.70000
v 35.24720 -4.00000 -73.15000
v 35.24720 -4.00000 -72.05000
v 34.29460 14.00000 -71.50000
v 33.34200 14.00000 -72.05000
v 33.34200 14.00000 -73.15000
v 34.29460 14.00000 -73.70000
v 35.24720 14.00000 -73.15000
v 35.24720 14.00000 -72.05000
v 36.19990 -4.00000 -71.50000
v 35.24720 -4.00000 -72.05000
v 35.24720 -4.00000 -73.15000
v 36.19990 -4.00000 -73.70000
v 37.15250 -4.00000 -73.15000
v 37.15250 -4.00000 -72.05000
v 36.19990 14.00000 -71.50000
v 35.24720 14.00000 -72.05000
v 35.24720 14.00000 -73.15000
v 36.19990 14.00000 -73.70000
v 37.15250 14.00000 -73.15000
v 37.15250 14.00000 -72.05000
v 38.10510 -4.00000 -71.50000
v 37.15250 -4.00000 -72.05000
v 37.15250 -4.00000 -73.15000
v 38.10510 -4.00000 -73.70000
v 39.05770 -4.00000 -73.15000
v 39.05770 -4.00000 -72.05000
v 38.10510 14.00000 -71.50000
v 37.15250 14.00000 -72.05000
v 37.15250 14.00000 -73.15000
v 38.10510 14.00000 -73.70000
v 39.05770 14.00000 -73.15000
v 39.05770 14.00000 -72.05000
v 40.01040 -4.00000 -71.50000
v 39.05770 -4.00000 -72.05000
v 39.05770 -4.00000 -73.15000
v 40.01040 -4.00000 -73.70000
v 40.96300 -4.00000 -73.15000
v 40.96300 -4.00000 -72.05000
v 40.01040 14.00000 -71.50000
v 39.05770 14.00000 -72.05000
v 39.05770 14.00000 -73.15000
v 40.01040 14.00000 -73.70000
v 40.96300 14.00000 -73.15000
v 40.96300 14.00000 -72.05000
v 41.91560 -4.00000 -71.50000
v 40.96300 -4.00000 -72.05000
v 40.96300 -4.00000 -73.15000
v 41.91560 -4.00000 -73.70000
v 42.86830 -4.00000 -73.15000
v 42.86830 -4.00000 -72.05000
v 41.91560 14.00000 -71.50000
v 40.96300 14.00000 -72.05000
v 40.96300 14.00000 -73.15000
v 41.91560 14.00000 -73.70000
v 42.86830 14.00000 -73.15000
v 42.86830 14.00000 -72.05000
v 43.82090 -4.00000 -71.50000
v 42.86830 -4.00000 -72.05000
v 42.86830 -4.00000 -73.15000
v 43.82090 -4.00000 -73.70000
v 44.77350 -4.00000 -73.15000
v 44.77350 -4.00000 -72.05000
v 43.82090 14.00000 -71.50000
v 42.86830 14.00000 -72.05000
v 42.86830 14.00000 -73.15000
v 43.82090 14.00000 -73.70000
v 44.77350 14.00000 -73.15000
v 44.77350 14.00000 -72.05000
v 45.72610 -4.00000 -71.50000
v 44.77350 -4.00000 -72.05000
v 44.77350 -4.00000 -73.15000
v 45.72610 -4.00000 -73.70000
v 46.67880 -4.00000 -73.15000
v 46.67880 -4.00000 -72.05000
v 45.72610 14.00000 -71.50000
v 44.77350 14.00000 -72.05000
v 44.77350 14.00000 -73.15000
v 45.72610 14.00000 -73.70000
v 46.67880 14.00000 -73.15000
v 46.67880 14.00000 -72.05000
v 47.63140 -4.00000 -71.50000
v 46.67880 -4.00000 -72.05000
v 46.67880 -4.00000 -73.15000
v 47.63140 -4.00000 -73.70000
v 48.58400 -4.00000 -73.15000
v 48.58400 -4.00000 -72.05000
v 47.63140 14.00000 -71.50000
v 46.67880 14.00000 -72.05000
v 46.67880 14.00000 -73.15000
v 47.63140 14.00000 -73.70000
v 48.58400 14.00000 -73.15000
v 48.58400 14.00000 -72.05000
v 35.24720 -4.00000 -69.85000
v 34.29460 -4.00000 -70.40000
v 34.29460 -4.00000 -71.50000
v 35.24720 -4.00000 -72.05000
v 36.19990 -4.00000 -71.50000
v 36.19990 -4.00000 -70.40000
v 35.24720 14.00000 -69.85000
v 34.29460 14.00000 -70.40000
v 34.29460 14.00000 -71.50000
v 35.24720 14.00000 -72.05000
v 36.19990 14.00000 -71.50000
v 36.19990 14.00000 -70.40000
v 37.15250 -4.00000 -69.85000
v 36.19990 -4.00000 -70.40000
v 36.19990 -4.00000 -71.50000
v 37.15250 -4.00000 -72.05000
v 38.10510 -4.00000 -71.50000
v 38.10510 -4.00000 -70.40000
v 37.15250 14.00000 -69.85000
v 36.19990 14.00000 -70.40000
v 36.19990 14.00000 -71.50000
v 37.15250 14.00000 -72.05000
v 38.10510 14.00000 -71.50000
v 38.10510 14.00000 -70.40000
v 39.05770 -4.00000 -69.85000
v 38.10510 -4.00000 -70.40000
v 38.10510 -4.00000 -71.50000
v 39.05770 -4.00000 -72.05000
v 40.01040 -4.00000 -71.50000
v 40.01040 -4.00000 -70.40000
v 39.05770 14.00000 -69.85000
v 38.10510 14.00000 -70.40000
v 38.10510 14.00000 -71.50000
v 39.05770 14.00000 -72.05000
v 40.01040 14.00000 -71.50000
v 40.01040 14.00000 -70.40000
v 40.96300 -4.00000 -69.85000
v 40.01040 -4.00000 -70.40000
v 40.01040 -4.00000 -71.50000
v 40.96300 -4.00000 -72.05000
v 41.91560 -4.00000 -71.50000
v 41.91560 -4.00000 -70.40000
v 40.96300 14.00000 -69.85000
v 40.01040 14.00000 -70.40000
v 40.01040 14.00000 -71.50000
v 40.96300 14.00000 -72.05000
v 41.91560 14.00000 -71.50000
v 41.91560 14.00000 -70.40000
v 42.86830 -4.00000 -69.85000
v 41.91560 -4.00000 -70.40000
v 41.91560 -4.00000 -71.50000
v 42.86830 -4.00000 -72.05000
v 43.82090 -4.00000 -71.50000
v 43.82090 -4.00000 -70.40000
v 42.86830 14.00000 -69.85000
v 41.91560 14.00000 -70.40000
v 41.91560 14.00000 -71.50000
v 42.86830 14.00000 -72.05000
v 43.82090 14.00000 -71.50000
v 43.82090 14.00000 -70.40000
v 44.77350 -4.00000 -69.85000
v 43.82090 -4.00000 -70.40000
v 43.82090 -4.00000 -71.50000
v 44.77350 -4.00000 -72.05000
v 45.72610 -4.00000 -71.50000
v 45.72610 -4.00000 -70.40000
v 44.77350 14.00000 -69.85000
v 43.82090 14.00000 -70.40000
v 43.82090 14.00000 -71.50000
v 44.77350 14.00000 -72.05000
v 45.72610 14.00000 -71.50000
v 45.72610 14.00000 -70.40000
v 46.67880 -4.00000 -69.85000
v 45.72610 -4.00000 -70.40000
v 45.72610 -4.00000 -71.50000
v 46.67880 -4.00000 -72.05000
v 47.63140 -4.00000 -71.50000
v 47.63140 -4.00000 -70.40000
v 46.67880 14.00000 -69.85000
v 45.72610 14.00000 -70.40000
v 45.72610 14.00000 -71.50000
v 46.67880 14.00000 -72.05000
v 47.63140 14.00000 -71.50000
v 47.63140 14.00000 -70.40000
v 48.58400 -4.00000 -69.85000
v 47.63140 -4.00000 -70.40000
v 47.63140 -4.00000 -71.50000
v 48.58400 -4.00000 -72.05000
v 49.53670 -4.00000 -71.50000
v 49.53670 -4.00000 -70.40000
v 48.58400 14.00000 -69.85000
v 47.63140 14.00000 -70.40000
v 47.63140 14.00000 -71.50000
v 48.58400 14.00000 -72.05000
v 49.53670 14.00000 -71.50000
v 49.53670 14.00000 -70.40000
v 38.10510 -4.00000 -68.20000
v 37.15250 -4.00000 -68.75000
v 37.15250 -4.00000 -69.85000
v 38.10510 -4.00000 -70.40000
v 39.05770 -4.00000 -69.85000
v 39.05770 -4.00000 -68.75000
v 38.10510 14.00000 -68.20000
v 37.15250 14.00000 -68.75000
v 37.15250 14.00000 -69.85000
v 38.10510 14.00000 -70.40000
v 39.05770 14.00000 -69.85000
v 39.05770 14.00000 -68.75000
v 40.01040 -4.00000 -68.20000
v 39.05770 -4.00000 -68.75000
v 39.05770 -4.00000 -69.85000
v 40.01040 -4.00000 -70.40000
v 40.96300 -4.00000 -69.85000
v 40.96300 -4.00000 -68.75000
v 40.01040 14.00000 -68.20000
v 39.05770 14.00000 -68.75000
v 39.05770 14.00000 -69.85000
v 40.01040 14.00000 -70.40000
v 40.96300 14.00000 -69.85000
v 40.96300 14.00000 -68.75000
v 41.91560 -4.00000 -68.20000
v 40.96300 -4.00000 -68.75000
v 40.96300 -4.00000 -69.85000
v 41.91560 -4.00000 -70.40000
v 42.86830 -4.00000 -69.85000
v 42.86830 -4.00000 -68.75000
v 41.91560 14.00000 -68.20000
v 40.96300 14.00000 -68.75000
v 40.96300 14.00000 -69.85000
v 41.91560 14.00000 -70.40000
v 42.86830 14.00000 -69.85000
v 42.86830 14.00000 -68.75000
v 43.82090 -4.00000 -68.20000
v 42.86830 -4.00000 -68.75000
v 42.86830 -4.00000 -69.85000
v 43.82090 -4.00000 -70.40000
v 44.77350 -4.00000 -69.85000
v 44.77350 -4.00000 -68.75000
v 43.82090 14.00000 -68.20000
v 42.86830 14.00000 -68.75000
v 42.86830 14.00000 -69.85000
v 43.82090 14.00000 -70.40000
v 44.77350 14.00000 -69.85000
v 44.77350 14.00000 -68.75000
v 45.72610 -4.00000 -68.20000
v 44.77350 -4.00000 -68.75000
v 44.77350 -4.00000 -69.85000
v 45.72610 -4.00000 -70.40000
v 46.67880 -4.00000 -69.85000
v 46.67880 -4.00000 -68.75000
v 45.72610 14.00000 -68.20000
v 44.77350 14.00000 -68.75000
v 44.77350 14.00000 -69.85000
v 45.72610 14.00000 -70.40000
v 46.67880 14.00000 -69.85000
v 46.67880 14.00000 -68.75000
v 47.63140 -4.00000 -68.20000
v 46.67880 -4.00000 -68.75000
v 46.67880 -4.00000 -69.85000
v 47.63140 -4.00000 -70.40000
v 48.58400 -4.00000 -69.85000
v 48.58400 -4.00000 -68.75000
v 47.63140 14.00000 -68.20000
v 46.67880 14.00000 -68.75000
v 46.67880 14.00000 -69.85000
v 47.63140 14.00000 -70.40000
v 48.58400 14.00000 -69.85000
v 48.58400 14.00000 -68.75000
v 49.53670 -4.00000 -68.20000
v 48.58400 -4.00000 -68.75000
v 48.58400 -4.00000 -69.85000
v 49.53670 -4.00000 -70.40000
v 50.48930 -4.00000 -69.85000
v 50.48930 -4.00000 -68.75000
v 49.53670 14.00000 -68.20000
v 48.58400 14.00000 -68.75000
v 48.58400 14.00000 -69.85000
v 49.53670 14.00000 -70.40000
v 50.48930 14.00000 -69.85000
v 50.48930 14.00000 -68.75000
v 51.44190 -4.00000 -68.20000
v 50.48930 -4.00000 -68.75000
v 50.48930 -4.00000 -69.85000
v 51.44190 -4.00000 -70.40000
v 52.39450 -4.00000 -69.85000
v 52.39450 -4.00000 -68.75000
v 51.44190 14.00000 -68.20000
v 50.48930 14.00000 -68.75000
v 50.48930 14.00000 -69.85000
v 51.44190 14.00000 -70.40000
v 52.39450 14.00000 -69.85000
v 52.39450 14.00000 -68.75000
v 40.96300 -4.00000 -66.55000
v 40.01040 -4.00000 -67.10000
v 40.01040 -4.00000 -68.20000
v 40.96300 -4.00000 -68.75000
v 41.91560 -4.00000 -68.20000
v 41.91560 -4.00000 -67.10000
v 40.96300 14.00000 -66.55000
v 40.01040 14.00000 -67.10000
v 40.01040 14.00000 -68.20000
v 40.96300 14.00000 -68.75000
v 41.91560 14.00000 -68.20000
v 41.91560 14.00000 -67.10000
v 42.86830 -4.00000 -66.55000
v 41.91560 -4.00000 -67.10000
v 41.91560 -4.00000 -68.20000
v 42.86830 -4.00000 -68.75000
v 43.82090 -4.00000 -68.20000
v 43.82090 -4.00000 -67.10000
v 42.86830 14.00000 -66.55000
v 41.91560 14.00000 -67.10000
v 41.91560 14.00000 -68.20000
v 42.86830 14.00000 -68.75000
v 43.82090 14.00000 -68.20000
v 43.82090 14.00000 -67.10000
v 44.77350 -4.00000 -66.55000
v 43.82090 -4.00000 -67.10000
v 43.82090 -4.00000 -68.20000
v 44.77350 -4.00000 -68.75000
v 45.72610 -4.00000 -68.20000
v 45.72610 -4.00000 -67.10000
v 44.77350 14.00000 -66.55000
v 43.82090 14.00000 -67.10000
v 43.82090 14.00000 -68.20000
v 44.77350 14.00000 -68.75000
v 45.72610 14.00000 -68.20000
v 45.72610 14.00000 -67.10000
v 46.67880 -4.00000 -66.55000
v 45.72610 -4.00000 -67.10000
v 45.72610 -4.00000 -68.20000
v 46.67880 -4.00000 -68.75000
v 47.63140 -4.00000 -68.20000
v 47.63140 -4.00000 -67.10000
v 46.67880 14.00000 -66.55000
v 45.72610 14.00000 -67.10000
v 45.72610 14.00000 -68.20000
v 46.67880 14.00000 -68.75000
v 47.63140 14.00000 -68.20000
v 47.63140 14.00000 -67.10000
v 48.58400 -4.00000 -66.55000
v 47.63140 -4.00000 -67.10000
v 47.63140 -4.00000 -68.20000
v 48.58400 -4.00000 -68.75000
v 49.53670 -4.00000 -68.20000
v 49.53670 -4.00000 -67.10000
v 48.58400 14.00000 -66.55000
v 47.63140 14.00000 -67.10000
v 47.63140 14.00000 -68.20000
v 48.58400 14.00000 -68.75000
v 49.53670 14.00000 -68.20000
v 49.53670 14.00000 -67.10000
v 50.48930 -4.00000 -66.55000
v 49.53670 -4.00000 -67.10000
v 49.53670 -4.00000 -68.20000
v 50.48930 -4.00000 -68.75000
v 51.44190 -4.00000 -68.20000
v 51.44190 -4.00000 -67.10000
v 50.48930 14.00000 -66.55000
v 49.53670 14.00000 -67.10000
v 49.53670 14.00000 -68.20000
v 50.48930 14.00000 -68.75000
v 51.44190 14.00000 -68.20000
v 51.44190 14.00000 -67.10000
v 52.39450 -4.00000 -66.55000
v 51.44190 -4.00000 -67.10000
v 51.44190 -4.00000 -68.20000
v 52.39450 -4.00000 -68.75000
v 53.34720 -4.00000 -68.20000
v 53.34720 -4.00000 -67.10000
v 52.39450 14.00000 -66.55000
v 51.44190 14.00000 -67.10000
v 51.44190 14.00000 -68.20000
v 52.39450 14.00000 -68.75000
v 53.34720 14.00000 -68.20000
v 53.34720 14.00000 -67.10000
v 54.29980 -4.00000 -66.55000
v 53.34720 -4.00000 -67.10000
v 53.34720 -4.00000 -68.20000
v 54.29980 -4.00000 -68.75000
v 55.25240 -4.00000 -68.20000
v 55.25240 -4.00000 -67.10000
v 54.29980 14.00000 -66.55000
v 53.34720 14.00000 -67.10000
v 53.34720 14.00000 -68.20000
v 54.29980 14.00000 -68.75000
v 55.25240 14.00000 -68.20000
v 55.25240 14.00000 -67.10000
v 43.82090 -4.00000 -64.90000
v 42.86830 -4.00000 -65.45000
v 42.86830 -4.00000 -66.55000
v 43.82090 -4.00000 -67.10000
v 44.77350 -4.00000 -66.55000
v 44.77350 -4.00000 -65.45000
v 43.82090 14.00000 -64.90000
v 42.86830 14.00000 -65.45000
v 42.86830 14.00000 -66.55000
v 43.82090 14.00000 -67.10000
v 44.77350 14.00000 -66.55000
v 44.77350 14.00000 -65.45000
v 45.72610 -4.00000 -64.90000
v 44.77350 -4.00000 -65.45000
v 44.77350 -4.00000 -66.55000
v 45.72610 -4.00000 -67.10000
v 46.67880 -4.00000 -66.55000
v 46.67880 -4.00000 -65.45000
v 45.72610 14.00000 -64.90000
v 44.77350 14.00000 -65.45000
v 44.77350 14.00000 -66.55000
v 45.72610 14.00000 -67.10000
v 46.67880 14.00000 -66.55000
v 46.67880 14.00000 -65.45000
v 47.63140 -4.00000 -64.90000
v 46.67880 -4.00000 -65.45000
v 46.67880 -4.00000 -66.55000
v 47.63140 -4.00000 -67.10000
v 48.58400 -4.00000 -66.55000
v 48.58400 -4.00000 -65.45000
v 47.63140 14.00000 -64.90000
v 46.67880 14.00000 -65.45000
v 46.67880 14.00000 -66.55000
v 47.63140 14.00000 -67.10000
v 48.58400 14.00000 -66.55000
v 48.58400 14.00000 -65.45000
v 49.53670 -4.00000 -64.90000
v 48.58400 -4.00000 -65.45000
v 48.58400 -4.00000 -66.55000
v 49.53670 -4.00000 -67.10000
v 50.48930 -4.00000 -66.55000
v 50.48930 -4.00000 -65.45000
v 49.53670 14.00000 -64.90000
v 48.58400 14.00000 -65.45000
v 48.58400 14.00000 -66.55000
v 49.53670 14.00000 -67.10000
v 50.48930 14.00000 -66.55000
v 50.48930 14.00000 -65.45000
v 51.44190 -4.00000 -64.90000
v 50.48930 -4.00000 -65.45000
v 50.48930 -4.00000 -66.55000
v 51.44190 -4.00000 -67.10000
v 52.39450 -4.00000 -66.55000
v 52.39450 -4.00000 -65.45000
v 51.44190 14.00000 -64.90000
v 50.48930 14.00000 -65.45000
v 50.48930 14.00000 -66.55000
v 51.44190 14.00000 -67.10000
v 52.39450 14.00000 -66.55000
v 52.39450 14.00000 -65.45000
v 53.34720 -4.00000 -64.90000
v 52.39450 -4.00000 -65.45000
v 52.39450 -4.00000 -66.55000
v 53.34720 -4.00000 -67.10000
v 54.29980 -4.00000 -66.55000
v 54.29980 -4.00000 -65.45000
v 53.34720 14.00000 -64.90000
v 52.39450 14.00000 -65.45000
v 52.39450 14.00000 -66.55000
v 53.34720 14.00000 -67.10000
v 54.29980 14.00000 -66.55000
v 54.29980 14.00000 -65.45000
v 55.25240 -4.00000 -64.90000
v 54.29980 -4.00000 -65.45000
v 54.29980 -4.00000 -66.55000
v 55.25240 -4.00000 -67.10000
v 56.20500 -4.00000 -66.55000
v 56.20500 -4.00000 -65.45000
v 55.25240 14.00000 -64.90000
v 54.29980 14.00000 -65.45000
v 54.29980 14.00000 -66.55000
v 55.25240 14.00000 -67.10000
v 56.20500 14.00000 -66.55000
v 56.20500 14.00000 -65.45000
v 46.67880 -4.00000 -63.25000
v 45.72610 -4.00000 -63.80000
v 45.72610 -4.00000 -64.90000
v 46.67880 -4.00000 -65.45000
v 47.63140 -4.00000 -64.90000
v 47.63140 -4.00000 -63.80000
v 46.67880 14.00000 -63.25000
v 45.72610 14.00000 -63.80000
v 45.72610 14.00000 -64.90000
v 46.67880 14.00000 -65.45000
v 47.63140 14.00000 -64.90000
v 47.63140 14.00000 -63.80000
v 48.58400 -4.00000 -63.25000
v 47.63140 -4.00000 -63.80000
v 47.63140 -4.00000 -64.90000
v 48.58400 -4.00000 -65.45000
v 49.53670 -4.00000 -64.90000
v 49.53670 -4.00000 -63.80000
v 48.58400 14.00000 -63.25000
v 47.63140 14.00000 -63.80000
v 47.63140 14.00000 -64.90000
v 48.58400 14.00000 -65.45000
v 49.53670 14.00000 -64.90000
v 49.53670 14.00000 -63.80000
v 50.48930 -4.00000 -63.25000
v 49.53670 -4.00000 -63.80000
v 49.53670 -4.00000 -64.90000
v 50.48930 -4.00000 -65.45000
v 51.44190 -4.00000 -64.90000
v 51.44190 -4.00000 -63.80000
v 50.48930 14.00000 -63.25000
v 49.53670 14.00000 -63.80000
v 49.53670 14.00000 -64.90000
v 50.48930 14.00000 -65.45000
v 51.44190 14.00000 -64.90000
v 51.44190 14.00000 -63.80000
v 52.39450 -4.00000 -63.25000
v 51.44190 -4.00000 -63.80000
v 51.44190 -4.00000 -64.90000
v 52.39450 -4.00000 -65.45000
v 53.34720 -4.00000 -64.90000
v 53.34720 -4.00000 -63.80000
v 52.39450 14.00000 -63.25000
v 51.44190 14.00000 -63.80000
v 51.44190 14.00000 -64.90000
v 52.39450 14.00000 -65.45000
v 53.34720 14.00000 -64.90000
v 53.34720 14.00000 -63.80000
v 54.29980 -4.00000 -63.25000
v 53.34720 -4.00000 -63.80000
v 53.34720 -4.00000 -64.90000
v 54.29980 -4.00000 -65.45000
v 55.25240 -4.00000 -64.90000
v 55.25240 -4.00000 -63.80000
v 54.29980 14.00000 -63.25000
v 53.34720 14.00000 -63.80000
v 53.34720 14.00000 -64.90000
v 54.29980 14.00000 -65.45000
v 55.25240 14.00000 -64.90000
v 55.25240 14.00000 -63.80000
v 56.20500 -4.00000 -63.25000
v 55.25240 -4.00000 -63.80000
v 55.25240 -4.00000 -64.90000
v 56.20500 -4.00000 -65.45000
v 57.15770 -4.00000 -64.90000
v 57.15770 -4.00000 -63.80000
v 56.20500 14.00000 -63.25000
v 55.25240 14.00000 -63.80000
v 55.25240 14.00000 -64.90000
v 56.20500 14.00000 -65.45000
v 57.15770 14.00000 -64.90000
v 57.15770 14.00000 -63.80000
v 58.11030 -4.00000 -63.25000
v 57.15770 -4.00000 -63.80000
v 57.15770 -4.00000 -64.90000
v 58.11030 -4.00000 -65.45000
v 59.06290 -4.00000 -64.90000
v 59.06290 -4.00000 -63.80000
v 58.11030 14.00000 -63.25000
v 57.15770 14.00000 -63.80000
v 57.15770 14.00000 -64.90000
v 58.11030 14.00000 -65.45000
v 59.06290 14.00000 -64.90000
v 59.06290 14.00000 -63.80000
v 49.53670 -4.00000 -61.60000
v 48.58400 -4.00000 -62.15000
v 48.58400 -4.00000 -63.25000
v 49.53670 -4.00000 -63.80000
v 50.48930 -4.00000 -63.25000
v 50.48930 -4.00000 -62.15000
v 49.53670 14.00000 -61.60000
v 48.58400 14.00000 -62.15000
v 48.58400 14.00000 -63.25000
v 49.53670 14.00000 -63.80000
v 50.48930 14.00000 -63.25000
v 50.48930 14.00000 -62.15000
v 51.44190 -4.00000 -61.60000
v 50.48930 -4.00000 -62.15000
v 50.48930 -4.00000 -63.25000
v 51.44190 -4.00000 -63.80000
v 52.39450 -4.00000 -63.25000
v 52.39450 -4.00000 -62.15000
v 51.44190 14.00000 -61.60000
v 50.48930 14.00000 -62.15000
v 50.48930 14.00000 -63.25000
v 51.44190 14.00000 -63.80000
v 52.39450 14.00000 -63.25000
v 52.39450 14.00000 -62.15000
v 53.34720 -4.00000 -61.60000
v 52.39450 -4.00000 -62.15000
v 52.39450 -4.00000 -63.25000
v 53.34720 -4.00000 -63.80000
v 54.29980 -4.00000 -63.25000
v 54.29980 -4.00000 -62.15000
v 53.34720 14.00000 -61.60000
v 52.39450 14.00000 -62.15000
v 52.39450 14.00000 -63.25000
v 53.34720 14.00000 -63.80000
v 54.29980 14.00000 -63.25000
v 54.29980 14.00000 -62.15000
v 55.25240 -4.00000 -61.60000
v 54.29980 -4.00000 -62.15000
v 54.29980 -4.00000 -63.25000
v 55.25240 -4.00000 -63.80000
v 56.20500 -4.00000 -63.25000
v 56.20500 -4.00000 -62.15000
v 55.25240 14.00000 -61.60000
v 54.29980 14.00000 -62.15000
v 54.29980 14.00000 -63.25000
v 55.25240 14.00000 -63.80000
v 56.20500 14.00000 -63.25000
v 56.20500 14.00000 -62.15000
v 57.15770 -4.00000 -61.60000
v 56.20500 -4.00000 -62.15000
v 56.20500 -4.00000 -63.25000
v 57.15770 -4.00000 -63.80000
v 58.11030 -4.00000 -63.25000
v 58.11030 -4.00000 -62.15000
v 57.15770 14.00000 -61.60000
v 56.20500 14.00000 -62.15000
v 56.20500 14.00000 -63.25000
v 57.15770 14.00000 -63.80000
v 58.11030 14.00000 -63.25000
v 58.11030 14.00000 -62.15000
v 59.06290 -4.00000 -61.60000
v 58.11030 -4.00000 -62.15000
v 58.11030 -4.00000 -63.25000
v 59.06290 -4.00000 -63.80000
v 60.01560 -4.00000 -63.25000
v 60.01560 -4.00000 -62.15000
v 59.06290 14.00000 -61.60000
v 58.11030 14.00000 -62.15000
v 58.11030 14.00000 -63.25000
v 59.06290 14.00000 -63.80000
v 60.01560 14.00000 -63.25000
v 60.01560 14.00000 -62.15000
v 50.48930 -4.00000 -59.95000
v 49.53670 -4.00000 -60.50000
v 49.53670 -4.00000 -61.60000
v 50.48930 -4.00000 -62.15000
v 51.44190 -4.00000 -61.60000
v 51.44190 -4.00000 -60.50000
v 50.48930 14.00000 -59.95000
v 49.53670 14.00000 -60.50000
v 49.53670 14.00000 -61.60000
v 50.48930 14.00000 -62.15000
v 51.44190 14.00000 -61.60000
v 51.44190 14.00000 -60.50000
v 52.39450 -4.00000 -59.95000
v 51.44190 -4.00000 -60.50000
v 51.44190 -4.00000 -61.60000
v 52.39450 -4.00000 -62.15000
v 53.34720 -4.00000 -61.60000
v 53.34720 -4.00000 -60.50000
v 52.39450 14.00000 -59.95000
v 51.44190 14.00000 -60.50000
v 51.44190 14.00000 -61.60000
v 52.39450 14.00000 -62.15000
v 53.34720 14.00000 -61.60000
v 53.34720 14.00000 -60.50000
v 54.29980 -4.00000 -59.95000
v 53.34720 -4.00000 -60.50000
v 53.34720 -4.00000 -61.60000
v 54.29980 -4.00000 -62.15000
v 55.25240 -4.00000 -61.60000
v 55.25240 -4.00000 -60.50000
v 54.29980 14.00000 -59.95000
v 53.34720 14.00000 -60.50000
v 53.34720 14.00000 -61.60000
v 54.29980 14.00000 -62.15000
v 55.25240 14.00000 -61.60000
v 55.25240 14.00000 -60.50000
v 56.20500 -4.00000 -59.95000
v 55.25240 -4.00000 -60.50000
v 55.25240 -4.00000 -61.60000
v 56.20500 -4.00000 -62.15000
v 57.15770 -4.00000 -61.60000
v 57.15770 -4.00000 -60.50000
v 56.20500 14.00000 -59.95000
v 55.25240 14.00000 -60.50000
v 55.25240 14.00000 -61.60000
v 56.20500 14.00000 -62.15000
v 57.15770 14.00000 -61.60000
v 57.15770 14.00000 -60.50000
v 58.11030 -4.00000 -59.95000
v 57.15770 -4.00000 -60.50000
v 57.15770 -4.00000 -61.60000
v 58.11030 -4.00000 -62.15000
v 59.06290 -4.00000 -61.60000
v 59.06290 -4.00000 -60.50000
v 58.11030 14.00000 -59.95000
v 57.15770 14.00000 -60.50000
v 57.15770 14.00000 -61.60000
v 58.11030 14.00000 -62.15000
v 59.06290 14.00000 -61.60000
v 59.06290 14.00000 -60.50000
v 60.01560 -4.00000 -59.95000
v 59.06290 -4.00000 -60.50000
v 59.06290 -4.00000 -61.60000
v 60.01560 -4.00000 -62.15000
v 60.96820 -4.00000 -61.60000
v 60.96820 -4.00000 -60.50000
v 60.01560 14.00000 -59.95000
v 59.06290 14.00000 -60.50000
v 59.06290 14.00000 -61.60000
v 60.01560 14.00000 -62.15000
v 60.96820 14.00000 -61.60000
v 60.96820 14.00000 -60.50000
v 53.34720 -4.00000 -58.30000
v 52.39450 -4.00000 -58.85000
v 52.39450 -4.00000 -59.95000
v 53.34720 -4.00000 -60.50000
v 54.29980 -4.00000 -59.95000
v 54.29980 -4.00000 -58.85000
v 53.34720 14.00000 -58.30000
v 52.39450 14.00000 -58.85000
v 52.39450 14.00000 -59.95000
v 53.34720 14.00000 -60.50000
v 54.29980 14.00000 -59.95000
v 54.29980 14.00000 -58.85000
v 55.25240 -4.00000 -58.30000
v 54.29980 -4.00000 -58.85000
v 54.29980 -4.00000 -59.95000
v 55.25240 -4.00000 -60.50000
v 56.20500 -4.00000 -59.95000
v 56.20500 -4.00000 -58.85000
v 55.25240 14.00000 -58.30000
v 54.29980 14.00000 -58.85000
v 54.29980 14.00000 -59.95000
v 55.25240 14.00000 -60.50000
v 56.20500 14.00000 -59.95000
v 56.20500 14.00000 -58.85000
v 57.15770 -4.00000 -58.30000
v 56.20500 -4.00000 -58.85000
v 56.20500 -4.00000 -59.95000
v 57.15770 -4.00000 -60.50000
v 58.11030 -4.00000 -59.95000
v 58.11030 -4.00000 -58.85000
v 57.15770 14.00000 -58.30000
v 56.20500 14.00000 -58.85000
v 56.20500 14.00000 -59.95000
v 57.15770 14.00000 -60.50000
v 58.11030 14.00000 -59.95000
v 58.11030 14.00000 -58.85000
v 59.06290 -4.00000 -58.30000
v 58.11030 -4.00000 -58.85000
v 58.11030 -4.00000 -59.95000
v 59.06290 -4.00000 -60.50000
v 60.01560 -4.00000 -59.95000
v 60.01560 -4.00000 -58.85000
v 59.06290 14.00000 -58.30000
v 58.11030 14.00000 -58.85000
v 58.11030 14.00000 -59.95000
v 59.06290 14.00000 -60.50000
v 60.01560 14.00000 -59.95000
v 60.01560 14.00000 -58.85000
v 54.29980 -4.00000 -56.65000
v 53.34720 -4.00000 -57.20000
v 53.34720 -4.00000 -58.30000
v 54.29980 -4.00000 -58.85000
v 55.25240 -4.00000 -58.30000
v 55.25240 -4.00000 -57.20000
v 54.29980 14.00000 -56.65000
v 53.34720 14.00000 -57.20000
v 53.34720 14.00000 -58.30000
v 54.29980 14.00000 -58.85000
v 55.25240 14.00000 -58.30000
v 55.25240 14.00000 -57.20000
v 56.20500 -4.00000 -56.65000
v 55.25240 -4.00000 -57.20000
v 55.25240 -4.00000 -58.30000
v 56.20500 -4.00000 -58.85000
v 57.15770 -4.00000 -58.30000
v 57.15770 -4.00000 -57.20000
v 56.20500 14.00000 -56.65000
v 55.25240 14.00000 -57.20000
v 55.25240 14.00000 -58.30000
v 56.20500 14.00000 -58.85000
v 57.15770 14.00000 -58.30000
v 57.15770 14.00000 -57.20000
v 61.92080 -4.00000 -59.95000
v 60.96820 -4.00000 -60.50000
v 60.96820 -4.00000 -61.60000
v 61.92080 -4.00000 -62.15000
v 62.87340 -4.00000 -61.60000
v 62.87340 -4.00000 -60.50000
v 61.92080 14.00000 -59.95000
v 60.96820 14.00000 -60.50000
v 60.96820 14.00000 -61.60000
v 61.92080 14.00000 -62.15000
v 62.87340 14.00000 -61.60000
v 62.87340 14.00000 -60.50000
v 60.96820 -4.00000 -58.30000
v 60.01560 -4.00000 -58.85000
v 60.01560 -4.00000 -59.95000
v 60.96820 -4.00000 -60.50000
v 61.92080 -4.00000 -59.95000
v 61.92080 -4.00000 -58.85000
v 60.96820 14.00000 -58.30000
v 60.01560 14.00000 -58.85000
v 60.01560 14.00000 -59.95000
v 60.96820 14.00000 -60.50000
v 61.92080 14.00000 -59.95000
v 61.92080 14.00000 -58.85000
v 62.87340 -4.00000 -58.30000
v 61.92080 -4.00000 -58.85000
v 61.92080 -4.00000 -59.95000
v 62.87340 -4.00000 -60.50000
v 63.82610 -4.00000 -59.95000
v 63.82610 -4.00000 -58.85000
v 62.87340 14.00000 -58.30000
v 61.92080 14.00000 -58.85000
v 61.92080 14.00000 -59.95000
v 62.87340 14.00000 -60.50000
v 63.82610 14.00000 -59.95000
v 63.82610 14.00000 -58.85000
v 58.11030 -4.00000 -56.65000
v 57.15770 -4.00000 -57.20000
v 57.15770 -4.00000 -58.30000
v 58.11030 -4.00000 -58.85000
v 59.06290 -4.00000 -58.30000
v 59.06290 -4.00000 -57.20000
v 58.11030 14.00000 -56.65000
v 57.15770 14.00000 -57.20000
v 57.15770 14.00000 -58.30000
v 58.11030 14.00000 -58.85000
v 59.06290 14.00000 -58.30000
v 59.06290 14.00000 -57.20000
v 60.01560 -4.00000 -56.65000
v 59.06290 -4.00000 -57.20000
v 59.06290 -4.00000 -58.30000
v 60.01560 -4.00000 -58.85000
v 60.96820 -4.00000 -58.30000
v 60.96820 -4.00000 -57.20000
v 60.01560 14.00000 -56.65000
v 59.06290 14.00000 -57.20000
v 59.06290 14.00000 -58.30000
v 60.01560 14.00000 -58.85000
v 60.96820 14.00000 -58.30000
v 60.96820 14.00000 -57.20000
v 61.92080 -4.00000 -56.65000
v 60.96820 -4.00000 -57.20000
v 60.96820 -4.00000 -58.30000
v 61.92080 -4.00000 -58.85000
v 62.87340 -4.00000 -58.30000
v 62.87340 -4.00000 -57.20000
v 61.92080 14.00000 -56.65000
v 60.96820 14.00000 -57.20000
v 60.96820 14.00000 -58.30000
v 61.92080 14.00000 -58.85000
v 62.87340 14.00000 -58.30000
v 62.87340 14.00000 -57.20000
v 63.82610 -4.00000 -56.65000
v 62.87340 -4.00000 -57.20000
v 62.87340 -4.00000 -58.30000
v 63.82610 -4.00000 -58.85000
v 64.77870 -4.00000 -58.30000
v 64.77870 -4.00000 -57.20000
v 63.82610 14.00000 -56.65000
v 62.87340 14.00000 -57.20000
v 62.87340 14.00000 -58.30000
v 63.82610 14.00000 -58.85000
v 64.77870 14.00000 -58.30000
v 64.77870 14.00000 -57.20000
v 57.15770 -4.00000 -55.00000
v 56.20500 -4.00000 -55.55000
v 56.20500 -4.00000 -56.65000
v 57.15770 -4.00000 -57.20000
v 58.11030 -4.00000 -56.65000
v 58.11030 -4.00000 -55.55000
v 57.15770 14.00000 -55.00000
v 56.20500 14.00000 -55.55000
v 56.20500 14.00000 -56.65000
v 57.15770 14.00000 -57.20000
v 58.11030 14.00000 -56.65000
v 58.11030 14.00000 -55.55000
v 59.06290 -4.00000 -55.00000
v 58.11030 -4.00000 -55.55000
v 58.11030 -4.00000 -56.65000
v 59.06290 -4.00000 -57.20000
v 60.01560 -4.00000 -56.65000
v 60.01560 -4.00000 -55.55000
v 59.06290 14.00000 -55.00000
v 58.11030 14.00000 -55.55000
v 58.11030 14.00000 -56.65000
v 59.06290 14.00000 -57.20000
v 60.01560 14.00000 -56.65000
v 60.01560 14.00000 -55.55000
v 60.96820 -4.00000 -55.00000
v 60.01560 -4.00000 -55.55000
v 60.01560 -4.00000 -56.65000
v 60.96820 -4.00000 -57.20000
v 61.92080 -4.00000 -56.65000
v 61.92080 -4.00000 -55.55000
v 60.96820 14.00000 -55.00000
v 60.01560 14.00000 -55.55000
v 60.01560 14.00000 -56.65000
v 60.96820 14.00000 -57.20000
v 61.92080 14.00000 -56.65000
v 61.92080 14.00000 -55.55000
v 62.87340 -4.00000 -55.00000
v 61.92080 -4.00000 -55.55000
v 61.92080 -4.00000 -56.65000
v 62.87340 -4.00000 -57.20000
v 63.82610 -4.00000 -56.65000
v 63.82610 -4.00000 -55.55000
v 62.87340 14.00000 -55.00000
v 61.92080 14.00000 -55.55000
v 61.92080 14.00000 -56.65000
v 62.87340 14.00000 -57.20000
v 63.82610 14.00000 -56.65000
v 63.82610 14.00000 -55.55000
v 64.77870 -4.00000 -55.00000
v 63.82610 -4.00000 -55.55000
v 63.82610 -4.00000 -56.65000
v 64.77870 -4.00000 -57.20000
v 65.73130 -4.00000 -56.65000
v 65.73130 -4.00000 -55.55000
v 64.77870 14.00000 -55.00000
v 63.82610 14.00000 -55.55000
v 63.82610 14.00000 -56.65000
v 64.77870 14.00000 -57.20000
v 65.73130 14.00000 -56.65000
v 65.73130 14.00000 -55.55000
v 58.11030 -4.00000 -53.35000
v 57.15770 -4.00000 -53.90000
v 57.15770 -4.00000 -55.00000
v 58.11030 -4.00000 -55.55000
v 59.06290 -4.00000 -55.00000
v 59.06290 -4.00000 -53.90000
v 58.11030 14.00000 -53.35000
v 57.15770 14.00000 -53.90000
v 57.15770 14.00000 -55.00000
v 58.11030 14.00000 -55.55000
v 59.06290 14.00000 -55.00000
v 59.06290 14.00000 -53.90000
v 60.01560 -4.00000 -53.35000
v 59.06290 -4.00000 -53.90000
v 59.06290 -4.00000 -55.00000
v 60.01560 -4.00000 -55.55000
v 60.96820 -4.00000 -55.00000
v 60.96820 -4.00000 -53.90000
v 60.01560 14.00000 -53.35000
v 59.06290 14.00000 -53.90000
v 59.06290 14.00000 -55.00000
v 60.01560 14.00000 -55.55000
v 60.96820 14.00000 -55.00000
v 60.96820 14.00000 -53.90000
v 61.92080 -4.00000 -53.35000
v 60.96820 -4.00000 -53.90000
v 60.96820 -4.00000 -55.00000
v 61.92080 -4.00000 -55.55000
v 62.87340 -4.00000 -55.00000
v 62.87340 -4.00000 -53.90000
v 61.92080 14.00000 -53.35000
v 60.96820 14.00000 -53.90000
v 60.96820 14.00000 -55.00000
v 61.92080 14.00000 -55.55000
v 62.87340 14.00000 -55.00000
v 62.87340 14.00000 -53.90000
v 63.82610 -4.00000 -53.35000
v 62.87340 -4.00000 -53.90000
v 62.87340 -4.00000 -55.00000
v 63.82610 -4.00000 -55.55000
v 64.77870 -4.00000 -55.00000
v 64.77870 -4.00000 -53.90000
v 63.82610 14.00000 -53.35000
v 62.87340 14.00000 -53.90000
v 62.87340 14.00000 -55.00000
v 63.82610 14.00000 -55.55000
v 64.77870 14.00000 -55.00000
v 64.77870 14.00000 -53.90000
v 65.73130 -4.00000 -53.35000
v 64.77870 -4.00000 -53.90000
v 64.77870 -4.00000 -55.00000
v 65.73130 -4.00000 -55.55000
v 66.68400 -4.00000 -55.00000
v 66.68400 -4.00000 -53.90000
v 65.73130 14.00000 -53.35000
v 64.77870 14.00000 -53.90000
v 64.77870 14.00000 -55.00000
v 65.73130 14.00000 -55.55000
v 66.68400 14.00000 -55.00000
v 66.68400 14.00000 -53.90000
v 67.63660 -4.00000 -53.35000
v 66.68400 -4.00000 -53.90000
v 66.68400 -4.00000 -55.00000
v 67.63660 -4.00000 -55.55000
v 68.58920 -4.00000 -55.00000
v 68.58920 -4.00000 -53.90000
v 67.63660 14.00000 -53.35000
v 66.68400 14.00000 -53.90000
v 66.68400 14.00000 -55.00000
v 67.63660 14.00000 -55.55000
v 68.58920 14.00000 -55.00000
v 68.58920 14.00000 -53.90000
v 59.06290 -4.00000 -51.70000
v 58.11030 -4.00000 -52.25000
v 58.11030 -4.00000 -53.35000
v 59.06290 -4.00000 -53.90000
v 60.01560 -4.00000 -53.35000
v 60.01560 -4.00000 -52.25000
v 59.06290 14.00000 -51.70000
v 58.11030 14.00000 -52.25000
v 58.11030 14.00000 -53.35000
v 59.06290 14.00000 -53.90000
v 60.01560 14.00000 -53.35000
v 60.01560 14.00000 -52.25000
v 60.96820 -4.00000 -51.70000
v 60.01560 -4.00000 -52.25000
v 60.01560 -4.00000 -53.35000
v 60.96820 -4.00000 -53.90000
v 61.92080 -4.00000 -53.35000
v 61.92080 -4.00000 -52.25000
v 60.96820 14.00000 -51.70000
v 60.01560 14.00000 -52.25000
v 60.01560 14.00000 -53.35000
v 60.96820 14.00000 -53.90000
v 61.92080 14.00000 -53.35000
v 61.92080 14.00000 -52.25000
v 62.87340 -4.00000 -51.70000
v 61.92080 -4.00000 -52.25000
v 61.92080 -4.00000 -53.35000
v 62.87340 -4.00000 -53.90000
v 63.82610 -4.00000 -53.35000
v 63.82610 -4.00000 -52.25000
v 62.87340 14.00000 -51.70000
v 61.92080 14.00000 -52.25000
v 61.92080 14.00000 -53.35000
v 62.87340 14.00000 -53.90000
v 63.82610 14.00000 -53.35000
v 63.82610 14.00000 -52.25000
v 64.77870 -4.00000 -51.70000
v 63.82610 -4.00000 -52.25000
v 63.82610 -4.00000 -53.35000
v 64.77870 -4.00000 -53.90000
v 65.73130 -4.00000 -53.35000
v 65.73130 -4.00000 -52.25000
v 64.77870 14.00000 -51.70000
v 63.82610 14.00000 -52.25000
v 63.82610 14.00000 -53.35000
v 64.77870 14.00000 -53.90000
v 65.73130 14.00000 -53.35000
v 65.73130 14.00000 -52.25000
v 66.68400 -4.00000 -51.70000
v 65.73130 -4.00000 -52.25000
v 65.73130 -4.00000 -53.35000
v 66.68400 -4.00000 -53.90000
v 67.63660 -4.00000 -53.35000
v 67.63660 -4.00000 -52.25000
v 66.68400 14.00000 -51.70000
v 65.73130 14.00000 -52.25000
v 65.73130 14.00000 -53.35000
v 66.68400 14.00000 -53.90000
v 67.63660 14.00000 -53.35000
v 67.63660 14.00000 -52.25000
v 68.58920 -4.00000 -51.70000
v 67.63660 -4.00000 -52.25000
v 67.63660 -4.00000 -53.35000
v 68.58920 -4.00000 -53.90000
v 69.54180 -4.00000 -53.35000
v 69.54180 -4.00000 -52.25000
v 68.58920 14.00000 -51.70000
v 67.63660 14.00000 -52.25000
v 67.63660 14.00000 -53.35000
v 68.58920 14.00000 -53.90000
v 69.54180 14.00000 -53.35000
v 69.54180 14.00000 -52.25000
v 61.92080 -4.00000 -50.05000
v 60.96820 -4.00000 -50.60000
v 60.96820 -4.00000 -51.70000
v 61.92080 -4.00000 -52.25000
v 62.87340 -4.00000 -51.70000
v 62.87340 -4.00000 -50.60000
v 61.92080 14.00000 -50.05000
v 60.96820 14.00000 -50.60000
v 60.96820 14.00000 -51.70000
v 61.92080 14.00000 -52.25000
v 62.87340 14.00000 -51.70000
v 62.87340 14.00000 -50.60000
v 63.82610 -4.00000 -50.05000
v 62.87340 -4.00000 -50.60000
v 62.87340 -4.00000 -51.70000
v 63.82610 -4.00000 -52.25000
v 64.77870 -4.00000 -51.70000
v 64.77870 -4.00000 -50.60000
v 63.82610 14.00000 -50.05000
v 62.87340 14.00000 -50.60000
v 62.87340 14.00000 -51.70000
v 63.82610 14.00000 -52.25000
v 64.77870 14.00000 -51.70000
v 64.77870 14.00000 -50.60000
v 65.73130 -4.00000 -50.05000
v 64.77870 -4.00000 -50.60000
v 64.77870 -4.00000 -51.70000
v 65.73130 -4.00000 -52.25000
v 66.68400 -4.00000 -51.70000
v 66.68400 -4.00000 -50.60000
v 65.73130 14.00000 -50.05000
v 64.77870 14.00000 -50.60000
v 64.77870 14.00000 -51.70000
v 65.73130 14.00000 -52.25000
v 66.68400 14.00000 -51.70000
v 66.68400 14.00000 -50.60000
v 67.63660 -4.00000 -50.05000
v 66.68400 -4.00000 -50.60000
v 66.68400 -4.00000 -51.70000
v 67.63660 -4.00000 -52.25000
v 68.58920 -4.00000 -51.70000
v 68.58920 -4.00000 -50.60000
v 67.63660 14.00000 -50.05000
v 66.68400 14.00000 -50.60000
v 66.68400 14.00000 -51.70000
v 67.63660 14.00000 -52.25000
v 68.58920 14.00000 -51.70000
v 68.58920 14.00000 -50.60000
v 69.54180 -4.00000 -50.05000
v 68.58920 -4.00000 -50.60000
v 68.58920 -4.00000 -51.70000
v 69.54180 -4.00000 -52.25000
v 70.49450 -4.00000 -51.70000
v 70.49450 -4.00000 -50.60000
v 69.54180 14.00000 -50.05000
v 68.58920 14.00000 -50.60000
v 68.58920 14.00000 -51.70000
v 69.54180 14.00000 -52.25000
v 70.49450 14.00000 -51.70000
v 70.49450 14.00000 -50.60000
v 62.87340 -4.00000 -48.40000
v 61.92080 -4.00000 -48.95000
v 61.92080 -4.00000 -50.05000
v 62.87340 -4.00000 -50.60000
v 63.82610 -4.00000 -50.05000
v 63.82610 -4.00000 -48.95000
v 62.87340 14.00000 -48.40000
v 61.92080 14.00000 -48.95000
v 61.92080 14.00000 -50.05000
v 62.87340 14.00000 -50.60000
v 63.82610 14.00000 -50.05000
v 63.82610 14.00000 -48.95000
v 64.77870 -4.00000 -48.40000
v 63.82610 -4.00000 -48.95000
v 63.82610 -4.00000 -50.05000
v 64.77870 -4.00000 -50.60000
v 65.73130 -4.00000 -50.05000
v 65.73130 -4.00000 -48.95000
v 64.77870 14.00000 -48.40000
v 63.82610 14.00000 -48.95000
v 63.82610 14.00000 -50.05000
v 64.77870 14.00000 -50.60000
v 65.73130 14.00000 -50.05000
v 65.73130 14.00000 -48.95000
v 66.68400 -4.00000 -48.40000
v 65.73130 -4.00000 -48.95000
v 65.73130 -4.00000 -50.05000
v 66.68400 -4.00000 -50.60000
v 67.63660 -4.00000 -50.05000
v 67.63660 -4.00000 -48.95000
v 66.68400 14.00000 -48.40000
v 65.73130 14.00000 -48.95000
v 65.73130 14.00000 -50.05000
v 66.68400 14.00000 -50.60000
v 67.63660 14.00000 -50.05000
v 67.63660 14.00000 -48.95000
v 68.58920 -4.00000 -48.40000
v 67.63660 -4.00000 -48.95000
v 67.63660 -4.00000 -50.05000
v 68.58920 -4.00000 -50.60000
v 69.54180 -4.00000 -50.05000
v 69.54180 -4.00000 -48.95000
v 68.58920 14.00000 -48.40000
v 67.63660 14.00000 -48.95000
v 67.63660 14.00000 -50.05000
v 68.58920 14.00000 -50.60000
v 69.54180 14.00000 -50.05000
v 69.54180 14.00000 -48.95000
v 70.49450 -4.00000 -48.40000
v 69.54180 -4.00000 -48.95000
v 69.54180 -4.00000 -50.05000
v 70.49450 -4.00000 -50.60000
v 71.44710 -4.00000 -50.05000
v 71.44710 -4.00000 -48.95000
v 70.49450 14.00000 -48.40000
v 69.54180 14.00000 -48.95000
v 69.54180 14.00000 -50.05000
v 70.49450 14.00000 -50.60000
v 71.44710 14.00000 -50.05000
v 71.44710 14.00000 -48.95000
v 63.82610 -4.00000 -46.75000
v 62.87340 -4.00000 -47.30000
v 62.87340 -4.00000 -48.40000
v 63.82610 -4.00000 -48.95000
v 64.77870 -4.00000 -48.40000
v 64.77870 -4.00000 -47.30000
v 63.82610 14.00000 -46.75000
v 62.87340 14.00000 -47.30000
v 62.87340 14.00000 -48.40000
v 63.82610 14.00000 -48.95000
v 64.77870 14.00000 -48.40000
v 64.77870 14.00000 -47.30000
v 65.73130 -4.00000 -46.75000
v 64.77870 -4.00000 -47.30000
v 64.77870 -4.00000 -48.40000
v 65.73130 -4.00000 -48.95000
v 66.68400 -4.00000 -48.40000
v 66.68400 -4.00000 -47.30000
v 65.73130 14.00000 -46.75000
v 64.77870 14.00000 -47.30000
v 64.77870 14.00000 -48.40000
v 65.73130 14.00000 -48.95000
v 66.68400 14.00000 -48.40000
v 66.68400 14.00000 -47.30000
v 67.63660 -4.00000 -46.75000
v 66.68400 -4.00000 -47.30000
v 66.68400 -4.00000 -48.40000
v 67.63660 -4.00000 -48.95000
v 68.58920 -4.00000 -48.40000
v 68.58920 -4.00000 -47.30000
v 67.63660 14.00000 -46.75000
v 66.68400 14.00000 -47.30000
v 66.68400 14.00000 -48.40000
v 67.63660 14.00000 -48.95000
v 68.58920 14.00000 -48.40000
v 68.58920 14.00000 -47.30000
v 69.54180 -4.00000 -46.75000
v 68.58920 -4.00000 -47.30000
v 68.58920 -4.00000 -48.40000
v 69.54180 -4.00000 -48.95000
v 70.49450 -4.00000 -48.40000
v 70.49450 -4.00000 -47.30000
v 69.54180 14.00000 -46.75000
v 68.58920 14.00000 -47.30000
v 68.58920 14.00000 -48.40000
v 69.54180 14.00000 -48.95000
v 70.49450 14.00000 -48.40000
v 70.49450 14.00000 -47.30000
v 71.44710 -4.00000 -46.75000
v 70.49450 -4.00000 -47.30000
v 70.49450 -4.00000 -48.40000
v 71.44710 -4.00000 -48.95000
v 72.39970 -4.00000 -48.40000
v 72.39970 -4.00000 -47.30000
v 71.44710 14.00000 -46.75000
v 70.49450 14.00000 -47.30000
v 70.49450 14.00000 -48.40000
v 71.44710 14.00000 -48.95000
v 72.39970 14.00000 -48.40000
v 72.39970 14.00000 -47.30000
v 64.77870 -4.00000 -45.10000
v 63.82610 -4.00000 -45.65000
v 63.82610 -4.00000 -46.75000
v 64.77870 -4.00000 -47.30000
v 65.73130 -4.00000 -46.75000
v 65.73130 -4.00000 -45.65000
v 64.77870 14.00000 -45.10000
v 63.82610 14.00000 -45.65000
v 63.82610 14.00000 -46.75000
v 64.77870 14.00000 -47.30000
v 65.73130 14.00000 -46.75000
v 65.73130 14.00000 -45.65000
v 66.68400 -4.00000 -45.10000
v 65.73130 -4.00000 -45.65000
v 65.73130 -4.00000 -46.75000
v 66.68400 -4.00000 -47.30000
v 67.63660 -4.00000 -46.75000
v 67.63660 -4.00000 -45.65000
v 66.68400 14.00000 -45.10000
v 65.73130 14.00000 -45.65000
v 65.73130 14.00000 -46.75000
v 66.68400 14.00000 -47.30000
v 67.63660 14.00000 -46.75000
v 67.63660 14.00000 -45.65000
v 68.58920 -4.00000 -45.10000
v 67.63660 -4.00000 -45.65000
v 67.63660 -4.00000 -46.75000
v 68.58920 -4.00000 -47.30000
v 69.54180 -4.00000 -46.75000
v 69.54180 -4.00000 -45.65000
v 68.58920 14.00000 -45.10000
v 67.63660 14.00000 -45.65000
v 67.63660 14.00000 -46.75000
v 68.58920 14.00000 -47.30000
v 69.54180 14.00000 -46.75000
v 69.54180 14.00000 -45.65000
v 70.49450 -4.00000 -45.10000
v 69.54180 -4.00000 -45.65000
v 69.54180 -4.00000 -46.75000
v 70.49450 -4.00000 -47.30000
v 71.44710 -4.00000 -46.75000
v 71.44710 -4.00000 -45.65000
v 70.49450 14.00000 -45.10000
v 69.54180 14.00000 -45.65000
v 69.54180 14.00000 -46.75000
v 70.49450 14.00000 -47.30000
v 71.44710 14.00000 -46.75000
v 71.44710 14.00000 -45.65000
v 72.39970 -4.00000 -45.10000
v 71.44710 -4.00000 -45.65000
v 71.44710 -4.00000 -46.75000
v 72.39970 -4.00000 -47.30000
v 73.35240 -4.00000 -46.75000
v 73.35240 -4.00000 -45.65000
v 72.39970 14.00000 -45.10000
v 71.44710 14.00000 -45.65000
v 71.44710 14.00000 -46.75000
v 72.39970 14.00000 -47.30000
v 73.35240 14.00000 -46.75000
v 73.35240 14.00000 -45.65000
v 65.73130 -4.00000 -43.45000
v 64.77870 -4.00000 -44.00000
v 64.77870 -4.00000 -45.10000
v 65.73130 -4.00000 -45.65000
v 66.68400 -4.00000 -45.10000
v 66.68400 -4.00000 -44.00000
v 65.73130 14.00000 -43.45000
v 64.77870 14.00000 -44.00000
v 64.77870 14.00000 -45.10000
v 65.73130 14.00000 -45.65000
v 66.68400 14.00000 -45.10000
v 66.68400 14.00000 -44.00000
v 67.63660 -4.00000 -43.45000
v 66.68400 -4.00000 -44.00000
v 66.68400 -4.00000 -45.10000
v 67.63660 -4.00000 -45.65000
v 68.58920 -4.00000 -45.10000
v 68.58920 -4.00000 -44.00000
v 67.63660 14.00000 -43.45000
v 66.68400 14.00000 -44.00000
v 66.68400 14.00000 -45.10000
v 67.63660 14.00000 -45.65000
v 68.58920 14.00000 -45.10000
v 68.58920 14.00000 -44.00000
v 69.54180 -4.00000 -43.45000
v 68.58920 -4.00000 -44.00000
v 68.58920 -4.00000 -45.10000
v 69.54180 -4.00000 -45.65000
v 70.49450 -4.00000 -45.10000
v 70.49450 -4.00000 -44.00000
v 69.54180 14.00000 -43.45000
v 68.58920 14.00000 -44.00000
v 68.58920 14.00000 -45.10000
v 69.54180 14.00000 -45.65000
v 70.49450 14.00000 -45.10000
v 70.49450 14.00000 -44.00000
v 71.44710 -4.00000 -43.45000
v 70.49450 -4.00000 -44.00000
v 70.49450 -4.00000 -45.10000
v 71.44710 -4.00000 -45.65000
v 72.39970 -4.00000 -45.10000
v 72.39970 -4.00000 -44.00000
v 71.44710 14.00000 -43.45000
v 70.49450 14.00000 -44.00000
v 70.49450 14.00000 -45.10000
v 71.44710 14.00000 -45.65000
v 72.39970 14.00000 -45.10000
v 72.39970 14.00000 -44.00000
v 73.35240 -4.00000 -43.45000
v 72.39970 -4.00000 -44.00000
v 72.39970 -4.00000 -45.10000
v 73.35240 -4.00000 -45.65000
v 74.30500 -4.00000 -45.10000
v 74.30500 -4.00000 -44.00000
v 73.35240 14.00000 -43.45000
v 72.39970 14.00000 -44.00000
v 72.39970 14.00000 -45.10000
v 73.35240 14.00000 -45.65000
v 74.30500 14.00000 -45.10000
v 74.30500 14.00000 -44.00000
v 66.68400 -4.00000 -41.80000
v 65.73130 -4.00000 -42.35000
v 65.73130 -4.00000 -43.45000
v 66.68400 -4.00000 -44.00000
v 67.63660 -4.00000 -43.45000
v 67.63660 -4.00000 -42.35000
v 66.68400 14.00000 -41.80000
v 65.73130 14.00000 -42.35000
v 65.73130 14.00000 -43.45000
v 66.68400 14.00000 -44.00000
v 67.63660 14.00000 -43.45000
v 67.63660 14.00000 -42.35000
v 68.58920 -4.00000 -41.80000
v 67.63660 -4.00000 -42.35000
v 67.63660 -4.00000 -43.45000
v 68.58920 -4.00000 -44.00000
v 69.54180 -4.00000 -43.45000
v 69.54180 -4.00000 -42.35000
v 68.58920 14.00000 -41.80000
v 67.63660 14.00000 -42.35000
v 67.63660 14.00000 -43.45000
v 68.58920 14.00000 -44.00000
v 69.54180 14.00000 -43.45000
v 69.54180 14.00000 -42.35000
v 70.49450 -4.00000 -41.80000
v 69.54180 -4.00000 -42.35000
v 69.54180 -4.00000 -43.45000
v 70.49450 -4.00000 -44.00000
v 71.44710 -4.00000 -43.45000
v 71.44710 -4.00000 -42.35000
v 70.49450 14.00000 -41.80000
v 69.54180 14.00000 -42.35000
v 69.54180 14.00000 -43.45000
v 70.49450 14.00000 -44.00000
v 71.44710 14.00000 -43.45000
v 71.44710 14.00000 -42.35000
v 72.39970 -4.00000 -41.80000
v 71.44710 -4.00000 -42.35000
v 71.44710 -4.00000 -43.45000
v 72.39970 -4.00000 -44.00000
v 73.35240 -4.00000 -43.45000
v 73.35240 -4.00000 -42.35000
v 72.39970 14.00000 -41.80000
v 71.44710 14.00000 -42.35000
v 71.44710 14.00000 -43.45000
v 72.39970 14.00000 -44.00000
v 73.35240 14.00000 -43.45000
v 73.35240 14.00000 -42.35000
v 74.30500 -4.00000 -41.80000
v 73.35240 -4.00000 -42.35000
v 73.35240 -4.00000 -43.45000
v 74.30500 -4.00000 -44.00000
v 75.25760 -4.00000 -43.45000
v 75.25760 -4.00000 -42.35000
v 74.30500 14.00000 -41.80000
v 73.35240 14.00000 -42.35000
v 73.35240 14.00000 -43.45000
v 74.30500 14.00000 -44.00000
v 75.25760 14.00000 -43.45000
v 75.25760 14.00000 -42.35000
v 67.63660 -4.00000 -40.15000
v 66.68400 -4.00000 -40.70000
v 66.68400 -4.00000 -41.80000
v 67.63660 -4.00000 -42.35000
v 68.58920 -4.00000 -41.80000
v 68.58920 -4.00000 -40.70000
v 67.63660 14.00000 -40.15000
v 66.68400 14.00000 -40.70000
v 66.68400 14.00000 -41.80000
v 67.63660 14.00000 -42.35000
v 68.58920 14.00000 -41.80000
v 68.58920 14.00000 -40.70000
v 69.54180 -4.00000 -40.15000
v 68.58920 -4.00000 -40.70000
v 68.58920 -4.00000 -41.80000
v 69.54180 -4.00000 -42.35000
v 70.49450 -4.00000 -41.80000
v 70.49450 -4.00000 -40.70000
v 69.54180 14.00000 -40.15000
v 68.58920 14.00000 -40.70000
v 68.58920 14.00000 -41.80000
v 69.54180 14.00000 -42.35000
v 70.49450 14.00000 -41.80000
v 70.49450 14.00000 -40.70000
v 71.44710 -4.00000 -40.15000
v 70.49450 -4.00000 -40.70000
v 70.49450 -4.00000 -41.80000
v 71.44710 -4.00000 -42.35000
v 72.39970 -4.00000 -41.80000
v 72.39970 -4.00000 -40.70000
v 71.44710 14.00000 -40.15000
v 70.49450 14.00000 -40.70000
v 70.49450 14.00000 -41.80000
v 71.44710 14.00000 -42.35000
v 72.39970 14.00000 -41.80000
v 72.39970 14.00000 -40.70000
v 73.35240 -4.00000 -40.15000
v 72.39970 -4.00000 -40.70000
v 72.39970 -4.00000 -41.80000
v 73.35240 -4.00000 -42.35000
v 74.30500 -4.00000 -41.80000
v 74.30500 -4.00000 -40.70000
v 73.35240 14.00000 -40.15000
v 72.39970 14.00000 -40.70000
v 72.39970 14.00000 -41.80000
v 73.35240 14.00000 -42.35000
v 74.30500 14.00000 -41.80000
v 74.30500 14.00000 -40.70000
v 75.25760 -4.00000 -40.15000
v 74.30500 -4.00000 -40.70000
v 74.30500 -4.00000 -41.80000
v 75.25760 -4.00000 -42.35000
v 76.21020 -4.00000 -41.80000
v 76.21020 -4.00000 -40.70000
v 75.25760 14.00000 -40.15000
v 74.30500 14.00000 -40.70000
v 74.30500 14.00000 -41.80000
v 75.25760 14.00000 -42.35000
v 76.21020 14.00000 -41.80000
v 76.21020 14.00000 -40.70000
v 68.58920 -4.00000 -38.50000
v 67.63660 -4.00000 -39.05000
v 67.63660 -4.00000 -40.15000
v 68.58920 -4.00000 -40.70000
v 69.54180 -4.00000 -40.15000
v 69.54180 -4.00000 -39.05000
v 68.58920 14.00000 -38.50000
v 67.63660 14.00000 -39.05000
v 67.63660 14.00000 -40.15000
v 68.58920 14.00000 -40.70000
v 69.54180 14.00000 -40.15000
v 69.54180 14.00000 -39.05000
v 70.49450 -4.00000 -38.50000
v 69.54180 -4.00000 -39.05000
v 69.54180 -4.00000 -40.15000
v 70.49450 -4.00000 -40.70000
v 71.44710 -4.00000 -40.15000
v 71.44710 -4.00000 -39.05000
v 70.49450 14.00000 -38.50000
v 69.54180 14.00000 -39.05000
v 69.54180 14.00000 -40.15000
v 70.49450 14.00000 -40.70000
v 71.44710 14.00000 -40.15000
v 71.44710 14.00000 -39.05000
v 72.39970 -4.00000 -38.50000
v 71.44710 -4.00000 -39.05000
v 71.44710 -4.00000 -40.15000
v 72.39970 -4.00000 -40.70000
v 73.35240 -4.00000 -40.15000
v 73.35240 -4.00000 -39.05000
v 72.39970 14.00000 -38.50000
v 71.44710 14.00000 -39.05000
v 71.44710 14.00000 -40.15000
v 72.39970 14.00000 -40.70000
v 73.35240 14.00000 -40.15000
v 73.35240 14.00000 -39.05000
v 74.30500 -4.00000 -38.50000
v 73.35240 -4.00000 -39.05000
v 73.35240 -4.00000 -40.15000
v 74.30500 -4.00000 -40.70000
v 75.25760 -4.00000 -40.15000
v 75.25760 -4.00000 -39.05000
v 74.30500 14.00000 -38.50000
v 73.35240 14.00000 -39.05000
v 73.35240 14.00000 -40.15000
v 74.30500 14.00000 -40.70000
v 75.25760 14.00000 -40.15000
v 75.25760 14.00000 -39.05000
v 76.21020 -4.00000 -38.50000
v 75.25760 -4.00000 -39.05000
v 75.25760 -4.00000 -40.15000
v 76.21020 -4.00000 -40.70000
v 77.16290 -4.00000 -40.15000
v 77.16290 -4.00000 -39.05000
v 76.21020 14.00000 -38.50000
v 75.25760 14.00000 -39.05000
v 75.25760 14.00000 -40.15000
v 76.21020 14.00000 -40.70000
v 77.16290 14.00000 -40.15000
v 77.16290 14.00000 -39.05000
v 69.54180 -4.00000 -36.85000
v 68.58920 -4.00000 -37.40000
v 68.58920 -4.00000 -38.50000
v 69.54180 -4.00000 -39.05000
v 70.49450 -4.00000 -38.50000
v 70.49450 -4.00000 -37.40000
v 69.54180 14.00000 -36.85000
v 68.58920 14.00000 -37.40000
v 68.58920 14.00000 -38.50000
v 69.54180 14.00000 -39.05000
v 70.49450 14.00000 -38.50000
v 70.49450 14.00000 -37.40000
v 71.44710 -4.00000 -36.85000
v 70.49450 -4.00000 -37.40000
v 70.49450 -4.00000 -38.50000
v 71.44710 -4.00000 -39.05000
v 72.39970 -4.00000 -38.50000
v 72.39970 -4.00000 -37.40000
v 71.44710 14.00000 -36.85000
v 70.49450 14.00000 -37.40000
v 70.49450 14.00000 -38.50000
v 71.44710 14.00000 -39.05000
v 72.39970 14.00000 -38.50000
v 72.39970 14.00000 -37.40000
v 73.35240 -4.00000 -36.85000
v 72.39970 -4.00000 -37.40000
v 72.39970 -4.00000 -38.50000
v 73.35240 -4.00000 -39.05000
v 74.30500 -4.00000 -38.50000
v 74.30500 -4.00000 -37.40000
v 73.35240 14.00000 -36.85000
v 72.39970 14.00000 -37.40000
v 72.39970 14.00000 -38.50000
v 73.35240 14.00000 -39.05000
v 74.30500 14.00000 -38.50000
v 74.30500 14.00000 -37.40000
v 75.25760 -4.00000 -36.85000
v 74.30500 -4.00000 -37.40000
v 74.30500 -4.00000 -38.50000
v 75.25760 -4.00000 -39.05000
v 76.21020 -4.00000 -38.50000
v 76.21020 -4.00000 -37.40000
v 75.25760 14.00000 -36.85000
v 74.30500 14.00000 -37.40000
v 74.30500 14.00000 -38.50000
v 75.25760 14.00000 -39.05000
v 76.21020 14.00000 -38.50000
v 76.21020 14.00000 -37.40000
v 77.16290 -4.00000 -36.85000
v 76.21020 -4.00000 -37.40000
v 76.21020 -4.00000 -38.50000
v 77.16290 -4.00000 -39.05000
v 78.11550 -4.00000 -38.50000
v 78.11550 -4.00000 -37.40000
v 77.16290 14.00000 -36.85000
v 76.21020 14.00000 -37.40000
v 76.21020 14.00000 -38.50000
v 77.16290 14.00000 -39.05000
v 78.11550 14.00000 -38.50000
v 78.11550 14.00000 -37.40000
v 70.49450 -4.00000 -35.20000
v 69.54180 -4.00000 -35.75000
v 69.54180 -4.00000 -36.85000
v 70.49450 -4.00000 -37.40000
v 71.44710 -4.00000 -36.85000
v 71.44710 -4.00000 -35.75000
v 70.49450 14.00000 -35.20000
v 69.54180 14.00000 -35.75000
v 69.54180 14.00000 -36.85000
v 70.49450 14.00000 -37.40000
v 71.44710 14.00000 -36.85000
v 71.44710 14.00000 -35.75000
v 72.39970 -4.00000 -35.20000
v 71.44710 -4.00000 -35.75000
v 71.44710 -4.00000 -36.85000
v 72.39970 -4.00000 -37.40000
v 73.35240 -4.00000 -36.85000
v 73.35240 -4.00000 -35.75000
v 72.39970 14.00000 -35.20000
v 71.44710 14.00000 -35.75000
v 71.44710 14.00000 -36.85000
v 72.39970 14.00000 -37.40000
v 73.35240 14.00000 -36.85000
v 73.35240 14.00000 -35.75000
v 74.30500 -4.00000 -35.20000
v 73.35240 -4.00000 -35.75000
v 73.35240 -4.00000 -36.85000
v 74.30500 -4.00000 -37.40000
v 75.25760 -4.00000 -36.85000
v 75.25760 -4.00000 -35.75000
v 74.30500 14.00000 -35.20000
v 73.35240 14.00000 -35.75000
v 73.35240 14.00000 -36.85000
v 74.30500 14.00000 -37.40000
v 75.25760 14.00000 -36.85000
v 75.25760 14.00000 -35.75000
v 76.21020 -4.00000 -35.20000
v 75.25760 -4.00000 -35.75000
v 75.25760 -4.00000 -36.85000
v 76.21020 -4.00000 -37.40000
v 77.16290 -4.00000 -36.85000
v 77.16290 -4.00000 -35.75000
v 76.21020 14.00000 -35.20000
v 75.25760 14.00000 -35.75000
v 75.25760 14.00000 -36.85000
v 76.21020 14.00000 -37.40000
v 77.16290 14.00000 -36.85000
v 77.16290 14.00000 -35.75000
v 78.11550 -4.00000 -35.20000
v 77.16290 -4.00000 -35.75000
v 77.16290 -4.00000 -36.85000
v 78.11550 -4.00000 -37.40000
v 79.06810 -4.00000 -36.85000
v 79.06810 -4.00000 -35.75000
v 78.11550 14.00000 -35.20000
v 77.16290 14.00000 -35.75000
v 77.16290 14.00000 -36.85000
v 78.11550 14.00000 -37.40000
v 79.06810 14.00000 -36.85000
v 79.06810 14.00000 -35.75000
v 71.44710 -4.00000 -33.55000
v 70.49450 -4.00000 -34.10000
v 70.49450 -4.00000 -35.20000
v 71.44710 -4.00000 -35.75000
v 72.39970 -4.00000 -35.20000
v 72.39970 -4.00000 -34.10000
v 71.44710 14.00000 -33.55000
v 70.49450 14.00000 -34.10000
v 70.49450 14.00000 -35.20000
v 71.44710 14.00000 -35.75000
v 72.39970 14.00000 -35.20000
v 72.39970 14.00000 -34.10000
v 73.35240 -4.00000 -33.55000
v 72.39970 -4.00000 -34.10000
v 72.39970 -4.00000 -35.20000
v 73.35240 -4.00000 -35.75000
v 74.30500 -4.00000 -35.20000
v 74.30500 -4.00000 -34.10000
v 73.35240 14.00000 -33.55000
v 72.39970 14.00000 -34.10000
v 72.39970 14.00000 -35.20000
v 73.35240 14.00000 -35.75000
v 74.30500 14.00000 -35.20000
v 74.30500 14.00000 -34.10000
v 75.25760 -4.00000 -33.55000
v 74.30500 -4.00000 -34.10000
v 74.30500 -4.00000 -35.20000
v 75.25760 -4.00000 -35.75000
v 76.21020 -4.00000 -35.20000
v 76.21020 -4.00000 -34.10000
v 75.25760 14.00000 -33.55000
v 74.30500 14.00000 -34.10000
v 74.30500 14.00000 -35.20000
v 75.25760 14.00000 -35.75000
v 76.21020 14.00000 -35.20000
v 76.21020 14.00000 -34.10000
v 77.16290 -4.00000 -33.55000
v 76.21020 -4.00000 -34.10000
v 76.21020 -4.00000 -35.20000
v 77.16290 -4.00000 -35.75000
v 78.11550 -4.00000 -35.20000
v 78.11550 -4.00000 -34.10000
v 77.16290 14.00000 -33.55000
v 76.21020 14.00000 -34.10000
v 76.21020 14.00000 -35.20000
v 77.16290 14.00000 -35.75000
v 78.11550 14.00000 -35.20000
v 78.11550 14.00000 -34.10000
v 79.06810 -4.00000 -33.55000
v 78.11550 -4.00000 -34.10000
v 78.11550 -4.00000 -35.20000
v 79.06810 -4.00000 -35.75000
v 80.02070 -4.00000 -35.20000
v 80.02070 -4.00000 -34.10000
v 79.06810 14.00000 -33.55000
v 78.11550 14.00000 -34.10000
v 78.11550 14.00000 -35.20000
v 79.06810 14.00000 -35.75000
v 80.02070 14.00000 -35.20000
v 80.02070 14.00000 -34.10000
v 72.39970 -4.00000 -31.90000
v 71.44710 -4.00000 -32.45000
v 71.44710 -4.00000 -33.55000
v 72.39970 -4.00000 -34.10000
v 73.35240 -4.00000 -33.55000
v 73.35240 -4.00000 -32.45000
v 72.39970 14.00000 -31.90000
v 71.44710 14.00000 -32.45000
v 71.44710 14.00000 -33.55000
v 72.39970 14.00000 -34.10000
v 73.35240 14.00000 -33.55000
v 73.35240 14.00000 -32.45000
v 74.30500 -4.00000 -31.90000
v 73.35240 -4.00000 -32.45000
v 73.35240 -4.00000 -33.55000
v 74.30500 -4.00000 -34.10000
v 75.25760 -4.00000 -33.55000
v 75.25760 -4.00000 -32.45000
v 74.30500 14.00000 -31.90000
v 73.35240 14.00000 -32.45000
v 73.35240 14.00000 -33.55000
v 74.30500 14.00000 -34.10000
v 75.25760 14.00000 -33.55000
v 75.25760 14.00000 -32.45000
v 76.21020 -4.00000 -31.90000
v 75.25760 -4.00000 -32.45000
v 75.25760 -4.00000 -33.55000
v 76.21020 -4.00000 -34.10000
v 77.16290 -4.00000 -33.55000
v 77.16290 -4.00000 -32.45000
v 76.21020 14.00000 -31.90000
v 75.25760 14.00000 -32.45000
v 75.25760 14.00000 -33.55000
v 76.21020 14.00000 -34.10000
v 77.16290 14.00000 -33.55000
v 77.16290 14.00000 -32.45000
v 78.11550 -4.00000 -31.90000
v 77.16290 -4.00000 -32.45000
v 77.16290 -4.00000 -33.55000
v 78.11550 -4.00000 -34.10000
v 79.06810 -4.00000 -33.55000
v 79.06810 -4.00000 -32.45000
v 78.11550 14.00000 -31.90000
v 77.16290 14.00000 -32.45000
v 77.16290 14.00000 -33.55000
v 78.11550 14.00000 -34.10000
v 79.06810 14.00000 -33.55000
v 79.06810 14.00000 -32.45000
v 80.02070 -4.00000 -31.90000
v 79.06810 -4.00000 -32.45000
v 79.06810 -4.00000 -33.55000
v 80.02070 -4.00000 -34.10000
v 80.97340 -4.00000 -33.55000
v 80.97340 -4.00000 -32.45000
v 80.02070 14.00000 -31.90000
v 79.06810 14.00000 -32.45000
v 79.06810 14.00000 -33.55000
v 80.02070 14.00000 -34.10000
v 80.97340 14.00000 -33.55000
v 80.97340 14.00000 -32.45000
v 73.35240 -4.00000 -30.25000
v 72.39970 -4.00000 -30.80000
v 72.39970 -4.00000 -31.90000
v 73.35240 -4.00000 -32.45000
v 74.30500 -4.00000 -31.90000
v 74.30500 -4.00000 -30.80000
v 73.35240 14.00000 -30.25000
v 72.39970 14.00000 -30.80000
v 72.39970 14.00000 -31.90000
v 73.35240 14.00000 -32.45000
v 74.30500 14.00000 -31.90000
v 74.30500 14.00000 -30.80000
v 75.25760 -4.00000 -30.25000
v 74.30500 -4.00000 -30.80000
v 74.30500 -4.00000 -31.90000
v 75.25760 -4.00000 -32.45000
v 76.21020 -4.00000 -31.90000
v 76.21020 -4.00000 -30.80000
v 75.25760 14.00000 -30.25000
v 74.30500 14.00000 -30.80000
v 74.30500 14.00000 -31.90000
v 75.25760 14.00000 -32.45000
v 76.21020 14.00000 -31.90000
v 76.21020 14.00000 -30.80000
v 77.16290 -4.00000 -30.25000
v 76.21020 -4.00000 -30.80000
v 76.21020 -4.00000 -31.90000
v 77.16290 -4.00000 -32.45000
v 78.11550 -4.00000 -31.90000
v 78.11550 -4.00000 -30.80000
v 77.16290 14.00000 -30.25000
v 76.21020 14.00000 -30.80000
v 76.21020 14.00000 -31.90000
v 77.16290 14.00000 -32.45000
v 78.11550 14.00000 -31.90000
v 78.11550 14.00000 -30.80000
v 79.06810 -4.00000 -30.25000
v 78.11550 -4.00000 -30.80000
v 78.11550 -4.00000 -31.90000
v 79.06810 -4.00000 -32.45000
v 80.02070 -4.00000 -31.90000
v 80.02070 -4.00000 -30.80000
v 79.06810 14.00000 -30.25000
v 78.11550 14.00000 -30.80000
v 78.11550 14.00000 -31.90000
v 79.06810 14.00000 -32.45000
v 80.02070 14.00000 -31.90000
v 80.02070 14.00000 -30.80000
v 80.97340 -4.00000 -30.25000
v 80.02070 -4.00000 -30.80000
v 80.02070 -4.00000 -31.90000
v 80.97340 -4.00000 -32.45000
v 81.92600 -4.00000 -31.90000
v 81.92600 -4.00000 -30.80000
v 80.97340 14.00000 -30.25000
v 80.02070 14.00000 -30.80000
v 80.02070 14.00000 -31.90000
v 80.97340 14.00000 -32.45000
v 81.92600 14.00000 -31.90000
v 81.92600 14.00000 -30.80000
v 74.30500 -4.00000 -28.60000
v 73.35240 -4.00000 -29.15000
v 73.35240 -4.00000 -30.25000
v 74.30500 -4.00000 -30.80000
v 75.25760 -4.00000 -30.25000
v 75.25760 -4.00000 -29.15000
v 74.30500 14.00000 -28.60000
v 73.35240 14.00000 -29.15000
v 73.35240 14.00000 -30.25000
v 74.30500 14.00000 -30.80000
v 75.25760 14.00000 -30.25000
v 75.25760 14.00000 -29.15000
v 76.21020 -4.00000 -28.60000
v 75.25760 -4.00000 -29.15000
v 75.25760 -4.00000 -30.25000
v 76.21020 -4.00000 -30.80000
v 77.16290 -4.00000 -30.25000
v 77.16290 -4.00000 -29.15000
v 76.21020 14.00000 -28.60000
v 75.25760 14.00000 -29.15000
v 75.25760 14.00000 -30.25000
v 76.21020 14.00000 -30.80000
v 77.16290 14.00000 -30.25000
v 77.16290 14.00000 -29.15000
v 78.11550 -4.00000 -28.60000
v 77.16290 -4.00000 -29.15000
v 77.16290 -4.00000 -30.25000
v 78.11550 -4.00000 -30.80000
v 79.06810 -4.00000 -30.25000
v 79.06810 -4.00000 -29.15000
v 78.11550 14.00000 -28.60000
v 77.16290 14.00000 -29.15000
v 77.16290 14.00000 -30.25000
v 78.11550 14.00000 -30.80000
v 79.06810 14.00000 -30.25000
v 79.06810 14.00000 -29.15000
v 80.02070 -4.00000 -28.60000
v 79.06810 -4.00000 -29.15000
v 79.06810 -4.00000 -30.25000
v 80.02070 -4.00000 -30.80000
v 80.97340 -4.00000 -30.25000
v 80.97340 -4.00000 -29.15000
v 80.02070 14.00000 -28.60000
v 79.06810 14.00000 -29.15000
v 79.06810 14.00000 -30.25000
v 80.02070 14.00000 -30.80000
v 80.97340 14.00000 -30.25000
v 80.97340 14.00000 -29.15000
v 75.25760 -4.00000 -26.95000
v 74.30500 -4.00000 -27.50000
v 74.30500 -4.00000 -28.60000
v 75.25760 -4.00000 -29.15000
v 76.21020 -4.00000 -28.60000
v 76.21020 -4.00000 -27.50000
v 75.25760 14.00000 -26.95000
v 74.30500 14.00000 -27.50000
v 74.30500 14.00000 -28.60000
v 75.25760 14.00000 -29.15000
v 76.21020 14.00000 -28.60000
v 76.21020 14.00000 -27.50000
v 77.16290 -4.00000 -26.95000
v 76.21020 -4.00000 -27.50000
v 76.21020 -4.00000 -28.60000
v 77.16290 -4.00000 -29.15000
v 78.11550 -4.00000 -28.60000
v 78.11550 -4.00000 -27.50000
v 77.16290 14.00000 -26.95000
v 76.21020 14.00000 -27.50000
v 76.21020 14.00000 -28.60000
v 77.16290 14.00000 -29.15000
v 78.11550 14.00000 -28.60000
v 78.11550 14.00000 -27.50000
v 79.06810 -4.00000 -26.95000
v 78.11550 -4.00000 -27.50000
v 78.11550 -4.00000 -28.60000
v 79.06810 -4.00000 -29.15000
v 80.02070 -4.00000 -28.60000
v 80.02070 -4.00000 -27.50000
v 79.06810 14.00000 -26.95000
v 78.11550 14.00000 -27.50000
v 78.11550 14.00000 -28.60000
v 79.06810 14.00000 -29.15000
v 80.02070 14.00000 -28.60000
v 80.02070 14.00000 -27.50000
v 80.97340 -4.00000 -26.95000
v 80.02070 -4.00000 -27.50000
v 80.02070 -4.00000 -28.60000
v 80.97340 -4.00000 -29.15000
v 81.92600 -4.00000 -28.60000
v 81.92600 -4.00000 -27.50000
v 80.97340 14.00000 -26.95000
v 80.02070 14.00000 -27.50000
v 80.02070 14.00000 -28.60000
v 80.97340 14.00000 -29.15000
v 81.92600 14.00000 -28.60000
v 81.92600 14.00000 -27.50000
v 76.21020 -4.00000 -25.30000
v 75.25760 -4.00000 -25.85000
v 75.25760 -4.00000 -26.95000
v 76.21020 -4.00000 -27.50000
v 77.16290 -4.00000 -26.95000
v 77.16290 -4.00000 -25.85000
v 76.21020 14.00000 -25.30000
v 75.25760 14.00000 -25.85000
v 75.25760 14.00000 -26.95000
v 76.21020 14.00000 -27.50000
v 77.16290 14.00000 -26.95000
v 77.16290 14.00000 -25.85000
v 78.11550 -4.00000 -25.30000
v 77.16290 -4.00000 -25.85000
v 77.16290 -4.00000 -26.95000
v 78.11550 -4.00000 -27.50000
v 79.06810 -4.00000 -26.95000
v 79.06810 -4.00000 -25.85000
v 78.11550 14.00000 -25.30000
v 77.16290 14.00000 -25.85000
v 77.16290 14.00000 -26.95000
v 78.11550 14.00000 -27.50000
v 79.06810 14.00000 -26.95000
v 79.06810 14.00000 -25.85000
v 80.02070 -4.00000 -25.30000
v 79.06810 -4.00000 -25.85000
v 79.06810 -4.00000 -26.95000
v 80.02070 -4.00000 -27.50000
v 80.97340 -4.00000 -26.95000
v 80.97340 -4.00000 -25.85000
v 80.02070 14.00000 -25.30000
v 79.06810 14.00000 -25.85000
v 79.06810 14.00000 -26.95000
v 80.02070 14.00000 -27.50000
v 80.97340 14.00000 -26.95000
v 80.97340 14.00000 -25.85000
v 81.92600 -4.00000 -25.30000
v 80.97340 -4.00000 -25.85000
v 80.97340 -4.00000 -26.95000
v 81.92600 -4.00000 -27.50000
v 82.87860 -4.00000 -26.95000
v 82.87860 -4.00000 -25.85000
v 81.92600 14.00000 -25.30000
v 80.97340 14.00000 -25.85000
v 80.97340 14.00000 -26.95000
v 81.92600 14.00000 -27.50000
v 82.87860 14.00000 -26.95000
v 82.87860 14.00000 -25.85000
v 75.25760 -4.00000 -23.65000
v 74.30500 -4.00000 -24.20000
v 74.30500 -4.00000 -25.30000
v 75.25760 -4.00000 -25.85000
v 76.21020 -4.00000 -25.30000
v 76.21020 -4.00000 -24.20000
v 75.25760 14.00000 -23.65000
v 74.30500 14.00000 -24.20000
v 74.30500 14.00000 -25.30000
v 75.25760 14.00000 -25.85000
v 76.21020 14.00000 -25.30000
v 76.21020 14.00000 -24.20000
v 77.16290 -4.00000 -23.65000
v 76.21020 -4.00000 -24.20000
v 76.21020 -4.00000 -25.30000
v 77.16290 -4.00000 -25.85000
v 78.11550 -4.00000 -25.30000
v 78.11550 -4.00000 -24.20000
v 77.16290 14.00000 -23.65000
v 76.21020 14.00000 -24.20000
v 76.21020 14.00000 -25.30000
v 77.16290 14.00000 -25.85000
v 78.11550 14.00000 -25.30000
v 78.11550 14.00000 -24.20000
v 79.06810 -4.00000 -23.65000
v 78.11550 -4.00000 -24.20000
v 78.11550 -4.00000 -25.30000
v 79.06810 -4.00000 -25.85000
v 80.02070 -4.00000 -25.30000
v 80.02070 -4.00000 -24.20000
v 79.06810 14.00000 -23.65000
v 78.11550 14.00000 -24.20000
v 78.11550 14.00000 -25.30000
v 79.06810 14.00000 -25.85000
v 80.02070 14.00000 -25.30000
v 80.02070 14.00000 -24.20000
v 80.97340 -4.00000 -23.65000
v 80.02070 -4.00000 -24.20000
v 80.02070 -4.00000 -25.30000
v 80.97340 -4.00000 -25.85000
v 81.92600 -4.00000 -25.30000
v 81.92600 -4.00000 -24.20000
v 80.97340 14.00000 -23.65000
v 80.02070 14.00000 -24.20000
v 80.02070 14.00000 -25.30000
v 80.97340 14.00000 -25.85000
v 81.92600 14.00000 -25.30000
v 81.92600 14.00000 -24.20000
v 82.87860 -4.00000 -23.65000
v 81.92600 -4.00000 -24.20000
v 81.92600 -4.00000 -25.30000
v 82.87860 -4.00000 -25.85000
v 83.83130 -4.00000 -25.30000
v 83.83130 -4.00000 -24.20000
v 82.87860 14.00000 -23.65000
v 81.92600 14.00000 -24.20000
v 81.92600 14.00000 -25.30000
v 82.87860 14.00000 -25.85000
v 83.83130 14.00000 -25.30000
v 83.83130 14.00000 -24.20000
v 76.21020 -4.00000 -22.00000
v 75.25760 -4.00000 -22.55000
v 75.25760 -4.00000 -23.65000
v 76.21020 -4.00000 -24.20000
v 77.16290 -4.00000 -23.65000
v 77.16290 -4.00000 -22.55000
v 76.21020 14.00000 -22.00000
v 75.25760 14.00000 -22.55000
v 75.25760 14.00000 -23.65000
v 76.21020 14.00000 -24.20000
v 77.16290 14.00000 -23.65000
v 77.16290 14.00000 -22.55000
v 78.11550 -4.00000 -22.00000
v 77.16290 -4.00000 -22.55000
v 77.16290 -4.00000 -23.65000
v 78.11550 -4.00000 -24.20000
v 79.06810 -4.00000 -23.65000
v 79.06810 -4.00000 -22.55000
v 78.11550 14.00000 -22.00000
v 77.16290 14.00000 -22.55000
v 77.16290 14.00000 -23.65000
v 78.11550 14.00000 -24.20000
v 79.06810 14.00000 -23.65000
v 79.06810 14.00000 -22.55000
v 80.02070 -4.00000 -22.00000
v 79.06810 -4.00000 -22.55000
v 79.06810 -4.00000 -23.65000
v 80.02070 -4.00000 -24.20000
v 80.97340 -4.00000 -23.65000
v 80.97340 -4.00000 -22.55000
v 80.02070 14.00000 -22.00000
v 79.06810 14.00000 -22.55000
v 79.06810 14.00000 -23.65000
v 80.02070 14.00000 -24.20000
v 80.97340 14.00000 -23.65000
v 80.97340 14.00000 -22.55000
v 81.92600 -4.00000 -22.00000
v 80.97340 -4.00000 -22.55000
v 80.97340 -4.00000 -23.65000
v 81.92600 -4.00000 -24.20000
v 82.87860 -4.00000 -23.65000
v 82.87860 -4.00000 -22.55000
v 81.92600 14.00000 -22.00000
v 80.97340 14.00000 -22.55000
v 80.97340 14.00000 -23.65000
v 81.92600 14.00000 -24.20000
v 82.87860 14.00000 -23.65000
v 82.87860 14.00000 -22.55000
v 83.83130 -4.00000 -22.00000
v 82.87860 -4.00000 -22.55000
v 82.87860 -4.00000 -23.65000
v 83.83130 -4.00000 -24.20000
v 84.78390 -4.00000 -23.65000
v 84.78390 -4.00000 -22.55000
v 83.83130 14.00000 -22.00000
v 82.87860 14.00000 -22.55000
v 82.87860 14.00000 -23.65000
v 83.83130 14.00000 -24.20000
v 84.78390 14.00000 -23.65000
v 84.78390 14.00000 -22.55000
v 77.16290 -4.00000 -20.35000
v 76.21020 -4.00000 -20.90000
v 76.21020 -4.00000 -22.00000
v 77.16290 -4.00000 -22.55000
v 78.11550 -4.00000 -22.00000
v 78.11550 -4.00000 -20.90000
v 77.16290 14.00000 -20.35000
v 76.21020 14.00000 -20.90000
v 76.21020 14.00000 -22.00000
v 77.16290 14.00000 -22.55000
v 78.11550 14.00000 -22.00000
v 78.11550 14.00000 -20.90000
v 79.06810 -4.00000 -20.35000
v 78.11550 -4.00000 -20.90000
v 78.11550 -4.00000 -22.00000
v 79.06810 -4.00000 -22.55000
v 80.02070 -4.00000 -22.00000
v 80.02070 -4.00000 -20.90000
v 79.06810 14.00000 -20.35000
v 78.11550 14.00000 -20.90000
v 78.11550 14.00000 -22.00000
v 79.06810 14.00000 -22.55000
v 80.02070 14.00000 -22.00000
v 80.02070 14.00000 -20.90000
v 80.97340 -4.00000 -20.35000
v 80.02070 -4.00000 -20.90000
v 80.02070 -4.00000 -22.00000
v 80.97340 -4.00000 -22.55000
v 81.92600 -4.00000 -22.00000
v 81.92600 -4.00000 -20.90000
v 80.97340 14.00000 -20.35000
v 80.02070 14.00000 -20.90000
v 80.02070 14.00000 -22.00000
v 80.97340 14.00000 -22.55000
v 81.92600 14.00000 -22.00000
v 81.92600 14.00000 -20.90000
v 82.87860 -4.00000 -20.35000
v 81.92600 -4.00000 -20.90000
v 81.92600 -4.00000 -22.00000
v 82.87860 -4.00000 -22.55000
v 83.83130 -4.00000 -22.00000
v 83.83130 -4.00000 -20.90000
v 82.87860 14.00000 -20.35000
v 81.92600 14.00000 -20.90000
v 81.92600 14.00000 -22.00000
v 82.87860 14.00000 -22.55000
v 83.83130 14.00000 -22.00000
v 83.83130 14.00000 -20.90000
v 78.11550 -4.00000 -18.70000
v 77.16290 -4.00000 -19.25000
v 77.16290 -4.00000 -20.35000
v 78.11550 -4.00000 -20.90000
v 79.06810 -4.00000 -20.35000
v 79.06810 -4.00000 -19.25000
v 78.11550 14.00000 -18.70000
v 77.16290 14.00000 -19.25000
v 77.16290 14.00000 -20.35000
v 78.11550 14.00000 -20.90000
v 79.06810 14.00000 -20.35000
v 79.06810 14.00000 -19.25000
v 80.02070 -4.00000 -18.70000
v 79.06810 -4.00000 -19.25000
v 79.06810 -4.00000 -20.35000
v 80.02070 -4.00000 -20.90000
v 80.97340 -4.00000 -20.35000
v 80.97340 -4.00000 -19.25000
v 80.02070 14.00000 -18.70000
v 79.06810 14.00000 -19.25000
v 79.06810 14.00000 -20.35000
v 80.02070 14.00000 -20.90000
v 80.97340 14.00000 -20.35000
v 80.97340 14.00000 -19.25000
v 81.92600 -4.00000 -18.70000
v 80.97340 -4.00000 -19.25000
v 80.97340 -4.00000 -20.35000
v 81.92600 -4.00000 -20.90000
v 82.87860 -4.00000 -20.35000
v 82.87860 -4.00000 -19.25000
v 81.92600 14.00000 -18.70000
v 80.97340 14.00000 -19.25000
v 80.97340 14.00000 -20.35000
v 81.92600 14.00000 -20.90000
v 82.87860 14.00000 -20.35000
v 82.87860 14.00000 -19.25000
v 83.83130 -4.00000 -18.70000
v 82.87860 -4.00000 -19.25000
v 82.87860 -4.00000 -20.35000
v 83.83130 -4.00000 -20.90000
v 84.78390 -4.00000 -20.35000
v 84.78390 -4.00000 -19.25000
v 83.83130 14.00000 -18.70000
v 82.87860 14.00000 -19.25000
v 82.87860 14.00000 -20.35000
v 83.83130 14.00000 -20.90000
v 84.78390 14.00000 -20.35000
v 84.78390 14.00000 -19.25000
v 77.16290 -4.00000 -17.05000
v 76.21020 -4.00000 -17.60000
v 76.21020 -4.00000 -18.70000
v 77.16290 -4.00000 -19.25000
v 78.11550 -4.00000 -18.70000
v 78.11550 -4.00000 -17.60000
v 77.16290 14.00000 -17.05000
v 76.21020 14.00000 -17.60000
v 76.21020 14.00000 -18.70000
v 77.16290 14.00000 -19.25000
v 78.11550 14.00000 -18.70000
v 78.11550 14.00000 -17.60000
v 79.06810 -4.00000 -17.05000
v 78.11550 -4.00000 -17.60000
v 78.11550 -4.00000 -18.70000
v 79.06810 -4.00000 -19.25000
v 80.02070 -4.00000 -18.70000
v 80.02070 -4.00000 -17.60000
v 79.06810 14.00000 -17.05000
v 78.11550 14.00000 -17.60000
v 78.11550 14.00000 -18.70000
v 79.06810 14.00000 -19.25000
v 80.02070 14.00000 -18.70000
v 80.02070 14.00000 -17.60000
v 80.97340 -4.00000 -17.05000
v 80.02070 -4.00000 -17.60000
v 80.02070 -4.00000 -18.70000
v 80.97340 -4.00000 -19.25000
v 81.92600 -4.00000 -18.70000
v 81.92600 -4.00000 -17.60000
v 80.97340 14.00000 -17.05000
v 80.02070 14.00000 -17.60000
v 80.02070 14.00000 -18.70000
v 80.97340 14.00000 -19.25000
v 81.92600 14.00000 -18.70000
v 81.92600 14.00000 -17.60000
v 82.87860 -4.00000 -17.05000
v 81.92600 -4.00000 -17.60000
v 81.92600 -4.00000 -18.70000
v 82.87860 -4.00000 -19.25000
v 83.83130 -4.00000 -18.70000
v 83.83130 -4.00000 -17.60000
v 82.87860 14.00000 -17.05000
v 81.92600 14.00000 -17.60000
v 81.92600 14.00000 -18.70000
v 82.87860 14.00000 -19.25000
v 83.83130 14.00000 -18.70000
v 83.83130 14.00000 -17.60000
v 84.78390 -4.00000 -17.05000
v 83.83130 -4.00000 -17.60000
v 83.83130 -4.00000 -18.70000
v 84.78390 -4.00000 -19.25000
v 85.73650 -4.00000 -18.70000
v 85.73650 -4.00000 -17.60000
v 84.78390 14.00000 -17.05000
v 83.83130 14.00000 -17.60000
v 83.83130 14.00000 -18.70000
v 84.78390 14.00000 -19.25000
v 85.73650 14.00000 -18.70000
v 85.73650 14.00000 -17.60000
v 78.11550 -4.00000 -15.40000
v 77.16290 -4.00000 -15.95000
v 77.16290 -4.00000 -17.05000
v 78.11550 -4.00000 -17.60000
v 79.06810 -4.00000 -17.05000
v 79.06810 -4.00000 -15.95000
v 78.11550 14.00000 -15.40000
v 77.16290 14.00000 -15.95000
v 77.16290 14.00000 -17.05000
v 78.11550 14.00000 -17.60000
v 79.06810 14.00000 -17.05000
v 79.06810 14.00000 -15.95000
v 80.02070 -4.00000 -15.40000
v 79.06810 -4.00000 -15.95000
v 79.06810 -4.00000 -17.05000
v 80.02070 -4.00000 -17.60000
v 80.97340 -4.00000 -17.05000
v 80.97340 -4.00000 -15.95000
v 80.02070 14.00000 -15.40000
v 79.06810 14.00000 -15.95000
v 79.06810 14.00000 -17.05000
v 80.02070 14.00000 -17.60000
v 80.97340 14.00000 -17.05000
v 80.97340 14.00000 -15.95000
v 81.92600 -4.00000 -15.40000
v 80.97340 -4.00000 -15.95000
v 80.97340 -4.00000 -17.05000
v 81.92600 -4.00000 -17.60000
v 82.87860 -4.00000 -17.05000
v 82.87860 -4.00000 -15.95000
v 81.92600 14.00000 -15.40000
v 80.97340 14.00000 -15.95000
v 80.97340 14.00000 -17.05000
v 81.92600 14.00000 -17.60000
v 82.87860 14.00000 -17.05000
v 82.87860 14.00000 -15.95000
v 83.83130 -4.00000 -15.40000
v 82.87860 -4.00000 -15.95000
v 82.87860 -4.00000 -17.05000
v 83.83130 -4.00000 -17.60000
v 84.78390 -4.00000 -17.05000
v 84.78390 -4.00000 -15.95000
v 83.83130 14.00000 -15.40000
v 82.87860 14.00000 -15.95000
v 82.87860 14.00000 -17.05000
v 83.83130 14.00000 -17.60000
v 84.78390 14.00000 -17.05000
v 84.78390 14.00000 -15.95000
v 79.06810 -4.00000 -13.75000
v 78.11550 -4.00000 -14.30000
v 78.11550 -4.00000 -15.40000
v 79.06810 -4.00000 -15.95000
v 80.02070 -4.00000 -15.40000
v 80.02070 -4.00000 -14.30000
v 79.06810 14.00000 -13.75000
v 78.11550 14.00000 -14.30000
v 78.11550 14.00000 -15.40000
v 79.06810 14.00000 -15.95000
v 80.02070 14.00000 -15.40000
v 80.02070 14.00000 -14.30000
v 80.97340 -4.00000 -13.75000
v 80.02070 -4.00000 -14.30000
v 80.02070 -4.00000 -15.40000
v 80.97340 -4.00000 -15.95000
v 81.92600 -4.00000 -15.40000
v 81.92600 -4.00000 -14.30000
v 80.97340 14.00000 -13.75000
v 80.02070 14.00000 -14.30000
v 80.02070 14.00000 -15.40000
v 80.97340 14.00000 -15.95000
v 81.92600 14.00000 -15.40000
v 81.92600 14.00000 -14.30000
v 82.87860 -4.00000 -13.75000
v 81.92600 -4.00000 -14.30000
v 81.92600 -4.00000 -15.40000
v 82.87860 -4.00000 -15.95000
v 83.83130 -4.00000 -15.40000
v 83.83130 -4.00000 -14.30000
v 82.87860 14.00000 -13.75000
v 81.92600 14.00000 -14.30000
v 81.92600 14.00000 -15.40000
v 82.87860 14.00000 -15.95000
v 83.83130 14.00000 -15.40000
v 83.83130 14.00000 -14.30000
v 84.78390 -4.00000 -13.75000
v 83.83130 -4.00000 -14.30000
v 83.83130 -4.00000 -15.40000
v 84.78390 -4.00000 -15.95000
v 85.73650 -4.00000 -15.40000
v 85.73650 -4.00000 -14.30000
v 84.78390 14.00000 -13.75000
v 83.83130 14.00000 -14.30000
v 83.83130 14.00000 -15.40000
v 84.78390 14.00000 -15.95000
v 85.73650 14.00000 -15.40000
v 85.73650 14.00000 -14.30000
v 78.11550 -4.00000 -12.10000
v 77.16290 -4.00000 -12.65000
v 77.16290 -4.00000 -13.75000
v 78.11550 -4.00000 -14.30000
v 79.06810 -4.00000 -13.75000
v 79.06810 -4.00000 -12.65000
v 78.11550 14.00000 -12.10000
v 77.16290 14.00000 -12.65000
v 77.16290 14.00000 -13.75000
v 78.11550 14.00000 -14.30000
v 79.06810 14.00000 -13.75000
v 79.06810 14.00000 -12.65000
v 80.02070 -4.00000 -12.10000
v 79.06810 -4.00000 -12.65000
v 79.06810 -4.00000 -13.75000
v 80.02070 -4.00000 -14.30000
v 80.97340 -4.00000 -13.75000
v 80.97340 -4.00000 -12.65000
v 80.02070 14.00000 -12.10000
v 79.06810 14.00000 -12.65000
v 79.06810 14.00000 -13.75000
v 80.02070 14.00000 -14.30000
v 80.97340 14.00000 -13.75000
v 80.97340 14.00000 -12.65000
v 81.92600 -4.00000 -12.10000
v 80.97340 -4.00000 -12.65000
v 80.97340 -4.00000 -13.75000
v 81.92600 -4.00000 -14.30000
v 82.87860 -4.00000 -13.75000
v 82.87860 -4.00000 -12.65000
v 81.92600 14.00000 -12.10000
v 80.97340 14.00000 -12.65000
v 80.97340 14.00000 -13.75000
v 81.92600 14.00000 -14.30000
v 82.87860 14.00000 -13.75000
v 82.87860 14.00000 -12.65000
v 83.83130 -4.00000 -12.10000
v 82.87860 -4.00000 -12.65000
v 82.87860 -4.00000 -13.75000
v 83.83130 -4.00000 -14.30000
v 84.78390 -4.00000 -13.75000
v 84.78390 -4.00000 -12.65000
v 83.83130 14.00000 -12.10000
v 82.87860 14.00000 -12.65000
v 82.87860 14.00000 -13.75000
v 83.83130 14.00000 -14.30000
v 84.78390 14.00000 -13.75000
v 84.78390 14.00000 -12.65000
v 85.73650 -4.00000 -12.10000
v 84.78390 -4.00000 -12.65000
v 84.78390 -4.00000 -13.75000
v 85.73650 -4.00000 -14.30000
v 86.68910 -4.00000 -13.75000
v 86.68910 -4.00000 -12.65000
v 85.73650 14.00000 -12.10000
v 84.78390 14.00000 -12.65000
v 84.78390 14.00000 -13.75000
v 85.73650 14.00000 -14.30000
v 86.68910 14.00000 -13.75000
v 86.68910 14.00000 -12.65000
v 79.06810 -4.00000 -10.45000
v 78.11550 -4.00000 -11.00000
v 78.11550 -4.00000 -12.10000
v 79.06810 -4.00000 -12.65000
v 80.02070 -4.00000 -12.10000
v 80.02070 -4.00000 -11.00000
v 79.06810 14.00000 -10.45000
v 78.11550 14.00000 -11.00000
v 78.11550 14.00000 -12.10000
v 79.06810 14.00000 -12.65000
v 80.02070 14.00000 -12.10000
v 80.02070 14.00000 -11.00000
v 80.97340 -4.00000 -10.45000
v 80.02070 -4.00000 -11.00000
v 80.02070 -4.00000 -12.10000
v 80.97340 -4.00000 -12.65000
v 81.92600 -4.00000 -12.10000
v 81.92600 -4.00000 -11.00000
v 80.97340 14.00000 -10.45000
v 80.02070 14.00000 -11.00000
v 80.02070 14.00000 -12.10000
v 80.97340 14.00000 -12.65000
v 81.92600 14.00000 -12.10000
v 81.92600 14.00000 -11.00000
v 82.87860 -4.00000 -10.45000
v 81.92600 -4.00000 -11.00000
v 81.92600 -4.00000 -12.10000
v 82.87860 -4.00000 -12.65000
v 83.83130 -4.00000 -12.10000
v 83.83130 -4.00000 -11.00000
v 82.87860 14.00000 -10.45000
v 81.92600 14.00000 -11.00000
v 81.92600 14.00000 -12.10000
v 82.87860 14.00000 -12.65000
v 83.83130 14.00000 -12.10000
v 83.83130 14.00000 -11.00000
v 84.78390 -4.00000 -10.45000
v 83.83130 -4.00000 -11.00000
v 83.83130 -4.00000 -12.10000
v 84.78390 -4.00000 -12.65000
v 85.73650 -4.00000 -12.10000
v 85.73650 -4.00000 -11.00000
v 84.78390 14.00000 -10.45000
v 83.83130 14.00000 -11.00000
v 83.83130 14.00000 -12.10000
v 84.78390 14.00000 -12.65000
v 85.73650 14.00000 -12.10000
v 85.73650 14.00000 -11.00000
v 80.02070 -4.00000 -8.80000
v 79.06810 -4.00000 -9.35000
v 79.06810 -4.00000 -10.45000
v 80.02070 -4.00000 -11.00000
v 80.97340 -4.00000 -10.45000
v 80.97340 -4.00000 -9.35000
v 80.02070 14.00000 -8.80000
v 79.06810 14.00000 -9.35000
v 79.06810 14.00000 -10.45000
v 80.02070 14.00000 -11.00000
v 80.97340 14.00000 -10.45000
v 80.97340 14.00000 -9.35000
v 81.92600 -4.00000 -8.80000
v 80.97340 -4.00000 -9.35000
v 80.97340 -4.00000 -10.45000
v 81.92600 -4.00000 -11.00000
v 82.87860 -4.00000 -10.45000
v 82.87860 -4.00000 -9.35000
v 81.92600 14.00000 -8.80000
v 80.97340 14.00000 -9.35000
v 80.97340 14.00000 -10.45000
v 81.92600 14.00000 -11.00000
v 82.87860 14.00000 -10.45000
v 82.87860 14.00000 -9.35000
v 83.83130 -4.00000 -8.80000
v 82.87860 -4.00000 -9.35000
v 82.87860 -4.00000 -10.45000
v 83.83130 -4.00000 -11.00000
v 84.78390 -4.00000 -10.45000
v 84.78390 -4.00000 -9.35000
v 83.83130 14.00000 -8.80000
v 82.87860 14.00000 -9.35000
v 82.87860 14.00000 -10.45000
v 83.83130 14.00000 -11.00000
v 84.78390 14.00000 -10.45000
v 84.78390 14.00000 -9.35000
v 85.73650 -4.00000 -8.80000
v 84.78390 -4.00000 -9.35000
v 84.78390 -4.00000 -10.45000
v 85.73650 -4.00000 -11.00000
v 86.68910 -4.00000 -10.45000
v 86.68910 -4.00000 -9.35000
v 85.73650 14.00000 -8.80000
v 84.78390 14.00000 -9.35000
v 84.78390 14.00000 -10.45000
v 85.73650 14.00000 -11.00000
v 86.68910 14.00000 -10.45000
v 86.68910 14.00000 -9.35000
v 79.06810 -4.00000 -7.15000
v 78.11550 -4.00000 -7.70000
v 78.11550 -4.00000 -8.80000
v 79.06810 -4.00000 -9.35000
v 80.02070 -4.00000 -8.80000
v 80.02070 -4.00000 -7.70000
v 79.06810 14.00000 -7.15000
v 78.11550 14.00000 -7.70000
v 78.11550 14.00000 -8.80000
v 79.06810 14.00000 -9.35000
v 80.02070 14.00000 -8.80000
v 80.02070 14.00000 -7.70000
v 80.97340 -4.00000 -7.15000
v 80.02070 -4.00000 -7.70000
v 80.02070 -4.00000 -8.80000
v 80.97340 -4.00000 -9.35000
v 81.92600 -4.00000 -8.80000
v 81.92600 -4.00000 -7.70000
v 80.97340 14.00000 -7.15000
v 80.02070 14.00000 -7.70000
v 80.02070 14.00000 -8.80000
v 80.97340 14.00000 -9.35000
v 81.92600 14.00000 -8.80000
v 81.92600 14.00000 -7.70000
v 82.87860 -4.00000 -7.15000
v 81.92600 -4.00000 -7.70000
v 81.92600 -4.00000 -8.80000
v 82.87860 -4.00000 -9.35000
v 83.83130 -4.00000 -8.80000
v 83.83130 -4.00000 -7.70000
v 82.87860 14.00000 -7.15000
v 81.92600 14.00000 -7.70000
v 81.92600 14.00000 -8.80000
v 82.87860 14.00000 -9.35000
v 83.83130 14.00000 -8.80000
v 83.83130 14.00000 -7.70000
v 84.78390 -4.00000 -7.15000
v 83.83130 -4.00000 -7.70000
v 83.83130 -4.00000 -8.80000
v 84.78390 -4.00000 -9.35000
v 85.73650 -4.00000 -8.80000
v 85.73650 -4.00000 -7.70000
v 84.78390 14.00000 -7.15000
v 83.83130 14.00000 -7.70000
v 83.83130 14.00000 -8.80000
v 84.78390 14.00000 -9.35000
v 85.73650 14.00000 -8.80000
v 85.73650 14.00000 -7.70000
v 80.02070 -4.00000 -5.50000
v 79.06810 -4.00000 -6.05000
v 79.06810 -4.00000 -7.15000
v 80.02070 -4.00000 -7.70000
v 80.97340 -4.00000 -7.15000
v 80.97340 -4.00000 -6.05000
v 80.02070 14.00000 -5.50000
v 79.06810 14.00000 -6.05000
v 79.06810 14.00000 -7.15000
v 80.02070 14.00000 -7.70000
v 80.97340 14.00000 -7.15000
v 80.97340 14.00000 -6.05000
v 81.92600 -4.00000 -5.50000
v 80.97340 -4.00000 -6.05000
v 80.97340 -4.00000 -7.15000
v 81.92600 -4.00000 -7.70000
v 82.87860 -4.00000 -7.15000
v 82.87860 -4.00000 -6.05000
v 81.92600 14.00000 -5.50000
v 80.97340 14.00000 -6.05000
v 80.97340 14.00000 -7.15000
v 81.92600 14.00000 -7.70000
v 82.87860 14.00000 -7.15000
v 82.87860 14.00000 -6.05000
v 83.83130 -4.00000 -5.50000
v 82.87860 -4.00000 -6.05000
v 82.87860 -4.00000 -7.15000
v 83.83130 -4.00000 -7.70000
v 84.78390 -4.00000 -7.15000
v 84.78390 -4.00000 -6.05000
v 83.83130 14.00000 -5.50000
v 82.87860 14.00000 -6.05000
v 82.87860 14.00000 -7.15000
v 83.83130 14.00000 -7.70000
v 84.78390 14.00000 -7.15000
v 84.78390 14.00000 -6.05000
v 85.73650 -4.00000 -5.50000
v 84.78390 -4.00000 -6.05000
v 84.78390 -4.00000 -7.15000
v 85.73650 -4.00000 -7.70000
v 86.68910 -4.00000 -7.15000
v 86.68910 -4.00000 -6.05000
v 85.73650 14.00000 -5.50000
v 84.78390 14.00000 -6.05000
v 84.78390 14.00000 -7.15000
v 85.73650 14.00000 -7.70000
v 86.68910 14.00000 -7.15000
v 86.68910 14.00000 -6.05000
v 79.06810 -4.00000 -3.85000
v 78.11550 -4.00000 -4.40000
v 78.11550 -4.00000 -5.50000
v 79.06810 -4.00000 -6.05000
v 80.02070 -4.00000 -5.50000
v 80.02070 -4.00000 -4.40000
v 79.06810 14.00000 -3.85000
v 78.11550 14.00000 -4.40000
v 78.11550 14.00000 -5.50000
v 79.06810 14.00000 -6.05000
v 80.02070 14.00000 -5.50000
v 80.02070 14.00000 -4.40000
v 80.97340 -4.00000 -3.85000
v 80.02070 -4.00000 -4.40000
v 80.02070 -4.00000 -5.50000
v 80.97340 -4.00000 -6.05000
v 81.92600 -4.00000 -5.50000
v 81.92600 -4.00000 -4.40000
v 80.97340 14.00000 -3.85000
v 80.02070 14.00000 -4.40000
v 80.02070 14.00000 -5.50000
v 80.97340 14.00000 -6.05000
v 81.92600 14.00000 -5.50000
v 81.92600 14.00000 -4.40000
v 82.87860 -4.00000 -3.85000
v 81.92600 -4.00000 -4.40000
v 81.92600 -4.00000 -5.50000
v 82.87860 -4.00000 -6.05000
v 83.83130 -4.00000 -5.50000
v 83.83130 -4.00000 -4.40000
v 82.87860 14.00000 -3.85000
v 81.92600 14.00000 -4.40000
v 81.92600 14.00000 -5.50000
v 82.87860 14.00000 -6.05000
v 83.83130 14.00000 -5.50000
v 83.83130 14.00000 -4.40000
v 84.78390 -4.00000 -3.85000
v 83.83130 -4.00000 -4.40000
v 83.83130 -4.00000 -5.50000
v 84.78390 -4.00000 -6.05000
v 85.73650 -4.00000 -5.50000
v 85.73650 -4.00000 -4.40000
v 84.78390 14.00000 -3.85000
v 83.83130 14.00000 -4.40000
v 83.83130 14.00000 -5.50000
v 84.78390 14.00000 -6.05000
v 85.73650 14.00000 -5.50000
v 85.73650 14.00000 -4.40000
v 86.68910 -4.00000 -3.85000
v 85.73650 -4.00000 -4.40000
v 85.73650 -4.00000 -5.50000
v 86.68910 -4.00000 -6.05000
v 87.64180 -4.00000 -5.50000
v 87.64180 -4.00000 -4.40000
v 86.68910 14.00000 -3.85000
v 85.73650 14.00000 -4.40000
v 85.73650 14.00000 -5.50000
v 86.68910 14.00000 -6.05000
v 87.64180 14.00000 -5.50000
v 87.64180 14.00000 -4.40000
v 80.02070 -4.00000 -2.20000
v 79.06810 -4.00000 -2.75000
v 79.06810 -4.00000 -3.85000
v 80.02070 -4.00000 -4.40000
v 80.97340 -4.00000 -3.85000
v 80.97340 -4.00000 -2.75000
v 80.02070 14.00000 -2.20000
v 79.06810 14.00000 -2.75000
v 79.06810 14.00000 -3.85000
v 80.02070 14.00000 -4.40000
v 80.97340 14.00000 -3.85000
v 80.97340 14.00000 -2.75000
v 81.92600 -4.00000 -2.20000
v 80.97340 -4.00000 -2.75000
v 80.97340 -4.00000 -3.85000
v 81.92600 -4.00000 -4.40000
v 82.87860 -4.00000 -3.85000
v 82.87860 -4.00000 -2.75000
v 81.92600 14.00000 -2.20000
v 80.97340 14.00000 -2.75000
v 80.97340 14.00000 -3.85000
v 81.92600 14.00000 -4.40000
v 82.87860 14.00000 -3.85000
v 82.87860 14.00000 -2.75000
v 83.83130 -4.00000 -2.20000
v 82.87860 -4.00000 -2.75000
v 82.87860 -4.00000 -3.85000
v 83.83130 -4.00000 -4.40000
v 84.78390 -4.00000 -3.85000
v 84.78390 -4.00000 -2.75000
v 83.83130 14.00000 -2.20000
v 82.87860 14.00000 -2.75000
v 82.87860 14.00000 -3.85000
v 83.83130 14.00000 -4.40000
v 84.78390 14.00000 -3.85000
v 84.78390 14.00000 -2.75000
v 85.73650 -4.00000 -2.20000
v 84.78390 -4.00000 -2.75000
v 84.78390 -4.00000 -3.85000
v 85.73650 -4.00000 -4.40000
v 86.68910 -4.00000 -3.85000
v 86.68910 -4.00000 -2.75000
v 85.73650 14.00000 -2.20000
v 84.78390 14.00000 -2.75000
v 84.78390 14.00000 -3.85000
v 85.73650 14.00000 -4.40000
v 86.68910 14.00000 -3.85000
v 86.68910 14.00000 -2.75000
v 79.06810 -4.00000 -0.55000
v 78.11550 -4.00000 -1.10000
v 78.11550 -4.00000 -2.20000
v 79.06810 -4.00000 -2.75000
v 80.02070 -4.00000 -2.20000
v 80.02070 -4.00000 -1.10000
v 79.06810 14.00000 -0.55000
v 78.11550 14.00000 -1.10000
v 78.11550 14.00000 -2.20000
v 79.06810 14.00000 -2.75000
v 80.02070 14.00000 -2.20000
v 80.02070 14.00000 -1.10000
v 80.97340 -4.00000 -0.55000
v 80.02070 -4.00000 -1.10000
v 80.02070 -4.00000 -2.20000
v 80.97340 -4.00000 -2.75000
v 81.92600 -4.00000 -2.20000
v 81.92600 -4.00000 -1.10000
v 80.97340 14.00000 -0.55000
v 80.02070 14.00000 -1.10000
v 80.02070 14.00000 -2.20000
v 80.97340 14.00000 -2.75000
v 81.92600 14.00000 -2.20000
v 81.92600 14.00000 -1.10000
v 82.87860 -4.00000 -0.55000
v 81.92600 -4.00000 -1.10000
v 81.92600 -4.00000 -2.20000
v 82.87860 -4.00000 -2.75000
v 83.83130 -4.00000 -2.20000
v 83.83130 -4.00000 -1.10000
v 82.87860 14.00000 -0.55000
v 81.92600 14.00000 -1.10000
v 81.92600 14.00000 -2.20000
v 82.87860 14.00000 -2.75000
v 83.83130 14.00000 -2.20000
v 83.83130 14.00000 -1.10000
v 84.78390 -4.00000 -0.55000
v 83.83130 -4.00000 -1.10000
v 83.83130 -4.00000 -2.20000
v 84.78390 -4.00000 -2.75000
v 85.73650 -4.00000 -2.20000
v 85.73650 -4.00000 -1.10000
v 84.78390 14.00000 -0.55000
v 83.83130 14.00000 -1.10000
v 83.83130 14.00000 -2.20000
v 84.78390 14.00000 -2.75000
v 85.73650 14.00000 -2.20000
v 85.73650 14.00000 -1.10000
v 86.68910 -4.00000 -0.55000
v 85.73650 -4.00000 -1.10000
v 85.73650 -4.00000 -2.20000
v 86.68910 -4.00000 -2.75000
v 87.64180 -4.00000 -2.20000
v 87.64180 -4.00000 -1.10000
v 86.68910 14.00000 -0.55000
v 85.73650 14.00000 -1.10000
v 85.73650 14.00000 -2.20000
v 86.68910 14.00000 -2.75000
v 87.64180 14.00000 -2.20000
v 87.64180 14.00000 -1.10000
v 0.00000 -4.00000 88.00000
v 9.91419 -4.00000 87.43974
v 11.04081 -4.00000 97.37608
v 0.00000 -4.00000 98.00000
v 0.00000 16.00000 88.00000
v 9.91419 16.00000 87.43974
v 11.04081 16.00000 97.37608
v 0.00000 16.00000 98.00000
v 8.62551 -4.00000 87.57626
v 18.43705 -4.00000 86.04694
v 20.53217 -4.00000 95.82500
v 9.60568 -4.00000 97.52810
v 8.62551 16.00000 87.57626
v 18.43705 16.00000 86.04694
v 20.53217 16.00000 95.82500
v 9.60568 16.00000 97.52810
v 17.16795 -4.00000 86.30910
v 26.78234 -4.00000 83.82545
v 29.82579 -4.00000 93.35107
v 19.11885 -4.00000 96.11696
v 17.16795 16.00000 86.30910
v 26.78234 16.00000 83.82545
v 29.82579 16.00000 93.35107
v 19.11885 16.00000 96.11696
v 25.54505 -4.00000 84.21075
v 34.86971 -4.00000 80.79668
v 38.83218 -4.00000 89.97812
v 28.44790 -4.00000 93.78015
v 25.54505 16.00000 84.21075
v 34.86971 16.00000 80.79668
v 38.83218 16.00000 89.97812
v 28.44790 16.00000 93.78015
v 33.67614 -4.00000 81.30140
v 42.62126 -4.00000 76.98979
v 47.46459 -4.00000 85.73863
v 37.50298 -4.00000 90.54019
v 33.67614 16.00000 81.30140
v 42.62126 16.00000 76.98979
v 47.46459 16.00000 85.73863
v 37.50298 16.00000 90.54019
v 41.48291 -4.00000 77.60907
v 49.96235 -4.00000 72.44145
v 55.63989 -4.00000 80.67343
v 46.19688 -4.00000 86.42828
v 41.48291 16.00000 77.60907
v 49.96235 16.00000 72.44145
v 55.63989 16.00000 80.67343
v 46.19688 16.00000 86.42828
v 48.89018 -4.00000 73.16933
v 56.82227 -4.00000 67.19546
v 63.27935 -4.00000 74.83131
v 54.44588 -4.00000 81.48402
v 48.89018 16.00000 73.16933
v 56.82227 16.00000 67.19546
v 63.27935 16.00000 74.83131
v 54.44588 16.00000 81.48402
v 55.82661 -4.00000 68.02492
v 63.13496 -4.00000 61.30234
v 70.30939 -4.00000 68.26851
v 62.17054 -4.00000 75.75502
v 55.82661 16.00000 68.02492
v 63.13496 16.00000 61.30234
v 70.30939 16.00000 68.26851
v 62.17054 16.00000 75.75502
v 62.22540 -4.00000 62.22540
v 68.83963 -4.00000 54.81884
v 76.66231 -4.00000 61.04826
v 69.29646 -4.00000 69.29646
v 62.22540 16.00000 62.22540
v 68.83963 16.00000 54.81884
v 76.66231 16.00000 61.04826
v 69.29646 16.00000 69.29646
v 68.02492 -4.00000 55.82661
v 73.88133 -4.00000 47.80741
v 82.27694 -4.00000 53.24007
v 75.75502 -4.00000 62.17054
v 68.02492 16.00000 55.82661
v 73.88133 16.00000 47.80741
v 82.27694 16.00000 53.24007
v 75.75502 16.00000 62.17054
v 73.16933 -4.00000 48.89018
v 78.21152 -4.00000 40.33557
v 87.09919 -4.00000 44.91916
v 81.48402 -4.00000 54.44588
v 73.16933 16.00000 48.89018
v 78.21152 16.00000 40.33557
v 87.09919 16.00000 44.91916
v 81.48402 16.00000 54.44588
v 77.60907 -4.00000 41.48291
v 81.78849 -4.00000 32.47527
v 91.08263 -4.00000 36.16564
v 86.42828 -4.00000 46.19688
v 77.60907 16.00000 41.48291
v 81.78849 16.00000 32.47527
v 91.08263 16.00000 36.16564
v 86.42828 16.00000 46.19688
v 81.30140 -4.00000 33.67614
v 84.57779 -4.00000 24.30222
v 94.18890 -4.00000 27.06384
v 90.54019 -4.00000 37.50298
v 81.30140 16.00000 33.67614
v 84.57779 16.00000 24.30222
v 94.18890 16.00000 27.06384
v 90.54019 16.00000 37.50298
v 84.21075 -4.00000 25.54505
v 86.55256 -4.00000 15.89513
v 96.38807 -4.00000 17.70139
v 93.78015 -4.00000 28.44790
v 84.21075 16.00000 25.54505
v 86.55256 16.00000 15.89513
v 96.38807 16.00000 17.70139
v 93.78015 16.00000 28.44790
v 86.30910 -4.00000 17.16795
v 87.69378 -4.00000 7.33495
v 97.65898 -4.00000 8.16847
v 96.11696 -4.00000 19.11885
v 86.30910 16.00000 17.16795
v 87.69378 16.00000 7.33495
v 97.65898 16.00000 8.16847
v 96.11696 16.00000 19.11885
v 87.57626 -4.00000 8.62551
v 87.99046 -4.00000 -1.29586
v 97.98937 -4.00000 -1.44312
v 97.52810 -4.00000 9.60568
v 87.57626 16.00000 8.62551
v 87.99046 16.00000 -1.29586
v 97.98937 16.00000 -1.44312
v 97.52810 16.00000 9.60568
v 88.00000 -4.00000 0.00000
v 87.43974 -4.00000 -9.91419
v 97.37608 -4.00000 -11.04081
v 98.00000 -4.00000 0.00000
v 88.00000 16.00000 0.00000
v 87.43974 16.00000 -9.91419
v 97.37608 16.00000 -11.04081
v 98.00000 16.00000 0.00000
v 87.57626 -4.00000 -8.62551
v 86.04694 -4.00000 -18.43705
v 95.82500 -4.00000 -20.53217
v 97.52810 -4.00000 -9.60568
v 87.57626 16.00000 -8.62551
v 86.04694 16.00000 -18.43705
v 95.82500 16.00000 -20.53217
v 97.52810 16.00000 -9.60568
v 86.30910 -4.00000 -17.16795
v 83.82545 -4.00000 -26.78234
v 93.35107 -4.00000 -29.82579
v 96.11696 -4.00000 -19.11885
v 86.30910 16.00000 -17.16795
v 83.82545 16.00000 -26.78234
v 93.35107 16.00000 -29.82579
v 96.11696 16.00000 -19.11885
v 84.21075 -4.00000 -25.54505
v 80.79668 -4.00000 -34.86971
v 89.97812 -4.00000 -38.83218
v 93.78015 -4.00000 -28.44790
v 84.21075 16.00000 -25.54505
v 80.79668 16.00000 -34.86971
v 89.97812 16.00000 -38.83218
v 93.78015 16.00000 -28.44790
v 81.30140 -4.00000 -33.67614
v 76.98979 -4.00000 -42.62126
v 85.73863 -4.00000 -47.46459
v 90.54019 -4.00000 -37.50298
v 81.30140 16.00000 -33.67614
v 76.98979 16.00000 -42.62126
v 85.73863 16.00000 -47.46459
v 90.54019 16.00000 -37.50298
v 77.60907 -4.00000 -41.48291
v 72.44145 -4.00000 -49.96235
v 80.67343 -4.00000 -55.63989
v 86.42828 -4.00000 -46.19688
v 77.60907 16.00000 -41.48291
v 72.44145 16.00000 -49.96235
v 80.67343 16.00000 -55.63989
v 86.42828 16.00000 -46.19688
v 73.16933 -4.00000 -48.89018
v 67.19546 -4.00000 -56.82227
v 74.83131 -4.00000 -63.27935
v 81.48402 -4.00000 -54.44588
v 73.16933 16.00000 -48.89018
v 67.19546 16.00000 -56.82227
v 74.83131 16.00000 -63.27935
v 81.48402 16.00000 -54.44588
v 68.02492 -4.00000 -55.82661
v 61.30234 -4.00000 -63.13496
v 68.26851 -4.00000 -70.30939
v 75.75502 -4.00000 -62.17054
v 68.02492 16.00000 -55.82661
v 61.30234 16.00000 -63.13496
v 68.26851 16.00000 -70.30939
v 75.75502 16.00000 -62.17054
v 62.22540 -4.00000 -62.22540
v 54.81884 -4.00000 -68.83963
v 61.04826 -4.00000 -76.66231
v 69.29646 -4.00000 -69.29646
v 62.22540 16.00000 -62.22540
v 54.81884 16.00000 -68.83963
v 61.04826 16.00000 -76.66231
v 69.29646 16.00000 -69.29646
v 55.82661 -4.00000 -68.02492
v 47.80741 -4.00000 -73.88133
v 53.24007 -4.00000 -82.27694
v 62.17054 -4.00000 -75.75502
v 55.82661 16.00000 -68.02492
v 47.80741 16.00000 -73.88133
v 53.24007 16.00000 -82.27694
v 62.17054 16.00000 -75.75502
v 48.89018 -4.00000 -73.16933
v 40.33557 -4.00000 -78.21152
v 44.91916 -4.00000 -87.09919
v 54.44588 -4.00000 -81.48402
v 48.89018 16.00000 -73.16933
v 40.33557 16.00000 -78.21152
v 44.91916 16.00000 -87.09919
v 54.44588 16.00000 -81.48402
v 41.48291 -4.00000 -77.60907
v 32.47527 -4.00000 -81.78849
v 36.16564 -4.00000 -91.08263
v 46.19688 -4.00000 -86.42828
v 41.48291 16.00000 -77.60907
v 32.47527 16.00000 -81.78849
v 36.16564 16.00000 -91.08263
v 46.19688 16.00000 -86.42828
v 33.67614 -4.00000 -81.30140
v 24.30222 -4.00000 -84.57779
v 27.06384 -4.00000 -94.18890
v 37.50298 -4.00000 -90.54019
v 33.67614 16.00000 -81.30140
v 24.30222 16.00000 -84.57779
v 27.06384 16.00000 -94.18890
v 37.50298 16.00000 -90.54019
v 25.54505 -4.00000 -84.21075
v 15.89513 -4.00000 -86.55256
v 17.70139 -4.00000 -96.38807
v 28.44790 -4.00000 -93.78015
v 25.54505 16.00000 -84.21075
v 15.89513 16.00000 -86.55256
v 17.70139 16.00000 -96.38807
v 28.44790 16.00000 -93.78015
v 17.16795 -4.00000 -86.30910
v 7.33495 -4.00000 -87.69378
v 8.16847 -4.00000 -97.65898
v 19.11885 -4.00000 -96.11696
v 17.16795 16.00000 -86.30910
v 7.33495 16.00000 -87.69378
v 8.16847 16.00000 -97.65898
v 19.11885 16.00000 -96.11696
v 8.62551 -4.00000 -87.57626
v -1.29586 -4.00000 -87.99046
v -1.44312 -4.00000 -97.98937
v 9.60568 -4.00000 -97.52810
v 8.62551 16.00000 -87.57626
v -1.29586 16.00000 -87.99046
v -1.44312 16.00000 -97.98937
v 9.60568 16.00000 -97.52810
v 0.00000 -4.00000 -88.00000
v -9.91419 -4.00000 -87.43974
v -11.04081 -4.00000 -97.37608
v 0.00000 -4.00000 -98.00000
v 0.00000 16.00000 -88.00000
v -9.91419 16.00000 -87.43974
v -11.04081 16.00000 -97.37608
v 0.00000 16.00000 -98.00000
v -8.62551 -4.00000 -87.57626
v -18.43705 -4.00000 -86.04694
v -20.53217 -4.00000 -95.82500
v -9.60568 -4.00000 -97.52810
v -8.62551 16.00000 -87.57626
v -18.43705 16.00000 -86.04694
v -20.53217 16.00000 -95.82500
v -9.60568 16.00000 -97.52810
v -17.16795 -4.00000 -86.30910
v -26.78234 -4.00000 -83.82545
v -29.82579 -4.00000 -93.35107
v -19.11885 -4.00000 -96.11696
v -17.16795 16.00000 -86.30910
v -26.78234 16.00000 -83.82545
v -29.82579 16.00000 -93.35107
v -19.11885 16.00000 -96.11696
v -25.54505 -4.00000 -84.21075
v -34.86971 -4.00000 -80.79668
v -38.83218 -4.00000 -89.97812
v -28.44790 -4.00000 -93.78015
v -25.54505 16.00000 -84.21075
v -34.86971 16.00000 -80.79668
v -38.83218 16.00000 -89.97812
v -28.44790 16.00000 -93.78015
v -33.67614 -4.00000 -81.30140
v -42.62126 -4.00000 -76.98979
v -47.46459 -4.00000 -85.73863
v -37.50298 -4.00000 -90.54019
v -33.67614 16.00000 -81.30140
v -42.62126 16.00000 -76.98979
v -47.46459 16.00000 -85.73863
v -37.50298 16.00000 -90.54019
v -41.48291 -4.00000 -77.60907
v -49.96235 -4.00000 -72.44145
v -55.63989 -4.00000 -80.67343
v -46.19688 -4.00000 -86.42828
v -41.48291 16.00000 -77.60907
v -49.96235 16.00000 -72.44145
v -55.63989 16.00000 -80.67343
v -46.19688 16.00000 -86.42828
v -48.89018 -4.00000 -73.16933
v -56.82227 -4.00000 -67.19546
v -63.27935 -4.00000 -74.83131
v -54.44588 -4.00000 -81.48402
v -48.89018 16.00000 -73.16933
v -56.82227 16.00000 -67.19546
v -63.27935 16.00000 -74.83131
v -54.44588 16.00000 -81.48402
v -55.82661 -4.00000 -68.02492
v -63.13496 -4.00000 -61.30234
v -70.30939 -4.00000 -68.26851
v -62.17054 -4.00000 -75.75502
v -55.82661 16.00000 -68.02492
v -63.13496 16.00000 -61.30234
v -70.30939 16.00000 -68.26851
v -62.17054 16.00000 -75.75502
v -62.22540 -4.00000 -62.22540
v -68.83963 -4.00000 -54.81884
v -76.66231 -4.00000 -61.04826
v -69.29646 -4.00000 -69.29646
v -62.22540 16.00000 -62.22540
v -68.83963 16.00000 -54.81884
v -76.66231 16.00000 -61.04826
v -69.29646 16.00000 -69.29646
v -68.02492 -4.00000 -55.82661
v -73.88133 -4.00000 -47.80741
v -82.27694 -4.00000 -53.24007
v -75.75502 -4.00000 -62.17054
v -68.02492 16.00000 -55.82661
v -73.88133 16.00000 -47.80741
v -82.27694 16.00000 -53.24007
v -75.75502 16.00000 -62.17054
v -73.16933 -4.00000 -48.89018
v -78.21152 -4.00000 -40.33557
v -87.09919 -4.00000 -44.91916
v -81.48402 -4.00000 -54.44588
v -73.16933 16.00000 -48.89018
v -78.21152 16.00000 -40.33557
v -87.09919 16.00000 -44.91916
v -81.48402 16.00000 -54.44588
v -77.60907 -4.00000 -41.48291
v -81.78849 -4.00000 -32.47527
v -91.08263 -4.00000 -36.16564
v -86.42828 -4.00000 -46.19688
v -77.60907 16.00000 -41.48291
v -81.78849 16.00000 -32.47527
v -91.08263 16.00000 -36.16564
v -86.42828 16.00000 -46.19688
v -81.30140 -4.00000 -33.67614
v -84.57779 -4.00000 -24.30222
v -94.18890 -4.00000 -27.06384
v -90.54019 -4.00000 -37.50298
v -81.30140 16.00000 -33.67614
v -84.57779 16.00000 -24.30222
v -94.18890 16.00000 -27.06384
v -90.54019 16.00000 -37.50298
v -84.21075 -4.00000 -25.54505
v -86.55256 -4.00000 -15.89513
v -96.38807 -4.00000 -17.70139
v -93.78015 -4.00000 -28.44790
v -84.21075 16.00000 -25.54505
v -86.55256 16.00000 -15.89513
v -96.38807 16.00000 -17.70139
v -93.78015 16.00000 -28.44790
v -86.30910 -4.00000 -17.16795
v -87.69378 -4.00000 -7.33495
v -97.65898 -4.00000 -8.16847
v -96.11696 -4.00000 -19.11885
v -86.30910 16.00000 -17.16795
v -87.69378 16.00000 -7.33495
v -97.65898 16.00000 -8.16847
v -96.11696 16.00000 -19.11885
v -87.57626 -4.00000 -8.62551
v -87.99046 -4.00000 1.29586
v -97.98937 -4.00000 1.44312
v -97.52810 -4.00000 -9.60568
v -87.57626 16.00000 -8.62551
v -87.99046 16.00000 1.29586
v -97.98937 16.00000 1.44312
v -97.52810 16.00000 -9.60568
v -88.00000 -4.00000 -0.00000
v -87.43974 -4.00000 9.91419
v -97.37608 -4.00000 11.04081
v -98.00000 -4.00000 -0.00000
v -88.00000 16.00000 -0.00000
v -87.43974 16.00000 9.91419
v -97.37608 16.00000 11.04081
v -98.00000 16.00000 -0.00000
v -87.57626 -4.00000 8.62551
v -86.04694 -4.00000 18.43705
v -95.82500 -4.00000 20.53217
v -97.52810 -4.00000 9.60568
v -87.57626 16.00000 8.62551
v -86.04694 16.00000 18.43705
v -95.82500 16.00000 20.53217
v -97.52810 16.00000 9.60568
v -86.30910 -4.00000 17.16795
v -83.82545 -4.00000 26.78234
v -93.35107 -4.00000 29.82579
v -96.11696 -4.00000 19.11885
v -86.30910 16.00000 17.16795
v -83.82545 16.00000 26.78234
v -93.35107 16.00000 29.82579
v -96.11696 16.00000 19.11885
v -84.21075 -4.00000 25.54505
v -80.79668 -4.00000 34.86971
v -89.97812 -4.00000 38.83218
v -93.78015 -4.00000 28.44790
v -84.21075 16.00000 25.54505
v -80.79668 16.00000 34.86971
v -89.97812 16.00000 38.83218
v -93.78015 16.00000 28.44790
v -81.30140 -4.00000 33.67614
v -76.98979 -4.00000 42.62126
v -85.73863 -4.00000 47.46459
v -90.54019 -4.00000 37.50298
v -81.30140 16.00000 33.67614
v -76.98979 16.00000 42.62126
v -85.73863 16.00000 47.46459
v -90.54019 16.00000 37.50298
v -77.60907 -4.00000 41.48291
v -72.44145 -4.00000 49.96235
v -80.67343 -4.00000 55.63989
v -86.42828 -4.00000 46.19688
v -77.60907 16.00000 41.48291
v -72.44145 16.00000 49.96235
v -80.67343 16.00000 55.63989
v -86.42828 16.00000 46.19688
v -73.16933 -4.00000 48.89018
v -67.19546 -4.00000 56.82227
v -74.83131 -4.00000 63.27935
v -81.48402 -4.00000 54.44588
v -73.16933 16.00000 48.89018
v -67.19546 16.00000 56.82227
v -74.83131 16.00000 63.27935
v -81.48402 16.00000 54.44588
v -68.02492 -4.00000 55.82661
v -61.30234 -4.00000 63.13496
v -68.26851 -4.00000 70.30939
v -75.75502 -4.00000 62.17054
v -68.02492 16.00000 55.82661
v -61.30234 16.00000 63.13496
v -68.26851 16.00000 70.30939
v -75.75502 16.00000 62.17054
v -62.22540 -4.00000 62.22540
v -54.81884 -4.00000 68.83963
v -61.04826 -4.00000 76.66231
v -69.29646 -4.00000 69.29646
v -62.22540 16.00000 62.22540
v -54.81884 16.00000 68.83963
v -61.04826 16.00000 76.66231
v -69.29646 16.00000 69.29646
v -55.82661 -4.00000 68.02492
v -47.80741 -4.00000 73.88133
v -53.24007 -4.00000 82.27694
v -62.17054 -4.00000 75.75502
v -55.82661 16.00000 68.02492
v -47.80741 16.00000 73.88133
v -53.24007 16.00000 82.27694
v -62.17054 16.00000 75.75502
v -48.89018 -4.00000 73.16933
v -40.33557 -4.00000 78.21152
v -44.91916 -4.00000 87.09919
v -54.44588 -4.00000 81.48402
v -48.89018 16.00000 73.16933
v -40.33557 16.00000 78.21152
v -44.91916 16.00000 87.09919
v -54.44588 16.00000 81.48402
v -41.48291 -4.00000 77.60907
v -32.47527 -4.00000 81.78849
v -36.16564 -4.00000 91.08263
v -46.19688 -4.00000 86.42828
v -41.48291 16.00000 77.60907
v -32.47527 16.00000 81.78849
v -36.16564 16.00000 91.08263
v -46.19688 16.00000 86.42828
v -33.67614 -4.00000 81.30140
v -24.30222 -4.00000 84.57779
v -27.06384 -4.00000 94.18890
v -37.50298 -4.00000 90.54019
v -33.67614 16.00000 81.30140
v -24.30222 16.00000 84.57779
v -27.06384 16.00000 94.18890
v -37.50298 16.00000 90.54019
v -25.54505 -4.00000 84.21075
v -15.89513 -4.00000 86.55256
v -17.70139 -4.00000 96.38807
v -28.44790 -4.00000 93.78015
v -25.54505 16.00000 84.21075
v -15.89513 16.00000 86.55256
v -17.70139 16.00000 96.38807
v -28.44790 16.00000 93.78015
v -17.16795 -4.00000 86.30910
v -7.33495 -4.00000 87.69378
v -8.16847 -4.00000 97.65898
v -19.11885 -4.00000 96.11696
v -17.16795 16.00000 86.30910
v -7.33495 16.00000 87.69378
v -8.16847 16.00000 97.65898
v -19.11885 16.00000 96.11696
v -8.62551 -4.00000 87.57626
v 1.29586 -4.00000 87.99046
v 1.44312 -4.00000 97.98937
v -9.60568 -4.00000 97.52810
v -8.62551 16.00000 87.57626
v 1.29586 16.00000 87.99046
v 1.44312 16.00000 97.98937
v -9.60568 16.00000 97.52810
o CliffColumnsCollider
f 7 8 2 1
f 8 9 3 2
f 9 10 4 3
f 10 11 5 4
f 11 12 6 5
f 12 7 1 6
f 10 9 8 7
f 12 11 10 7
f 1 2 3 4
f 1 4 5 6
f 19 20 14 13
f 20 21 15 14
f 21 22 16 15
f 22 23 17 16
f 23 24 18 17
f 24 19 13 18
f 22 21 20 19
f 24 23 22 19
f 13 14 15 16
f 13 16 17 18
f 31 32 26 25
f 32 33 27 26
f 33 34 28 27
f 34 35 29 28
f 35 36 30 29
f 36 31 25 30
f 34 33 32 31
f 36 35 34 31
f 25 26 27 28
f 25 28 29 30
f 43 44 38 37
f 44 45 39 38
f 45 46 40 39
f 46 47 41 40
f 47 48 42 41
f 48 43 37 42
f 46 45 44 43
f 48 47 46 43
f 37 38 39 40
f 37 40 41 42
f 55 56 50 49
f 56 57 51 50
f 57 58 52 51
f 58 59 53 52
f 59 60 54 53
f 60 55 49 54
f 58 57 56 55
f 60 59 58 55
f 49 50 51 52
f 49 52 53 54
f 67 68 62 61
f 68 69 63 62
f 69 70 64 63
f 70 71 65 64
f 71 72 66 65
f 72 67 61 66
f 70 69 68 67
f 72 71 70 67
f 61 62 63 64
f 61 64 65 66
f 79 80 74 73
f 80 81 75 74
f 81 82 76 75
f 82 83 77 76
f 83 84 78 77
f 84 79 73 78
f 82 81 80 79
f 84 83 82 79
f 73 74 75 76
f 73 76 77 78
f 91 92 86 85
f 92 93 87 86
f 93 94 88 87
f 94 95 89 88
f 95 96 90 89
f 96 91 85 90
f 94 93 92 91
f 96 95 94 91
f 85 86 87 88
f 85 88 89 90
f 103 104 98 97
f 104 105 99 98
f 105 106 100 99
f 106 107 101 100
f 107 108 102 101
f 108 103 97 102
f 106 105 104 103
f 108 107 106 103
f 97 98 99 100
f 97 100 101 102
f 115 116 110 109
f 116 117 111 110
f 117 118 112 111
f 118 119 113 112
f 119 120 114 113
f 120 115 109 114
f 118 117 116 115
f 120 119 118 115
f 109 110 111 112
f 109 112 113 114
f 127 128 122 121
f 128 129 123 122
f 129 130 124 123
f 130 131 125 124
f 131 132 126 125
f 132 127 121 126
f 130 129 128 127
f 132 131 130 127
f 121 122 123 124
f 121 124 125 126
f 139 140 134 133
f 140 141 135 134
f 141 142 136 135
f 142 143 137 136
f 143 144 138 137
f 144 139 133 138
f 142 141 140 139
f 144 143 142 139
f 133 134 135 136
f 133 136 137 138
f 151 152 146 145
f 152 153 147 146
f 153 154 148 147
f 154 155 149 148
f 155 156 150 149
f 156 151 145 150
f 154 153 152 151
f 156 155 154 151
f 145 146 147 148
f 145 148 149 150
f 163 164 158 157
f 164 165 159 158
f 165 166 160 159
f 166 167 161 160
f 167 168 162 161
f 168 163 157 162
f 166 165 164 163
f 168 167 166 163
f 157 158 159 160
f 157 160 161 162
f 175 176 170 169
f 176 177 171 170
f 177 178 172 171
f 178 179 173 172
f 179 180 174 173
f 180 175 169 174
f 178 177 176 175
f 180 179 178 175
f 169 170 171 172
f 169 172 173 174
f 187 188 182 181
f 188 189 183 182
f 189 190 184 183
f 190 191 185 184
f 191 192 186 185
f 192 187 181 186
f 190 189 188 187
f 192 191 190 187
f 181 182 183 184
f 181 184 185 186
f 199 200 194 193
f 200 201 195 194
f 201 202 196 195
f 202 203 197 196
f 203 204 198 197
f 204 199 193 198
f 202 201 200 199
f 204 203 202 199
f 193 194 195 196
f 193 196 197 198
f 211 212 206 205
f 212 213 207 206
f 213 214 208 207
f 214 215 209 208
f 215 216 210 209
f 216 211 205 210
f 214 213 212 211
f 216 215 214 211
f 205 206 207 208
f 205 208 209 210
f 223 224 218 217
f 224 225 219 218
f 225 226 220 219
f 226 227 221 220
f 227 228 222 221
f 228 223 217 222
f 226 225 224 223
f 228 227 226 223
f 217 218 219 220
f 217 220 221 222
f 235 236 230 229
f 236 237 231 230
f 237 238 232 231
f 238 239 233 232
f 239 240 234 233
f 240 235 229 234
f 238 237 236 235
f 240 239 238 235
f 229 230 231 232
f 229 232 233 234
f 247 248 242 241
f 248 249 243 242
f 249 250 244 243
f 250 251 245 244
f 251 252 246 245
f 252 247 241 246
f 250 249 248 247
f 252 251 250 247
f 241 242 243 244
f 241 244 245 246
f 259 260 254 253
f 260 261 255 254
f 261 262 256 255
f 262 263 257 256
f 263 264 258 257
f 264 259 253 258
f 262 261 260 259
f 264 263 262 259
f 253 254 255 256
f 253 256 257 258
f 271 272 266 265
f 272 273 267 266
f 273 274 268 267
f 274 275 269 268
f 275 276 270 269
f 276 271 265 270
f 274 273 272 271
f 276 275 274 271
f 265 266 267 268
f 265 268 269 270
f 283 284 278 277
f 284 285 279 278
f 285 286 280 279
f 286 287 281 280
f 287 288 282 281
f 288 283 277 282
f 286 285 284 283
f 288 287 286 283
f 277 278 279 280
f 277 280 281 282
f 295 296 290 289
f 296 297 291 290
f 297 298 292 291
f 298 299 293 292
f 299 300 294 293
f 300 295 289 294
f 298 297 296 295
f 300 299 298 295
f 289 290 291 292
f 289 292 293 294
f 307 308 302 301
f 308 309 303 302
f 309 310 304 303
f 310 311 305 304
f 311 312 306 305
f 312 307 301 306
f 310 309 308 307
f 312 311 310 307
f 301 302 303 304
f 301 304 305 306
f 319 320 314 313
f 320 321 315 314
f 321 322 316 315
f 322 323 317 316
f 323 324 318 317
f 324 319 313 318
f 322 321 320 319
f 324 323 322 319
f 313 314 315 316
f 313 316 317 318
f 331 332 326 325
f 332 333 327 326
f 333 334 328 327
f 334 335 329 328
f 335 336 330 329
f 336 331 325 330
f 334 333 332 331
f 336 335 334 331
f 325 326 327 328
f 325 328 329 330
f 343 344 338 337
f 344 345 339 338
f 345 346 340 339
f 346 347 341 340
f 347 348 342 341
f 348 343 337 342
f 346 345 344 343
f 348 347 346 343
f 337 338 339 340
f 337 340 341 342
f 355 356 350 349
f 356 357 351 350
f 357 358 352 351
f 358 359 353 352
f 359 360 354 353
f 360 355 349 354
f 358 357 356 355
f 360 359 358 355
f 349 350 351 352
f 349 352 353 354
f 367 368 362 361
f 368 369 363 362
f 369 370 364 363
f 370 371 365 364
f 371 372 366 365
f 372 367 361 366
f 370 369 368 367
f 372 371 370 367
f 361 362 363 364
f 361 364 365 366
f 379 380 374 373
f 380 381 375 374
f 381 382 376 375
f 382 383 377 376
f 383 384 378 377
f 384 379 373 378
f 382 381 380 379
f 384 383 382 379
f 373 374 375 376
f 373 376 377 378
f 391 392 386 385
f 392 393 387 386
f 393 394 388 387
f 394 395 389 388
f 395 396 390 389
f 396 391 385 390
f 394 393 392 391
f 396 395 394 391
f 385 386 387 388
f 385 388 389 390
f 403 404 398 397
f 404 405 399 398
f 405 406 400 399
f 406 407 401 400
f 407 408 402 401
f 408 403 397 402
f 406 405 404 403
f 408 407 406 403
f 397 398 399 400
f 397 400 401 402
f 415 416 410 409
f 416 417 411 410
f 417 418 412 411
f 418 419 413 412
f 419 420 414 413
f 420 415 409 414
f 418 417 416 415
f 420 419 418 415
f 409 410 411 412
f 409 412 413 414
f 427 428 422 421
f 428 429 423 422
f 429 430 424 423
f 430 431 425 424
f 431 432 426 425
f 432 427 421 426
f 430 429 428 427
f 432 431 430 427
f 421 422 423 424
f 421 424 425 426
f 439 440 434 433
f 440 441 435 434
f 441 442 436 435
f 442 443 437 436
f 443 444 438 437
f 444 439 433 438
f 442 441 440 439
f 444 443 442 439
f 433 434 435 436
f 433 436 437 438
f 451 452 446 445
f 452 453 447 446
f 453 454 448 447
f 454 455 449 448
f 455 456 450 449
f 456 451 445 450
f 454 453 452 451
f 456 455 454 451
f 445 446 447 448
f 445 448 449 450
f 463 464 458 457
f 464 465 459 458
f 465 466 460 459
f 466 467 461 460
f 467 468 462 461
f 468 463 457 462
f 466 465 464 463
f 468 467 466 463
f 457 458 459 460
f 457 460 461 462
f 475 476 470 469
f 476 477 471 470
f 477 478 472 471
f 478 479 473 472
f 479 480 474 473
f 480 475 469 474
f 478 477 476 475
f 480 479 478 475
f 469 470 471 472
f 469 472 473 474
f 487 488 482 481
f 488 489 483 482
f 489 490 484 483
f 490 491 485 484
f 491 492 486 485
f 492 487 481 486
f 490 489 488 487
f 492 491 490 487
f 481 482 483 484
f 481 484 485 486
f 499 500 494 493
f 500 501 495 494
f 501 502 496 495
f 502 503 497 496
f 503 504 498 497
f 504 499 493 498
f 502 501 500 499
f 504 503 502 499
f 493 494 495 496
f 493 496 497 498
f 511 512 506 505
f 512 513 507 506
f 513 514 508 507
f 514 515 509 508
f 515 516 510 509
f 516 511 505 510
f 514 513 512 511
f 516 515 514 511
f 505 506 507 508
f 505 508 509 510
f 523 524 518 517
f 524 525 519 518
f 525 526 520 519
f 526 527 521 520
f 527 528 522 521
f 528 523 517 522
f 526 525 524 523
f 528 527 526 523
f 517 518 519 520
f 517 520 521 522
f 535 536 530 529
f 536 537 531 530
f 537 538 532 531
f 538 539 533 532
f 539 540 534 533
f 540 535 529 534
f 538 537 536 535
f 540 539 538 535
f 529 530 531 532
f 529 532 533 534
f 547 548 542 541
f 548 549 543 542
f 549 550 544 543
f 550 551 545 544
f 551 552 546 545
f 552 547 541 546
f 550 549 548 547
f 552 551 550 547
f 541 542 543 544
f 541 544 545 546
f 559 560 554 553
f 560 561 555 554
f 561 562 556 555
f 562 563 557 556
f 563 564 558 557
f 564 559 553 558
f 562 561 560 559
f 564 563 562 559
f 553 554 555 556
f 553 556 557 558
f 571 572 566 565
f 572 573 567 566
f 573 574 568 567
f 574 575 569 568
f 575 576 570 569
f 576 571 565 570
f 574 573 572 571
f 576 575 574 571
f 565 566 567 568
f 565 568 569 570
f 583 584 578 577
f 584 585 579 578
f 585 586 580 579
f 586 587 581 580
f 587 588 582 581
f 588 583 577 582
f 586 585 584 583
f 588 587 586 583
f 577 578 579 580
f 577 580 581 582
f 595 596 590 589
f 596 597 591 590
f 597 598 592 591
f 598 599 593 592
f 599 600 594 593
f 600 595 589 594
f 598 597 596 595
f 600 599 598 595
f 589 590 591 592
f 589 592 593 594
f 607 608 602 601
f 608 609 603 602
f 609 610 604 603
f 610 611 605 604
f 611 612 606 605
f 612 607 601 606
f 610 609 608 607
f 612 611 610 607
f 601 602 603 604
f 601 604 605 606
f 619 620 614 613
f 620 621 615 614
f 621 622 616 615
f 622 623 617 616
f 623 624 618 617
f 624 619 613 618
f 622 621 620 619
f 624 623 622 619
f 613 614 615 616
f 613 616 617 618
f 631 632 626 625
f 632 633 627 626
f 633 634 628 627
f 634 635 629 628
f 635 636 630 629
f 636 631 625 630
f 634 633 632 631
f 636 635 634 631
f 625 626 627 628
f 625 628 629 630
f 643 644 638 637
f 644 645 639 638
f 645 646 640 639
f 646 647 641 640
f 647 648 642 641
f 648 643 637 642
f 646 645 644 643
f 648 647 646 643
f 637 638 639 640
f 637 640 641 642
f 655 656 650 649
f 656 657 651 650
f 657 658 652 651
f 658 659 653 652
f 659 660 654 653
f 660 655 649 654
f 658 657 656 655
f 660 659 658 655
f 649 650 651 652
f 649 652 653 654
f 667 668 662 661
f 668 669 663 662
f 669 670 664 663
f 670 671 665 664
f 671 672 666 665
f 672 667 661 666
f 670 669 668 667
f 672 671 670 667
f 661 662 663 664
f 661 664 665 666
f 679 680 674 673
f 680 681 675 674
f 681 682 676 675
f 682 683 677 676
f 683 684 678 677
f 684 679 673 678
f 682 681 680 679
f 684 683 682 679
f 673 674 675 676
f 673 676 677 678
f 691 692 686 685
f 692 693 687 686
f 693 694 688 687
f 694 695 689 688
f 695 696 690 689
f 696 691 685 690
f 694 693 692 691
f 696 695 694 691
f 685 686 687 688
f 685 688 689 690
f 703 704 698 697
f 704 705 699 698
f 705 706 700 699
f 706 707 701 700
f 707 708 702 701
f 708 703 697 702
f 706 705 704 703
f 708 707 706 703
f 697 698 699 700
f 697 700 701 702
f 715 716 710 709
f 716 717 711 710
f 717 718 712 711
f 718 719 713 712
f 719 720 714 713
f 720 715 709 714
f 718 717 716 715
f 720 719 718 715
f 709 710 711 712
f 709 712 713 714
f 727 728 722 721
f 728 729 723 722
f 729 730 724 723
f 730 731 725 724
f 731 732 726 725
f 732 727 721 726
f 730 729 728 727
f 732 731 730 727
f 721 722 723 724
f 721 724 725 726
f 739 740 734 733
f 740 741 735 734
f 741 742 736 735
f 742 743 737 736
f 743 744 738 737
f 744 739 733 738
f 742 741 740 739
f 744 743 742 739
f 733 734 735 736
f 733 736 737 738
f 751 752 746 745
f 752 753 747 746
f 753 754 748 747
f 754 755 749 748
f 755 756 750 749
f 756 751 745 750
f 754 753 752 751
f 756 755 754 751
f 745 746 747 748
f 745 748 749 750
f 763 764 758 757
f 764 765 759 758
f 765 766 760 759
f 766 767 761 760
f 767 768 762 761
f 768 763 757 762
f 766 765 764 763
f 768 767 766 763
f 757 758 759 760
f 757 760 761 762
f 775 776 770 769
f 776 777 771 770
f 777 778 772 771
f 778 779 773 772
f 779 780 774 773
f 780 775 769 774
f 778 777 776 775
f 780 779 778 775
f 769 770 771 772
f 769 772 773 774
f 787 788 782 781
f 788 789 783 782
f 789 790 784 783
f 790 791 785 784
f 791 792 786 785
f 792 787 781 786
f 790 789 788 787
f 792 791 790 787
f 781 782 783 784
f 781 784 785 786
f 799 800 794 793
f 800 801 795 794
f 801 802 796 795
f 802 803 797 796
f 803 804 798 797
f 804 799 793 798
f 802 801 800 799
f 804 803 802 799
f 793 794 795 796
f 793 796 797 798
f 811 812 806 805
f 812 813 807 806
f 813 814 808 807
f 814 815 809 808
f 815 816 810 809
f 816 811 805 810
f 814 813 812 811
f 816 815 814 811
f 805 806 807 808
f 805 808 809 810
f 823 824 818 817
f 824 825 819 818
f 825 826 820 819
f 826 827 821 820
f 827 828 822 821
f 828 823 817 822
f 826 825 824 823
f 828 827 826 823
f 817 818 819 820
f 817 820 821 822
f 835 836 830 829
f 836 837 831 830
f 837 838 832 831
f 838 839 833 832
f 839 840 834 833
f 840 835 829 834
f 838 837 836 835
f 840 839 838 835
f 829 830 831 832
f 829 832 833 834
f 847 848 842 841
f 848 849 843 842
f 849 850 844 843
f 850 851 845 844
f 851 852 846 845
f 852 847 841 846
f 850 849 848 847
f 852 851 850 847
f 841 842 843 844
f 841 844 845 846
f 859 860 854 853
f 860 861 855 854
f 861 862 856 855
f 862 863 857 856
f 863 864 858 857
f 864 859 853 858
f 862 861 860 859
f 864 863 862 859
f 853 854 855 856
f 853 856 857 858
f 871 872 866 865
f 872 873 867 866
f 873 874 868 867
f 874 875 869 868
f 875 876 870 869
f 876 871 865 870
f 874 873 872 871
f 876 875 874 871
f 865 866 867 868
f 865 868 869 870
f 883 884 878 877
f 884 885 879 878
f 885 886 880 879
f 886 887 881 880
f 887 888 882 881
f 888 883 877 882
f 886 885 884 883
f 888 887 886 883
f 877 878 879 880
f 877 880 881 882
f 895 896 890 889
f 896 897 891 890
f 897 898 892 891
f 898 899 893 892
f 899 900 894 893
f 900 895 889 894
f 898 897 896 895
f 900 899 898 895
f 889 890 891 892
f 889 892 893 894
f 907 908 902 901
f 908 909 903 902
f 909 910 904 903
f 910 911 905 904
f 911 912 906 905
f 912 907 901 906
f 910 909 908 907
f 912 911 910 907
f 901 902 903 904
f 901 904 905 906
f 919 920 914 913
f 920 921 915 914
f 921 922 916 915
f 922 923 917 916
f 923 924 918 917
f 924 919 913 918
f 922 921 920 919
f 924 923 922 919
f 913 914 915 916
f 913 916 917 918
f 931 932 926 925
f 932 933 927 926
f 933 934 928 927
f 934 935 929 928
f 935 936 930 929
f 936 931 925 930
f 934 933 932 931
f 936 935 934 931
f 925 926 927 928
f 925 928 929 930
f 943 944 938 937
f 944 945 939 938
f 945 946 940 939
f 946 947 941 940
f 947 948 942 941
f 948 943 937 942
f 946 945 944 943
f 948 947 946 943
f 937 938 939 940
f 937 940 941 942
f 955 956 950 949
f 956 957 951 950
f 957 958 952 951
f 958 959 953 952
f 959 960 954 953
f 960 955 949 954
f 958 957 956 955
f 960 959 958 955
f 949 950 951 952
f 949 952 953 954
f 967 968 962 961
f 968 969 963 962
f 969 970 964 963
f 970 971 965 964
f 971 972 966 965
f 972 967 961 966
f 970 969 968 967
f 972 971 970 967
f 961 962 963 964
f 961 964 965 966
f 979 980 974 973
f 980 981 975 974
f 981 982 976 975
f 982 983 977 976
f 983 984 978 977
f 984 979 973 978
f 982 981 980 979
f 984 983 982 979
f 973 974 975 976
f 973 976 977 978
f 991 992 986 985
f 992 993 987 986
f 993 994 988 987
f 994 995 989 988
f 995 996 990 989
f 996 991 985 990
f 994 993 992 991
f 996 995 994 991
f 985 986 987 988
f 985 988 989 990
f 1003 1004 998 997
f 1004 1005 999 998
f 1005 1006 1000 999
f 1006 1007 1001 1000
f 1007 1008 1002 1001
f 1008 1003 997 1002
f 1006 1005 1004 1003
f 1008 1007 1006 1003
f 997 998 999 1000
f 997 1000 1001 1002
f 1015 1016 1010 1009
f 1016 1017 1011 1010
f 1017 1018 1012 1011
f 1018 1019 1013 1012
f 1019 1020 1014 1013
f 1020 1015 1009 1014
f 1018 1017 1016 1015
f 1020 1019 1018 1015
f 1009 1010 1011 1012
f 1009 1012 1013 1014
f 1027 1028 1022 1021
f 1028 1029 1023 1022
f 1029 1030 1024 1023
f 1030 1031 1025 1024
f 1031 1032 1026 1025
f 1032 1027 1021 1026
f 1030 1029 1028 1027
f 1032 1031 1030 1027
f 1021 1022 1023 1024
f 1021 1024 1025 1026
f 1039 1040 1034 1033
f 1040 1041 1035 1034
f 1041 1042 1036 1035
f 1042 1043 1037 1036
f 1043 1044 1038 1037
f 1044 1039 1033 1038
f 1042 1041 1040 1039
f 1044 1043 1042 1039
f 1033 1034 1035 1036
f 1033 1036 1037 1038
f 1051 1052 1046 1045
f 1052 1053 1047 1046
f 1053 1054 1048 1047
f 1054 1055 1049 1048
f 1055 1056 1050 1049
f 1056 1051 1045 1050
f 1054 1053 1052 1051
f 1056 1055 1054 1051
f 1045 1046 1047 1048
f 1045 1048 1049 1050
f 1063 1064 1058 1057
f 1064 1065 1059 1058
f 1065 1066 1060 1059
f 1066 1067 1061 1060
f 1067 1068 1062 1061
f 1068 1063 1057 1062
f 1066 1065 1064 1063
f 1068 1067 1066 1063
f 1057 1058 1059 1060
f 1057 1060 1061 1062
f 1075 1076 1070 1069
f 1076 1077 1071 1070
f 1077 1078 1072 1071
f 1078 1079 1073 1072
f 1079 1080 1074 1073
f 1080 1075 1069 1074
f 1078 1077 1076 1075
f 1080 1079 1078 1075
f 1069 1070 1071 1072
f 1069 1072 1073 1074
f 1087 1088 1082 1081
f 1088 1089 1083 1082
f 1089 1090 1084 1083
f 1090 1091 1085 1084
f 1091 1092 1086 1085
f 1092 1087 1081 1086
f 1090 1089 1088 1087
f 1092 1091 1090 1087
f 1081 1082 1083 1084
f 1081 1084 1085 1086
f 1099 1100 1094 1093
f 1100 1101 1095 1094
f 1101 1102 1096 1095
f 1102 1103 1097 1096
f 1103 1104 1098 1097
f 1104 1099 1093 1098
f 1102 1101 1100 1099
f 1104 1103 1102 1099
f 1093 1094 1095 1096
f 1093 1096 1097 1098
f 1111 1112 1106 1105
f 1112 1113 1107 1106
f 1113 1114 1108 1107
f 1114 1115 1109 1108
f 1115 1116 1110 1109
f 1116 1111 1105 1110
f 1114 1113 1112 1111
f 1116 1115 1114 1111
f 1105 1106 1107 1108
f 1105 1108 1109 1110
f 1123 1124 1118 1117
f 1124 1125 1119 1118
f 1125 1126 1120 1119
f 1126 1127 1121 1120
f 1127 1128 1122 1121
f 1128 1123 1117 1122
f 1126 1125 1124 1123
f 1128 1127 1126 1123
f 1117 1118 1119 1120
f 1117 1120 1121 1122
f 1135 1136 1130 1129
f 1136 1137 1131 1130
f 1137 1138 1132 1131
f 1138 1139 1133 1132
f 1139 1140 1134 1133
f 1140 1135 1129 1134
f 1138 1137 1136 1135
f 1140 1139 1138 1135
f 1129 1130 1131 1132
f 1129 1132 1133 1134
f 1147 1148 1142 1141
f 1148 1149 1143 1142
f 1149 1150 1144 1143
f 1150 1151 1145 1144
f 1151 1152 1146 1145
f 1152 1147 1141 1146
f 1150 1149 1148 1147
f 1152 1151 1150 1147
f 1141 1142 1143 1144
f 1141 1144 1145 1146
f 1159 1160 1154 1153
f 1160 1161 1155 1154
f 1161 1162 1156 1155
f 1162 1163 1157 1156
f 1163 1164 1158 1157
f 1164 1159 1153 1158
f 1162 1161 1160 1159
f 1164 1163 1162 1159
f 1153 1154 1155 1156
f 1153 1156 1157 1158
f 1171 1172 1166 1165
f 1172 1173 1167 1166
f 1173 1174 1168 1167
f 1174 1175 1169 1168
f 1175 1176 1170 1169
f 1176 1171 1165 1170
f 1174 1173 1172 1171
f 1176 1175 1174 1171
f 1165 1166 1167 1168
f 1165 1168 1169 1170
f 1183 1184 1178 1177
f 1184 1185 1179 1178
f 1185 1186 1180 1179
f 1186 1187 1181 1180
f 1187 1188 1182 1181
f 1188 1183 1177 1182
f 1186 1185 1184 1183
f 1188 1187 1186 1183
f 1177 1178 1179 1180
f 1177 1180 1181 1182
f 1195 1196 1190 1189
f 1196 1197 1191 1190
f 1197 1198 1192 1191
f 1198 1199 1193 1192
f 1199 1200 1194 1193
f 1200 1195 1189 1194
f 1198 1197 1196 1195
f 1200 1199 1198 1195
f 1189 1190 1191 1192
f 1189 1192 1193 1194
f 1207 1208 1202 1201
f 1208 1209 1203 1202
f 1209 1210 1204 1203
f 1210 1211 1205 1204
f 1211 1212 1206 1205
f 1212 1207 1201 1206
f 1210 1209 1208 1207
f 1212 1211 1210 1207
f 1201 1202 1203 1204
f 1201 1204 1205 1206
f 1219 1220 1214 1213
f 1220 1221 1215 1214
f 1221 1222 1216 1215
f 1222 1223 1217 1216
f 1223 1224 1218 1217
f 1224 1219 1213 1218
f 1222 1221 1220 1219
f 1224 1223 1222 1219
f 1213 1214 1215 1216
f 1213 1216 1217 1218
f 1231 1232 1226 1225
f 1232 1233 1227 1226
f 1233 1234 1228 1227
f 1234 1235 1229 1228
f 1235 1236 1230 1229
f 1236 1231 1225 1230
f 1234 1233 1232 1231
f 1236 1235 1234 1231
f 1225 1226 1227 1228
f 1225 1228 1229 1230
f 1243 1244 1238 1237
f 1244 1245 1239 1238
f 1245 1246 1240 1239
f 1246 1247 1241 1240
f 1247 1248 1242 1241
f 1248 1243 1237 1242
f 1246 1245 1244 1243
f 1248 1247 1246 1243
f 1237 1238 1239 1240
f 1237 1240 1241 1242
f 1255 1256 1250 1249
f 1256 1257 1251 1250
f 1257 1258 1252 1251
f 1258 1259 1253 1252
f 1259 1260 1254 1253
f 1260 1255 1249 1254
f 1258 1257 1256 1255
f 1260 1259 1258 1255
f 1249 1250 1251 1252
f 1249 1252 1253 1254
f 1267 1268 1262 1261
f 1268 1269 1263 1262
f 1269 1270 1264 1263
f 1270 1271 1265 1264
f 1271 1272 1266 1265
f 1272 1267 1261 1266
f 1270 1269 1268 1267
f 1272 1271 1270 1267
f 1261 1262 1263 1264
f 1261 1264 1265 1266
f 1279 1280 1274 1273
f 1280 1281 1275 1274
f 1281 1282 1276 1275
f 1282 1283 1277 1276
f 1283 1284 1278 1277
f 1284 1279 1273 1278
f 1282 1281 1280 1279
f 1284 1283 1282 1279
f 1273 1274 1275 1276
f 1273 1276 1277 1278
f 1291 1292 1286 1285
f 1292 1293 1287 1286
f 1293 1294 1288 1287
f 1294 1295 1289 1288
f 1295 1296 1290 1289
f 1296 1291 1285 1290
f 1294 1293 1292 1291
f 1296 1295 1294 1291
f 1285 1286 1287 1288
f 1285 1288 1289 1290
f 1303 1304 1298 1297
f 1304 1305 1299 1298
f 1305 1306 1300 1299
f 1306 1307 1301 1300
f 1307 1308 1302 1301
f 1308 1303 1297 1302
f 1306 1305 1304 1303
f 1308 1307 1306 1303
f 1297 1298 1299 1300
f 1297 1300 1301 1302
f 1315 1316 1310 1309
f 1316 1317 1311 1310
f 1317 1318 1312 1311
f 1318 1319 1313 1312
f 1319 1320 1314 1313
f 1320 1315 1309 1314
f 1318 1317 1316 1315
f 1320 1319 1318 1315
f 1309 1310 1311 1312
f 1309 1312 1313 1314
f 1327 1328 1322 1321
f 1328 1329 1323 1322
f 1329 1330 1324 1323
f 1330 1331 1325 1324
f 1331 1332 1326 1325
f 1332 1327 1321 1326
f 1330 1329 1328 1327
f 1332 1331 1330 1327
f 1321 1322 1323 1324
f 1321 1324 1325 1326
f 1339 1340 1334 1333
f 1340 1341 1335 1334
f 1341 1342 1336 1335
f 1342 1343 1337 1336
f 1343 1344 1338 1337
f 1344 1339 1333 1338
f 1342 1341 1340 1339
f 1344 1343 1342 1339
f 1333 1334 1335 1336
f 1333 1336 1337 1338
f 1351 1352 1346 1345
f 1352 1353 1347 1346
f 1353 1354 1348 1347
f 1354 1355 1349 1348
f 1355 1356 1350 1349
f 1356 1351 1345 1350
f 1354 1353 1352 1351
f 1356 1355 1354 1351
f 1345 1346 1347 1348
f 1345 1348 1349 1350
f 1363 1364 1358 1357
f 1364 1365 1359 1358
f 1365 1366 1360 1359
f 1366 1367 1361 1360
f 1367 1368 1362 1361
f 1368 1363 1357 1362
f 1366 1365 1364 1363
f 1368 1367 1366 1363
f 1357 1358 1359 1360
f 1357 1360 1361 1362
f 1375 1376 1370 1369
f 1376 1377 1371 1370
f 1377 1378 1372 1371
f 1378 1379 1373 1372
f 1379 1380 1374 1373
f 1380 1375 1369 1374
f 1378 1377 1376 1375
f 1380 1379 1378 1375
f 1369 1370 1371 1372
f 1369 1372 1373 1374
f 1387 1388 1382 1381
f 1388 1389 1383 1382
f 1389 1390 1384 1383
f 1390 1391 1385 1384
f 1391 1392 1386 1385
f 1392 1387 1381 1386
f 1390 1389 1388 1387
f 1392 1391 1390 1387
f 1381 1382 1383 1384
f 1381 1384 1385 1386
f 1399 1400 1394 1393
f 1400 1401 1395 1394
f 1401 1402 1396 1395
f 1402 1403 1397 1396
f 1403 1404 1398 1397
f 1404 1399 1393 1398
f 1402 1401 1400 1399
f 1404 1403 1402 1399
f 1393 1394 1395 1396
f 1393 1396 1397 1398
f 1411 1412 1406 1405
f 1412 1413 1407 1406
f 1413 1414 1408 1407
f 1414 1415 1409 1408
f 1415 1416 1410 1409
f 1416 1411 1405 1410
f 1414 1413 1412 1411
f 1416 1415 1414 1411
f 1405 1406 1407 1408
f 1405 1408 1409 1410
f 1423 1424 1418 1417
f 1424 1425 1419 1418
f 1425 1426 1420 1419
f 1426 1427 1421 1420
f 1427 1428 1422 1421
f 1428 1423 1417 1422
f 1426 1425 1424 1423
f 1428 1427 1426 1423
f 1417 1418 1419 1420
f 1417 1420 1421 1422
f 1435 1436 1430 1429
f 1436 1437 1431 1430
f 1437 1438 1432 1431
f 1438 1439 1433 1432
f 1439 1440 1434 1433
f 1440 1435 1429 1434
f 1438 1437 1436 1435
f 1440 1439 1438 1435
f 1429 1430 1431 1432
f 1429 1432 1433 1434
f 1447 1448 1442 1441
f 1448 1449 1443 1442
f 1449 1450 1444 1443
f 1450 1451 1445 1444
f 1451 1452 1446 1445
f 1452 1447 1441 1446
f 1450 1449 1448 1447
f 1452 1451 1450 1447
f 1441 1442 1443 1444
f 1441 1444 1445 1446
f 1459 1460 1454 1453
f 1460 1461 1455 1454
f 1461 1462 1456 1455
f 1462 1463 1457 1456
f 1463 1464 1458 1457
f 1464 1459 1453 1458
f 1462 1461 1460 1459
f 1464 1463 1462 1459
f 1453 1454 1455 1456
f 1453 1456 1457 1458
f 1471 1472 1466 1465
f 1472 1473 1467 1466
f 1473 1474 1468 1467
f 1474 1475 1469 1468
f 1475 1476 1470 1469
f 1476 1471 1465 1470
f 1474 1473 1472 1471
f 1476 1475 1474 1471
f 1465 1466 1467 1468
f 1465 1468 1469 1470
f 1483 1484 1478 1477
f 1484 1485 1479 1478
f 1485 1486 1480 1479
f 1486 1487 1481 1480
f 1487 1488 1482 1481
f 1488 1483 1477 1482
f 1486 1485 1484 1483
f 1488 1487 1486 1483
f 1477 1478 1479 1480
f 1477 1480 1481 1482
f 1495 1496 1490 1489
f 1496 1497 1491 1490
f 1497 1498 1492 1491
f 1498 1499 1493 1492
f 1499 1500 1494 1493
f 1500 1495 1489 1494
f 1498 1497 1496 1495
f 1500 1499 1498 1495
f 1489 1490 1491 1492
f 1489 1492 1493 1494
f 1507 1508 1502 1501
f 1508 1509 1503 1502
f 1509 1510 1504 1503
f 1510 1511 1505 1504
f 1511 1512 1506 1505
f 1512 1507 1501 1506
f 1510 1509 1508 1507
f 1512 1511 1510 1507
f 1501 1502 1503 1504
f 1501 1504 1505 1506
f 1519 1520 1514 1513
f 1520 1521 1515 1514
f 1521 1522 1516 1515
f 1522 1523 1517 1516
f 1523 1524 1518 1517
f 1524 1519 1513 1518
f 1522 1521 1520 1519
f 1524 1523 1522 1519
f 1513 1514 1515 1516
f 1513 1516 1517 1518
f 1531 1532 1526 1525
f 1532 1533 1527 1526
f 1533 1534 1528 1527
f 1534 1535 1529 1528
f 1535 1536 1530 1529
f 1536 1531 1525 1530
f 1534 1533 1532 1531
f 1536 1535 1534 1531
f 1525 1526 1527 1528
f 1525 1528 1529 1530
f 1543 1544 1538 1537
f 1544 1545 1539 1538
f 1545 1546 1540 1539
f 1546 1547 1541 1540
f 1547 1548 1542 1541
f 1548 1543 1537 1542
f 1546 1545 1544 1543
f 1548 1547 1546 1543
f 1537 1538 1539 1540
f 1537 1540 1541 1542
f 1555 1556 1550 1549
f 1556 1557 1551 1550
f 1557 1558 1552 1551
f 1558 1559 1553 1552
f 1559 1560 1554 1553
f 1560 1555 1549 1554
f 1558 1557 1556 1555
f 1560 1559 1558 1555
f 1549 1550 1551 1552
f 1549 1552 1553 1554
f 1567 1568 1562 1561
f 1568 1569 1563 1562
f 1569 1570 1564 1563
f 1570 1571 1565 1564
f 1571 1572 1566 1565
f 1572 1567 1561 1566
f 1570 1569 1568 1567
f 1572 1571 1570 1567
f 1561 1562 1563 1564
f 1561 1564 1565 1566
f 1579 1580 1574 1573
f 1580 1581 1575 1574
f 1581 1582 1576 1575
f 1582 1583 1577 1576
f 1583 1584 1578 1577
f 1584 1579 1573 1578
f 1582 1581 1580 1579
f 1584 1583 1582 1579
f 1573 1574 1575 1576
f 1573 1576 1577 1578
f 1591 1592 1586 1585
f 1592 1593 1587 1586
f 1593 1594 1588 1587
f 1594 1595 1589 1588
f 1595 1596 1590 1589
f 1596 1591 1585 1590
f 1594 1593 1592 1591
f 1596 1595 1594 1591
f 1585 1586 1587 1588
f 1585 1588 1589 1590
f 1603 1604 1598 1597
f 1604 1605 1599 1598
f 1605 1606 1600 1599
f 1606 1607 1601 1600
f 1607 1608 1602 1601
f 1608 1603 1597 1602
f 1606 1605 1604 1603
f 1608 1607 1606 1603
f 1597 1598 1599 1600
f 1597 1600 1601 1602
f 1615 1616 1610 1609
f 1616 1617 1611 1610
f 1617 1618 1612 1611
f 1618 1619 1613 1612
f 1619 1620 1614 1613
f 1620 1615 1609 1614
f 1618 1617 1616 1615
f 1620 1619 1618 1615
f 1609 1610 1611 1612
f 1609 1612 1613 1614
f 1627 1628 1622 1621
f 1628 1629 1623 1622
f 1629 1630 1624 1623
f 1630 1631 1625 1624
f 1631 1632 1626 1625
f 1632 1627 1621 1626
f 1630 1629 1628 1627
f 1632 1631 1630 1627
f 1621 1622 1623 1624
f 1621 1624 1625 1626
f 1639 1640 1634 1633
f 1640 1641 1635 1634
f 1641 1642 1636 1635
f 1642 1643 1637 1636
f 1643 1644 1638 1637
f 1644 1639 1633 1638
f 1642 1641 1640 1639
f 1644 1643 1642 1639
f 1633 1634 1635 1636
f 1633 1636 1637 1638
f 1651 1652 1646 1645
f 1652 1653 1647 1646
f 1653 1654 1648 1647
f 1654 1655 1649 1648
f 1655 1656 1650 1649
f 1656 1651 1645 1650
f 1654 1653 1652 1651
f 1656 1655 1654 1651
f 1645 1646 1647 1648
f 1645 1648 1649 1650
f 1663 1664 1658 1657
f 1664 1665 1659 1658
f 1665 1666 1660 1659
f 1666 1667 1661 1660
f 1667 1668 1662 1661
f 1668 1663 1657 1662
f 1666 1665 1664 1663
f 1668 1667 1666 1663
f 1657 1658 1659 1660
f 1657 1660 1661 1662
f 1675 1676 1670 1669
f 1676 1677 1671 1670
f 1677 1678 1672 1671
f 1678 1679 1673 1672
f 1679 1680 1674 1673
f 1680 1675 1669 1674
f 1678 1677 1676 1675
f 1680 1679 1678 1675
f 1669 1670 1671 1672
f 1669 1672 1673 1674
f 1687 1688 1682 1681
f 1688 1689 1683 1682
f 1689 1690 1684 1683
f 1690 1691 1685 1684
f 1691 1692 1686 1685
f 1692 1687 1681 1686
f 1690 1689 1688 1687
f 1692 1691 1690 1687
f 1681 1682 1683 1684
f 1681 1684 1685 1686
f 1699 1700 1694 1693
f 1700 1701 1695 1694
f 1701 1702 1696 1695
f 1702 1703 1697 1696
f 1703 1704 1698 1697
f 1704 1699 1693 1698
f 1702 1701 1700 1699
f 1704 1703 1702 1699
f 1693 1694 1695 1696
f 1693 1696 1697 1698
f 1711 1712 1706 1705
f 1712 1713 1707 1706
f 1713 1714 1708 1707
f 1714 1715 1709 1708
f 1715 1716 1710 1709
f 1716 1711 1705 1710
f 1714 1713 1712 1711
f 1716 1715 1714 1711
f 1705 1706 1707 1708
f 1705 1708 1709 1710
f 1723 1724 1718 1717
f 1724 1725 1719 1718
f 1725 1726 1720 1719
f 1726 1727 1721 1720
f 1727 1728 1722 1721
f 1728 1723 1717 1722
f 1726 1725 1724 1723
f 1728 1727 1726 1723
f 1717 1718 1719 1720
f 1717 1720 1721 1722
f 1735 1736 1730 1729
f 1736 1737 1731 1730
f 1737 1738 1732 1731
f 1738 1739 1733 1732
f 1739 1740 1734 1733
f 1740 1735 1729 1734
f 1738 1737 1736 1735
f 1740 1739 1738 1735
f 1729 1730 1731 1732
f 1729 1732 1733 1734
f 1747 1748 1742 1741
f 1748 1749 1743 1742
f 1749 1750 1744 1743
f 1750 1751 1745 1744
f 1751 1752 1746 1745
f 1752 1747 1741 1746
f 1750 1749 1748 1747
f 1752 1751 1750 1747
f 1741 1742 1743 1744
f 1741 1744 1745 1746
f 1759 1760 1754 1753
f 1760 1761 1755 1754
f 1761 1762 1756 1755
f 1762 1763 1757 1756
f 1763 1764 1758 1757
f 1764 1759 1753 1758
f 1762 1761 1760 1759
f 1764 1763 1762 1759
f 1753 1754 1755 1756
f 1753 1756 1757 1758
f 1771 1772 1766 1765
f 1772 1773 1767 1766
f 1773 1774 1768 1767
f 1774 1775 1769 1768
f 1775 1776 1770 1769
f 1776 1771 1765 1770
f 1774 1773 1772 1771
f 1776 1775 1774 1771
f 1765 1766 1767 1768
f 1765 1768 1769 1770
f 1783 1784 1778 1777
f 1784 1785 1779 1778
f 1785 1786 1780 1779
f 1786 1787 1781 1780
f 1787 1788 1782 1781
f 1788 1783 1777 1782
f 1786 1785 1784 1783
f 1788 1787 1786 1783
f 1777 1778 1779 1780
f 1777 1780 1781 1782
f 1795 1796 1790 1789
f 1796 1797 1791 1790
f 1797 1798 1792 1791
f 1798 1799 1793 1792
f 1799 1800 1794 1793
f 1800 1795 1789 1794
f 1798 1797 1796 1795
f 1800 1799 1798 1795
f 1789 1790 1791 1792
f 1789 1792 1793 1794
f 1807 1808 1802 1801
f 1808 1809 1803 1802
f 1809 1810 1804 1803
f 1810 1811 1805 1804
f 1811 1812 1806 1805
f 1812 1807 1801 1806
f 1810 1809 1808 1807
f 1812 1811 1810 1807
f 1801 1802 1803 1804
f 1801 1804 1805 1806
f 1819 1820 1814 1813
f 1820 1821 1815 1814
f 1821 1822 1816 1815
f 1822 1823 1817 1816
f 1823 1824 1818 1817
f 1824 1819 1813 1818
f 1822 1821 1820 1819
f 1824 1823 1822 1819
f 1813 1814 1815 1816
f 1813 1816 1817 1818
f 1831 1832 1826 1825
f 1832 1833 1827 1826
f 1833 1834 1828 1827
f 1834 1835 1829 1828
f 1835 1836 1830 1829
f 1836 1831 1825 1830
f 1834 1833 1832 1831
f 1836 1835 1834 1831
f 1825 1826 1827 1828
f 1825 1828 1829 1830
f 1843 1844 1838 1837
f 1844 1845 1839 1838
f 1845 1846 1840 1839
f 1846 1847 1841 1840
f 1847 1848 1842 1841
f 1848 1843 1837 1842
f 1846 1845 1844 1843
f 1848 1847 1846 1843
f 1837 1838 1839 1840
f 1837 1840 1841 1842
f 1855 1856 1850 1849
f 1856 1857 1851 1850
f 1857 1858 1852 1851
f 1858 1859 1853 1852
f 1859 1860 1854 1853
f 1860 1855 1849 1854
f 1858 1857 1856 1855
f 1860 1859 1858 1855
f 1849 1850 1851 1852
f 1849 1852 1853 1854
f 1867 1868 1862 1861
f 1868 1869 1863 1862
f 1869 1870 1864 1863
f 1870 1871 1865 1864
f 1871 1872 1866 1865
f 1872 1867 1861 1866
f 1870 1869 1868 1867
f 1872 1871 1870 1867
f 1861 1862 1863 1864
f 1861 1864 1865 1866
f 1879 1880 1874 1873
f 1880 1881 1875 1874
f 1881 1882 1876 1875
f 1882 1883 1877 1876
f 1883 1884 1878 1877
f 1884 1879 1873 1878
f 1882 1881 1880 1879
f 1884 1883 1882 1879
f 1873 1874 1875 1876
f 1873 1876 1877 1878
f 1891 1892 1886 1885
f 1892 1893 1887 1886
f 1893 1894 1888 1887
f 1894 1895 1889 1888
f 1895 1896 1890 1889
f 1896 1891 1885 1890
f 1894 1893 1892 1891
f 1896 1895 1894 1891
f 1885 1886 1887 1888
f 1885 1888 1889 1890
f 1903 1904 1898 1897
f 1904 1905 1899 1898
f 1905 1906 1900 1899
f 1906 1907 1901 1900
f 1907 1908 1902 1901
f 1908 1903 1897 1902
f 1906 1905 1904 1903
f 1908 1907 1906 1903
f 1897 1898 1899 1900
f 1897 1900 1901 1902
f 1915 1916 1910 1909
f 1916 1917 1911 1910
f 1917 1918 1912 1911
f 1918 1919 1913 1912
f 1919 1920 1914 1913
f 1920 1915 1909 1914
f 1918 1917 1916 1915
f 1920 1919 1918 1915
f 1909 1910 1911 1912
f 1909 1912 1913 1914
f 1927 1928 1922 1921
f 1928 1929 1923 1922
f 1929 1930 1924 1923
f 1930 1931 1925 1924
f 1931 1932 1926 1925
f 1932 1927 1921 1926
f 1930 1929 1928 1927
f 1932 1931 1930 1927
f 1921 1922 1923 1924
f 1921 1924 1925 1926
f 1939 1940 1934 1933
f 1940 1941 1935 1934
f 1941 1942 1936 1935
f 1942 1943 1937 1936
f 1943 1944 1938 1937
f 1944 1939 1933 1938
f 1942 1941 1940 1939
f 1944 1943 1942 1939
f 1933 1934 1935 1936
f 1933 1936 1937 1938
f 1951 1952 1946 1945
f 1952 1953 1947 1946
f 1953 1954 1948 1947
f 1954 1955 1949 1948
f 1955 1956 1950 1949
f 1956 1951 1945 1950
f 1954 1953 1952 1951
f 1956 1955 1954 1951
f 1945 1946 1947 1948
f 1945 1948 1949 1950
f 1963 1964 1958 1957
f 1964 1965 1959 1958
f 1965 1966 1960 1959
f 1966 1967 1961 1960
f 1967 1968 1962 1961
f 1968 1963 1957 1962
f 1966 1965 1964 1963
f 1968 1967 1966 1963
f 1957 1958 1959 1960
f 1957 1960 1961 1962
f 1975 1976 1970 1969
f 1976 1977 1971 1970
f 1977 1978 1972 1971
f 1978 1979 1973 1972
f 1979 1980 1974 1973
f 1980 1975 1969 1974
f 1978 1977 1976 1975
f 1980 1979 1978 1975
f 1969 1970 1971 1972
f 1969 1972 1973 1974
f 1987 1988 1982 1981
f 1988 1989 1983 1982
f 1989 1990 1984 1983
f 1990 1991 1985 1984
f 1991 1992 1986 1985
f 1992 1987 1981 1986
f 1990 1989 1988 1987
f 1992 1991 1990 1987
f 1981 1982 1983 1984
f 1981 1984 1985 1986
f 1999 2000 1994 1993
f 2000 2001 1995 1994
f 2001 2002 1996 1995
f 2002 2003 1997 1996
f 2003 2004 1998 1997
f 2004 1999 1993 1998
f 2002 2001 2000 1999
f 2004 2003 2002 1999
f 1993 1994 1995 1996
f 1993 1996 1997 1998
f 2011 2012 2006 2005
f 2012 2013 2007 2006
f 2013 2014 2008 2007
f 2014 2015 2009 2008
f 2015 2016 2010 2009
f 2016 2011 2005 2010
f 2014 2013 2012 2011
f 2016 2015 2014 2011
f 2005 2006 2007 2008
f 2005 2008 2009 2010
f 2023 2024 2018 2017
f 2024 2025 2019 2018
f 2025 2026 2020 2019
f 2026 2027 2021 2020
f 2027 2028 2022 2021
f 2028 2023 2017 2022
f 2026 2025 2024 2023
f 2028 2027 2026 2023
f 2017 2018 2019 2020
f 2017 2020 2021 2022
f 2035 2036 2030 2029
f 2036 2037 2031 2030
f 2037 2038 2032 2031
f 2038 2039 2033 2032
f 2039 2040 2034 2033
f 2040 2035 2029 2034
f 2038 2037 2036 2035
f 2040 2039 2038 2035
f 2029 2030 2031 2032
f 2029 2032 2033 2034
f 2047 2048 2042 2041
f 2048 2049 2043 2042
f 2049 2050 2044 2043
f 2050 2051 2045 2044
f 2051 2052 2046 2045
f 2052 2047 2041 2046
f 2050 2049 2048 2047
f 2052 2051 2050 2047
f 2041 2042 2043 2044
f 2041 2044 2045 2046
f 2059 2060 2054 2053
f 2060 2061 2055 2054
f 2061 2062 2056 2055
f 2062 2063 2057 2056
f 2063 2064 2058 2057
f 2064 2059 2053 2058
f 2062 2061 2060 2059
f 2064 2063 2062 2059
f 2053 2054 2055 2056
f 2053 2056 2057 2058
f 2071 2072 2066 2065
f 2072 2073 2067 2066
f 2073 2074 2068 2067
f 2074 2075 2069 2068
f 2075 2076 2070 2069
f 2076 2071 2065 2070
f 2074 2073 2072 2071
f 2076 2075 2074 2071
f 2065 2066 2067 2068
f 2065 2068 2069 2070
f 2083 2084 2078 2077
f 2084 2085 2079 2078
f 2085 2086 2080 2079
f 2086 2087 2081 2080
f 2087 2088 2082 2081
f 2088 2083 2077 2082
f 2086 2085 2084 2083
f 2088 2087 2086 2083
f 2077 2078 2079 2080
f 2077 2080 2081 2082
f 2095 2096 2090 2089
f 2096 2097 2091 2090
f 2097 2098 2092 2091
f 2098 2099 2093 2092
f 2099 2100 2094 2093
f 2100 2095 2089 2094
f 2098 2097 2096 2095
f 2100 2099 2098 2095
f 2089 2090 2091 2092
f 2089 2092 2093 2094
f 2107 2108 2102 2101
f 2108 2109 2103 2102
f 2109 2110 2104 2103
f 2110 2111 2105 2104
f 2111 2112 2106 2105
f 2112 2107 2101 2106
f 2110 2109 2108 2107
f 2112 2111 2110 2107
f 2101 2102 2103 2104
f 2101 2104 2105 2106
f 2119 2120 2114 2113
f 2120 2121 2115 2114
f 2121 2122 2116 2115
f 2122 2123 2117 2116
f 2123 2124 2118 2117
f 2124 2119 2113 2118
f 2122 2121 2120 2119
f 2124 2123 2122 2119
f 2113 2114 2115 2116
f 2113 2116 2117 2118
f 2131 2132 2126 2125
f 2132 2133 2127 2126
f 2133 2134 2128 2127
f 2134 2135 2129 2128
f 2135 2136 2130 2129
f 2136 2131 2125 2130
f 2134 2133 2132 2131
f 2136 2135 2134 2131
f 2125 2126 2127 2128
f 2125 2128 2129 2130
f 2143 2144 2138 2137
f 2144 2145 2139 2138
f 2145 2146 2140 2139
f 2146 2147 2141 2140
f 2147 2148 2142 2141
f 2148 2143 2137 2142
f 2146 2145 2144 2143
f 2148 2147 2146 2143
f 2137 2138 2139 2140
f 2137 2140 2141 2142
f 2155 2156 2150 2149
f 2156 2157 2151 2150
f 2157 2158 2152 2151
f 2158 2159 2153 2152
f 2159 2160 2154 2153
f 2160 2155 2149 2154
f 2158 2157 2156 2155
f 2160 2159 2158 2155
f 2149 2150 2151 2152
f 2149 2152 2153 2154
f 2167 2168 2162 2161
f 2168 2169 2163 2162
f 2169 2170 2164 2163
f 2170 2171 2165 2164
f 2171 2172 2166 2165
f 2172 2167 2161 2166
f 2170 2169 2168 2167
f 2172 2171 2170 2167
f 2161 2162 2163 2164
f 2161 2164 2165 2166
f 2179 2180 2174 2173
f 2180 2181 2175 2174
f 2181 2182 2176 2175
f 2182 2183 2177 2176
f 2183 2184 2178 2177
f 2184 2179 2173 2178
f 2182 2181 2180 2179
f 2184 2183 2182 2179
f 2173 2174 2175 2176
f 2173 2176 2177 2178
f 2191 2192 2186 2185
f 2192 2193 2187 2186
f 2193 2194 2188 2187
f 2194 2195 2189 2188
f 2195 2196 2190 2189
f 2196 2191 2185 2190
f 2194 2193 2192 2191
f 2196 2195 2194 2191
f 2185 2186 2187 2188
f 2185 2188 2189 2190
f 2203 2204 2198 2197
f 2204 2205 2199 2198
f 2205 2206 2200 2199
f 2206 2207 2201 2200
f 2207 2208 2202 2201
f 2208 2203 2197 2202
f 2206 2205 2204 2203
f 2208 2207 2206 2203
f 2197 2198 2199 2200
f 2197 2200 2201 2202
f 2215 2216 2210 2209
f 2216 2217 2211 2210
f 2217 2218 2212 2211
f 2218 2219 2213 2212
f 2219 2220 2214 2213
f 2220 2215 2209 2214
f 2218 2217 2216 2215
f 2220 2219 2218 2215
f 2209 2210 2211 2212
f 2209 2212 2213 2214
f 2227 2228 2222 2221
f 2228 2229 2223 2222
f 2229 2230 2224 2223
f 2230 2231 2225 2224
f 2231 2232 2226 2225
f 2232 2227 2221 2226
f 2230 2229 2228 2227
f 2232 2231 2230 2227
f 2221 2222 2223 2224
f 2221 2224 2225 2226
f 2239 2240 2234 2233
f 2240 2241 2235 2234
f 2241 2242 2236 2235
f 2242 2243 2237 2236
f 2243 2244 2238 2237
f 2244 2239 2233 2238
f 2242 2241 2240 2239
f 2244 2243 2242 2239
f 2233 2234 2235 2236
f 2233 2236 2237 2238
f 2251 2252 2246 2245
f 2252 2253 2247 2246
f 2253 2254 2248 2247
f 2254 2255 2249 2248
f 2255 2256 2250 2249
f 2256 2251 2245 2250
f 2254 2253 2252 2251
f 2256 2255 2254 2251
f 2245 2246 2247 2248
f 2245 2248 2249 2250
f 2263 2264 2258 2257
f 2264 2265 2259 2258
f 2265 2266 2260 2259
f 2266 2267 2261 2260
f 2267 2268 2262 2261
f 2268 2263 2257 2262
f 2266 2265 2264 2263
f 2268 2267 2266 2263
f 2257 2258 2259 2260
f 2257 2260 2261 2262
f 2275 2276 2270 2269
f 2276 2277 2271 2270
f 2277 2278 2272 2271
f 2278 2279 2273 2272
f 2279 2280 2274 2273
f 2280 2275 2269 2274
f 2278 2277 2276 2275
f 2280 2279 2278 2275
f 2269 2270 2271 2272
f 2269 2272 2273 2274
f 2287 2288 2282 2281
f 2288 2289 2283 2282
f 2289 2290 2284 2283
f 2290 2291 2285 2284
f 2291 2292 2286 2285
f 2292 2287 2281 2286
f 2290 2289 2288 2287
f 2292 2291 2290 2287
f 2281 2282 2283 2284
f 2281 2284 2285 2286
f 2299 2300 2294 2293
f 2300 2301 2295 2294
f 2301 2302 2296 2295
f 2302 2303 2297 2296
f 2303 2304 2298 2297
f 2304 2299 2293 2298
f 2302 2301 2300 2299
f 2304 2303 2302 2299
f 2293 2294 2295 2296
f 2293 2296 2297 2298
f 2311 2312 2306 2305
f 2312 2313 2307 2306
f 2313 2314 2308 2307
f 2314 2315 2309 2308
f 2315 2316 2310 2309
f 2316 2311 2305 2310
f 2314 2313 2312 2311
f 2316 2315 2314 2311
f 2305 2306 2307 2308
f 2305 2308 2309 2310
f 2323 2324 2318 2317
f 2324 2325 2319 2318
f 2325 2326 2320 2319
f 2326 2327 2321 2320
f 2327 2328 2322 2321
f 2328 2323 2317 2322
f 2326 2325 2324 2323
f 2328 2327 2326 2323
f 2317 2318 2319 2320
f 2317 2320 2321 2322
f 2335 2336 2330 2329
f 2336 2337 2331 2330
f 2337 2338 2332 2331
f 2338 2339 2333 2332
f 2339 2340 2334 2333
f 2340 2335 2329 2334
f 2338 2337 2336 2335
f 2340 2339 2338 2335
f 2329 2330 2331 2332
f 2329 2332 2333 2334
f 2347 2348 2342 2341
f 2348 2349 2343 2342
f 2349 2350 2344 2343
f 2350 2351 2345 2344
f 2351 2352 2346 2345
f 2352 2347 2341 2346
f 2350 2349 2348 2347
f 2352 2351 2350 2347
f 2341 2342 2343 2344
f 2341 2344 2345 2346
f 2359 2360 2354 2353
f 2360 2361 2355 2354
f 2361 2362 2356 2355
f 2362 2363 2357 2356
f 2363 2364 2358 2357
f 2364 2359 2353 2358
f 2362 2361 2360 2359
f 2364 2363 2362 2359
f 2353 2354 2355 2356
f 2353 2356 2357 2358
f 2371 2372 2366 2365
f 2372 2373 2367 2366
f 2373 2374 2368 2367
f 2374 2375 2369 2368
f 2375 2376 2370 2369
f 2376 2371 2365 2370
f 2374 2373 2372 2371
f 2376 2375 2374 2371
f 2365 2366 2367 2368
f 2365 2368 2369 2370
f 2383 2384 2378 2377
f 2384 2385 2379 2378
f 2385 2386 2380 2379
f 2386 2387 2381 2380
f 2387 2388 2382 2381
f 2388 2383 2377 2382
f 2386 2385 2384 2383
f 2388 2387 2386 2383
f 2377 2378 2379 2380
f 2377 2380 2381 2382
f 2395 2396 2390 2389
f 2396 2397 2391 2390
f 2397 2398 2392 2391
f 2398 2399 2393 2392
f 2399 2400 2394 2393
f 2400 2395 2389 2394
f 2398 2397 2396 2395
f 2400 2399 2398 2395
f 2389 2390 2391 2392
f 2389 2392 2393 2394
f 2407 2408 2402 2401
f 2408 2409 2403 2402
f 2409 2410 2404 2403
f 2410 2411 2405 2404
f 2411 2412 2406 2405
f 2412 2407 2401 2406
f 2410 2409 2408 2407
f 2412 2411 2410 2407
f 2401 2402 2403 2404
f 2401 2404 2405 2406
f 2419 2420 2414 2413
f 2420 2421 2415 2414
f 2421 2422 2416 2415
f 2422 2423 2417 2416
f 2423 2424 2418 2417
f 2424 2419 2413 2418
f 2422 2421 2420 2419
f 2424 2423 2422 2419
f 2413 2414 2415 2416
f 2413 2416 2417 2418
f 2431 2432 2426 2425
f 2432 2433 2427 2426
f 2433 2434 2428 2427
f 2434 2435 2429 2428
f 2435 2436 2430 2429
f 2436 2431 2425 2430
f 2434 2433 2432 2431
f 2436 2435 2434 2431
f 2425 2426 2427 2428
f 2425 2428 2429 2430
f 2443 2444 2438 2437
f 2444 2445 2439 2438
f 2445 2446 2440 2439
f 2446 2447 2441 2440
f 2447 2448 2442 2441
f 2448 2443 2437 2442
f 2446 2445 2444 2443
f 2448 2447 2446 2443
f 2437 2438 2439 2440
f 2437 2440 2441 2442
f 2455 2456 2450 2449
f 2456 2457 2451 2450
f 2457 2458 2452 2451
f 2458 2459 2453 2452
f 2459 2460 2454 2453
f 2460 2455 2449 2454
f 2458 2457 2456 2455
f 2460 2459 2458 2455
f 2449 2450 2451 2452
f 2449 2452 2453 2454
f 2467 2468 2462 2461
f 2468 2469 2463 2462
f 2469 2470 2464 2463
f 2470 2471 2465 2464
f 2471 2472 2466 2465
f 2472 2467 2461 2466
f 2470 2469 2468 2467
f 2472 2471 2470 2467
f 2461 2462 2463 2464
f 2461 2464 2465 2466
f 2479 2480 2474 2473
f 2480 2481 2475 2474
f 2481 2482 2476 2475
f 2482 2483 2477 2476
f 2483 2484 2478 2477
f 2484 2479 2473 2478
f 2482 2481 2480 2479
f 2484 2483 2482 2479
f 2473 2474 2475 2476
f 2473 2476 2477 2478
f 2491 2492 2486 2485
f 2492 2493 2487 2486
f 2493 2494 2488 2487
f 2494 2495 2489 2488
f 2495 2496 2490 2489
f 2496 2491 2485 2490
f 2494 2493 2492 2491
f 2496 2495 2494 2491
f 2485 2486 2487 2488
f 2485 2488 2489 2490
f 2503 2504 2498 2497
f 2504 2505 2499 2498
f 2505 2506 2500 2499
f 2506 2507 2501 2500
f 2507 2508 2502 2501
f 2508 2503 2497 2502
f 2506 2505 2504 2503
f 2508 2507 2506 2503
f 2497 2498 2499 2500
f 2497 2500 2501 2502
f 2515 2516 2510 2509
f 2516 2517 2511 2510
f 2517 2518 2512 2511
f 2518 2519 2513 2512
f 2519 2520 2514 2513
f 2520 2515 2509 2514
f 2518 2517 2516 2515
f 2520 2519 2518 2515
f 2509 2510 2511 2512
f 2509 2512 2513 2514
f 2527 2528 2522 2521
f 2528 2529 2523 2522
f 2529 2530 2524 2523
f 2530 2531 2525 2524
f 2531 2532 2526 2525
f 2532 2527 2521 2526
f 2530 2529 2528 2527
f 2532 2531 2530 2527
f 2521 2522 2523 2524
f 2521 2524 2525 2526
f 2539 2540 2534 2533
f 2540 2541 2535 2534
f 2541 2542 2536 2535
f 2542 2543 2537 2536
f 2543 2544 2538 2537
f 2544 2539 2533 2538
f 2542 2541 2540 2539
f 2544 2543 2542 2539
f 2533 2534 2535 2536
f 2533 2536 2537 2538
f 2551 2552 2546 2545
f 2552 2553 2547 2546
f 2553 2554 2548 2547
f 2554 2555 2549 2548
f 2555 2556 2550 2549
f 2556 2551 2545 2550
f 2554 2553 2552 2551
f 2556 2555 2554 2551
f 2545 2546 2547 2548
f 2545 2548 2549 2550
f 2563 2564 2558 2557
f 2564 2565 2559 2558
f 2565 2566 2560 2559
f 2566 2567 2561 2560
f 2567 2568 2562 2561
f 2568 2563 2557 2562
f 2566 2565 2564 2563
f 2568 2567 2566 2563
f 2557 2558 2559 2560
f 2557 2560 2561 2562
f 2575 2576 2570 2569
f 2576 2577 2571 2570
f 2577 2578 2572 2571
f 2578 2579 2573 2572
f 2579 2580 2574 2573
f 2580 2575 2569 2574
f 2578 2577 2576 2575
f 2580 2579 2578 2575
f 2569 2570 2571 2572
f 2569 2572 2573 2574
f 2587 2588 2582 2581
f 2588 2589 2583 2582
f 2589 2590 2584 2583
f 2590 2591 2585 2584
f 2591 2592 2586 2585
f 2592 2587 2581 2586
f 2590 2589 2588 2587
f 2592 2591 2590 2587
f 2581 2582 2583 2584
f 2581 2584 2585 2586
f 2599 2600 2594 2593
f 2600 2601 2595 2594
f 2601 2602 2596 2595
f 2602 2603 2597 2596
f 2603 2604 2598 2597
f 2604 2599 2593 2598
f 2602 2601 2600 2599
f 2604 2603 2602 2599
f 2593 2594 2595 2596
f 2593 2596 2597 2598
f 2611 2612 2606 2605
f 2612 2613 2607 2606
f 2613 2614 2608 2607
f 2614 2615 2609 2608
f 2615 2616 2610 2609
f 2616 2611 2605 2610
f 2614 2613 2612 2611
f 2616 2615 2614 2611
f 2605 2606 2607 2608
f 2605 2608 2609 2610
f 2623 2624 2618 2617
f 2624 2625 2619 2618
f 2625 2626 2620 2619
f 2626 2627 2621 2620
f 2627 2628 2622 2621
f 2628 2623 2617 2622
f 2626 2625 2624 2623
f 2628 2627 2626 2623
f 2617 2618 2619 2620
f 2617 2620 2621 2622
f 2635 2636 2630 2629
f 2636 2637 2631 2630
f 2637 2638 2632 2631
f 2638 2639 2633 2632
f 2639 2640 2634 2633
f 2640 2635 2629 2634
f 2638 2637 2636 2635
f 2640 2639 2638 2635
f 2629 2630 2631 2632
f 2629 2632 2633 2634
f 2647 2648 2642 2641
f 2648 2649 2643 2642
f 2649 2650 2644 2643
f 2650 2651 2645 2644
f 2651 2652 2646 2645
f 2652 2647 2641 2646
f 2650 2649 2648 2647
f 2652 2651 2650 2647
f 2641 2642 2643 2644
f 2641 2644 2645 2646
f 2659 2660 2654 2653
f 2660 2661 2655 2654
f 2661 2662 2656 2655
f 2662 2663 2657 2656
f 2663 2664 2658 2657
f 2664 2659 2653 2658
f 2662 2661 2660 2659
f 2664 2663 2662 2659
f 2653 2654 2655 2656
f 2653 2656 2657 2658
f 2671 2672 2666 2665
f 2672 2673 2667 2666
f 2673 2674 2668 2667
f 2674 2675 2669 2668
f 2675 2676 2670 2669
f 2676 2671 2665 2670
f 2674 2673 2672 2671
f 2676 2675 2674 2671
f 2665 2666 2667 2668
f 2665 2668 2669 2670
f 2683 2684 2678 2677
f 2684 2685 2679 2678
f 2685 2686 2680 2679
f 2686 2687 2681 2680
f 2687 2688 2682 2681
f 2688 2683 2677 2682
f 2686 2685 2684 2683
f 2688 2687 2686 2683
f 2677 2678 2679 2680
f 2677 2680 2681 2682
f 2695 2696 2690 2689
f 2696 2697 2691 2690
f 2697 2698 2692 2691
f 2698 2699 2693 2692
f 2699 2700 2694 2693
f 2700 2695 2689 2694
f 2698 2697 2696 2695
f 2700 2699 2698 2695
f 2689 2690 2691 2692
f 2689 2692 2693 2694
f 2707 2708 2702 2701
f 2708 2709 2703 2702
f 2709 2710 2704 2703
f 2710 2711 2705 2704
f 2711 2712 2706 2705
f 2712 2707 2701 2706
f 2710 2709 2708 2707
f 2712 2711 2710 2707
f 2701 2702 2703 2704
f 2701 2704 2705 2706
f 2719 2720 2714 2713
f 2720 2721 2715 2714
f 2721 2722 2716 2715
f 2722 2723 2717 2716
f 2723 2724 2718 2717
f 2724 2719 2713 2718
f 2722 2721 2720 2719
f 2724 2723 2722 2719
f 2713 2714 2715 2716
f 2713 2716 2717 2718
f 2731 2732 2726 2725
f 2732 2733 2727 2726
f 2733 2734 2728 2727
f 2734 2735 2729 2728
f 2735 2736 2730 2729
f 2736 2731 2725 2730
f 2734 2733 2732 2731
f 2736 2735 2734 2731
f 2725 2726 2727 2728
f 2725 2728 2729 2730
f 2743 2744 2738 2737
f 2744 2745 2739 2738
f 2745 2746 2740 2739
f 2746 2747 2741 2740
f 2747 2748 2742 2741
f 2748 2743 2737 2742
f 2746 2745 2744 2743
f 2748 2747 2746 2743
f 2737 2738 2739 2740
f 2737 2740 2741 2742
f 2755 2756 2750 2749
f 2756 2757 2751 2750
f 2757 2758 2752 2751
f 2758 2759 2753 2752
f 2759 2760 2754 2753
f 2760 2755 2749 2754
f 2758 2757 2756 2755
f 2760 2759 2758 2755
f 2749 2750 2751 2752
f 2749 2752 2753 2754
f 2767 2768 2762 2761
f 2768 2769 2763 2762
f 2769 2770 2764 2763
f 2770 2771 2765 2764
f 2771 2772 2766 2765
f 2772 2767 2761 2766
f 2770 2769 2768 2767
f 2772 2771 2770 2767
f 2761 2762 2763 2764
f 2761 2764 2765 2766
f 2779 2780 2774 2773
f 2780 2781 2775 2774
f 2781 2782 2776 2775
f 2782 2783 2777 2776
f 2783 2784 2778 2777
f 2784 2779 2773 2778
f 2782 2781 2780 2779
f 2784 2783 2782 2779
f 2773 2774 2775 2776
f 2773 2776 2777 2778
f 2791 2792 2786 2785
f 2792 2793 2787 2786
f 2793 2794 2788 2787
f 2794 2795 2789 2788
f 2795 2796 2790 2789
f 2796 2791 2785 2790
f 2794 2793 2792 2791
f 2796 2795 2794 2791
f 2785 2786 2787 2788
f 2785 2788 2789 2790
f 2803 2804 2798 2797
f 2804 2805 2799 2798
f 2805 2806 2800 2799
f 2806 2807 2801 2800
f 2807 2808 2802 2801
f 2808 2803 2797 2802
f 2806 2805 2804 2803
f 2808 2807 2806 2803
f 2797 2798 2799 2800
f 2797 2800 2801 2802
f 2815 2816 2810 2809
f 2816 2817 2811 2810
f 2817 2818 2812 2811
f 2818 2819 2813 2812
f 2819 2820 2814 2813
f 2820 2815 2809 2814
f 2818 2817 2816 2815
f 2820 2819 2818 2815
f 2809 2810 2811 2812
f 2809 2812 2813 2814
f 2827 2828 2822 2821
f 2828 2829 2823 2822
f 2829 2830 2824 2823
f 2830 2831 2825 2824
f 2831 2832 2826 2825
f 2832 2827 2821 2826
f 2830 2829 2828 2827
f 2832 2831 2830 2827
f 2821 2822 2823 2824
f 2821 2824 2825 2826
f 2839 2840 2834 2833
f 2840 2841 2835 2834
f 2841 2842 2836 2835
f 2842 2843 2837 2836
f 2843 2844 2838 2837
f 2844 2839 2833 2838
f 2842 2841 2840 2839
f 2844 2843 2842 2839
f 2833 2834 2835 2836
f 2833 2836 2837 2838
f 2851 2852 2846 2845
f 2852 2853 2847 2846
f 2853 2854 2848 2847
f 2854 2855 2849 2848
f 2855 2856 2850 2849
f 2856 2851 2845 2850
f 2854 2853 2852 2851
f 2856 2855 2854 2851
f 2845 2846 2847 2848
f 2845 2848 2849 2850
f 2863 2864 2858 2857
f 2864 2865 2859 2858
f 2865 2866 2860 2859
f 2866 2867 2861 2860
f 2867 2868 2862 2861
f 2868 2863 2857 2862
f 2866 2865 2864 2863
f 2868 2867 2866 2863
f 2857 2858 2859 2860
f 2857 2860 2861 2862
f 2875 2876 2870 2869
f 2876 2877 2871 2870
f 2877 2878 2872 2871
f 2878 2879 2873 2872
f 2879 2880 2874 2873
f 2880 2875 2869 2874
f 2878 2877 2876 2875
f 2880 2879 2878 2875
f 2869 2870 2871 2872
f 2869 2872 2873 2874
f 2887 2888 2882 2881
f 2888 2889 2883 2882
f 2889 2890 2884 2883
f 2890 2891 2885 2884
f 2891 2892 2886 2885
f 2892 2887 2881 2886
f 2890 2889 2888 2887
f 2892 2891 2890 2887
f 2881 2882 2883 2884
f 2881 2884 2885 2886
f 2899 2900 2894 2893
f 2900 2901 2895 2894
f 2901 2902 2896 2895
f 2902 2903 2897 2896
f 2903 2904 2898 2897
f 2904 2899 2893 2898
f 2902 2901 2900 2899
f 2904 2903 2902 2899
f 2893 2894 2895 2896
f 2893 2896 2897 2898
f 2911 2912 2906 2905
f 2912 2913 2907 2906
f 2913 2914 2908 2907
f 2914 2915 2909 2908
f 2915 2916 2910 2909
f 2916 2911 2905 2910
f 2914 2913 2912 2911
f 2916 2915 2914 2911
f 2905 2906 2907 2908
f 2905 2908 2909 2910
f 2923 2924 2918 2917
f 2924 2925 2919 2918
f 2925 2926 2920 2919
f 2926 2927 2921 2920
f 2927 2928 2922 2921
f 2928 2923 2917 2922
f 2926 2925 2924 2923
f 2928 2927 2926 2923
f 2917 2918 2919 2920
f 2917 2920 2921 2922
f 2935 2936 2930 2929
f 2936 2937 2931 2930
f 2937 2938 2932 2931
f 2938 2939 2933 2932
f 2939 2940 2934 2933
f 2940 2935 2929 2934
f 2938 2937 2936 2935
f 2940 2939 2938 2935
f 2929 2930 2931 2932
f 2929 2932 2933 2934
f 2947 2948 2942 2941
f 2948 2949 2943 2942
f 2949 2950 2944 2943
f 2950 2951 2945 2944
f 2951 2952 2946 2945
f 2952 2947 2941 2946
f 2950 2949 2948 2947
f 2952 2951 2950 2947
f 2941 2942 2943 2944
f 2941 2944 2945 2946
f 2959 2960 2954 2953
f 2960 2961 2955 2954
f 2961 2962 2956 2955
f 2962 2963 2957 2956
f 2963 2964 2958 2957
f 2964 2959 2953 2958
f 2962 2961 2960 2959
f 2964 2963 2962 2959
f 2953 2954 2955 2956
f 2953 2956 2957 2958
f 2971 2972 2966 2965
f 2972 2973 2967 2966
f 2973 2974 2968 2967
f 2974 2975 2969 2968
f 2975 2976 2970 2969
f 2976 2971 2965 2970
f 2974 2973 2972 2971
f 2976 2975 2974 2971
f 2965 2966 2967 2968
f 2965 2968 2969 2970
f 2983 2984 2978 2977
f 2984 2985 2979 2978
f 2985 2986 2980 2979
f 2986 2987 2981 2980
f 2987 2988 2982 2981
f 2988 2983 2977 2982
f 2986 2985 2984 2983
f 2988 2987 2986 2983
f 2977 2978 2979 2980
f 2977 2980 2981 2982
f 2995 2996 2990 2989
f 2996 2997 2991 2990
f 2997 2998 2992 2991
f 2998 2999 2993 2992
f 2999 3000 2994 2993
f 3000 2995 2989 2994
f 2998 2997 2996 2995
f 3000 2999 2998 2995
f 2989 2990 2991 2992
f 2989 2992 2993 2994
f 3007 3008 3002 3001
f 3008 3009 3003 3002
f 3009 3010 3004 3003
f 3010 3011 3005 3004
f 3011 3012 3006 3005
f 3012 3007 3001 3006
f 3010 3009 3008 3007
f 3012 3011 3010 3007
f 3001 3002 3003 3004
f 3001 3004 3005 3006
f 3019 3020 3014 3013
f 3020 3021 3015 3014
f 3021 3022 3016 3015
f 3022 3023 3017 3016
f 3023 3024 3018 3017
f 3024 3019 3013 3018
f 3022 3021 3020 3019
f 3024 3023 3022 3019
f 3013 3014 3015 3016
f 3013 3016 3017 3018
f 3031 3032 3026 3025
f 3032 3033 3027 3026
f 3033 3034 3028 3027
f 3034 3035 3029 3028
f 3035 3036 3030 3029
f 3036 3031 3025 3030
f 3034 3033 3032 3031
f 3036 3035 3034 3031
f 3025 3026 3027 3028
f 3025 3028 3029 3030
f 3043 3044 3038 3037
f 3044 3045 3039 3038
f 3045 3046 3040 3039
f 3046 3047 3041 3040
f 3047 3048 3042 3041
f 3048 3043 3037 3042
f 3046 3045 3044 3043
f 3048 3047 3046 3043
f 3037 3038 3039 3040
f 3037 3040 3041 3042
f 3055 3056 3050 3049
f 3056 3057 3051 3050
f 3057 3058 3052 3051
f 3058 3059 3053 3052
f 3059 3060 3054 3053
f 3060 3055 3049 3054
f 3058 3057 3056 3055
f 3060 3059 3058 3055
f 3049 3050 3051 3052
f 3049 3052 3053 3054
f 3067 3068 3062 3061
f 3068 3069 3063 3062
f 3069 3070 3064 3063
f 3070 3071 3065 3064
f 3071 3072 3066 3065
f 3072 3067 3061 3066
f 3070 3069 3068 3067
f 3072 3071 3070 3067
f 3061 3062 3063 3064
f 3061 3064 3065 3066
f 3079 3080 3074 3073
f 3080 3081 3075 3074
f 3081 3082 3076 3075
f 3082 3083 3077 3076
f 3083 3084 3078 3077
f 3084 3079 3073 3078
f 3082 3081 3080 3079
f 3084 3083 3082 3079
f 3073 3074 3075 3076
f 3073 3076 3077 3078
f 3091 3092 3086 3085
f 3092 3093 3087 3086
f 3093 3094 3088 3087
f 3094 3095 3089 3088
f 3095 3096 3090 3089
f 3096 3091 3085 3090
f 3094 3093 3092 3091
f 3096 3095 3094 3091
f 3085 3086 3087 3088
f 3085 3088 3089 3090
f 3103 3104 3098 3097
f 3104 3105 3099 3098
f 3105 3106 3100 3099
f 3106 3107 3101 3100
f 3107 3108 3102 3101
f 3108 3103 3097 3102
f 3106 3105 3104 3103
f 3108 3107 3106 3103
f 3097 3098 3099 3100
f 3097 3100 3101 3102
f 3115 3116 3110 3109
f 3116 3117 3111 3110
f 3117 3118 3112 3111
f 3118 3119 3113 3112
f 3119 3120 3114 3113
f 3120 3115 3109 3114
f 3118 3117 3116 3115
f 3120 3119 3118 3115
f 3109 3110 3111 3112
f 3109 3112 3113 3114
f 3127 3128 3122 3121
f 3128 3129 3123 3122
f 3129 3130 3124 3123
f 3130 3131 3125 3124
f 3131 3132 3126 3125
f 3132 3127 3121 3126
f 3130 3129 3128 3127
f 3132 3131 3130 3127
f 3121 3122 3123 3124
f 3121 3124 3125 3126
f 3139 3140 3134 3133
f 3140 3141 3135 3134
f 3141 3142 3136 3135
f 3142 3143 3137 3136
f 3143 3144 3138 3137
f 3144 3139 3133 3138
f 3142 3141 3140 3139
f 3144 3143 3142 3139
f 3133 3134 3135 3136
f 3133 3136 3137 3138
f 3151 3152 3146 3145
f 3152 3153 3147 3146
f 3153 3154 3148 3147
f 3154 3155 3149 3148
f 3155 3156 3150 3149
f 3156 3151 3145 3150
f 3154 3153 3152 3151
f 3156 3155 3154 3151
f 3145 3146 3147 3148
f 3145 3148 3149 3150
f 3163 3164 3158 3157
f 3164 3165 3159 3158
f 3165 3166 3160 3159
f 3166 3167 3161 3160
f 3167 3168 3162 3161
f 3168 3163 3157 3162
f 3166 3165 3164 3163
f 3168 3167 3166 3163
f 3157 3158 3159 3160
f 3157 3160 3161 3162
f 3175 3176 3170 3169
f 3176 3177 3171 3170
f 3177 3178 3172 3171
f 3178 3179 3173 3172
f 3179 3180 3174 3173
f 3180 3175 3169 3174
f 3178 3177 3176 3175
f 3180 3179 3178 3175
f 3169 3170 3171 3172
f 3169 3172 3173 3174
f 3187 3188 3182 3181
f 3188 3189 3183 3182
f 3189 3190 3184 3183
f 3190 3191 3185 3184
f 3191 3192 3186 3185
f 3192 3187 3181 3186
f 3190 3189 3188 3187
f 3192 3191 3190 3187
f 3181 3182 3183 3184
f 3181 3184 3185 3186
f 3199 3200 3194 3193
f 3200 3201 3195 3194
f 3201 3202 3196 3195
f 3202 3203 3197 3196
f 3203 3204 3198 3197
f 3204 3199 3193 3198
f 3202 3201 3200 3199
f 3204 3203 3202 3199
f 3193 3194 3195 3196
f 3193 3196 3197 3198
f 3211 3212 3206 3205
f 3212 3213 3207 3206
f 3213 3214 3208 3207
f 3214 3215 3209 3208
f 3215 3216 3210 3209
f 3216 3211 3205 3210
f 3214 3213 3212 3211
f 3216 3215 3214 3211
f 3205 3206 3207 3208
f 3205 3208 3209 3210
f 3223 3224 3218 3217
f 3224 3225 3219 3218
f 3225 3226 3220 3219
f 3226 3227 3221 3220
f 3227 3228 3222 3221
f 3228 3223 3217 3222
f 3226 3225 3224 3223
f 3228 3227 3226 3223
f 3217 3218 3219 3220
f 3217 3220 3221 3222
f 3235 3236 3230 3229
f 3236 3237 3231 3230
f 3237 3238 3232 3231
f 3238 3239 3233 3232
f 3239 3240 3234 3233
f 3240 3235 3229 3234
f 3238 3237 3236 3235
f 3240 3239 3238 3235
f 3229 3230 3231 3232
f 3229 3232 3233 3234
f 3247 3248 3242 3241
f 3248 3249 3243 3242
f 3249 3250 3244 3243
f 3250 3251 3245 3244
f 3251 3252 3246 3245
f 3252 3247 3241 3246
f 3250 3249 3248 3247
f 3252 3251 3250 3247
f 3241 3242 3243 3244
f 3241 3244 3245 3246
f 3259 3260 3254 3253
f 3260 3261 3255 3254
f 3261 3262 3256 3255
f 3262 3263 3257 3256
f 3263 3264 3258 3257
f 3264 3259 3253 3258
f 3262 3261 3260 3259
f 3264 3263 3262 3259
f 3253 3254 3255 3256
f 3253 3256 3257 3258
f 3271 3272 3266 3265
f 3272 3273 3267 3266
f 3273 3274 3268 3267
f 3274 3275 3269 3268
f 3275 3276 3270 3269
f 3276 3271 3265 3270
f 3274 3273 3272 3271
f 3276 3275 3274 3271
f 3265 3266 3267 3268
f 3265 3268 3269 3270
f 3283 3284 3278 3277
f 3284 3285 3279 3278
f 3285 3286 3280 3279
f 3286 3287 3281 3280
f 3287 3288 3282 3281
f 3288 3283 3277 3282
f 3286 3285 3284 3283
f 3288 3287 3286 3283
f 3277 3278 3279 3280
f 3277 3280 3281 3282
f 3295 3296 3290 3289
f 3296 3297 3291 3290
f 3297 3298 3292 3291
f 3298 3299 3293 3292
f 3299 3300 3294 3293
f 3300 3295 3289 3294
f 3298 3297 3296 3295
f 3300 3299 3298 3295
f 3289 3290 3291 3292
f 3289 3292 3293 3294
f 3307 3308 3302 3301
f 3308 3309 3303 3302
f 3309 3310 3304 3303
f 3310 3311 3305 3304
f 3311 3312 3306 3305
f 3312 3307 3301 3306
f 3310 3309 3308 3307
f 3312 3311 3310 3307
f 3301 3302 3303 3304
f 3301 3304 3305 3306
f 3319 3320 3314 3313
f 3320 3321 3315 3314
f 3321 3322 3316 3315
f 3322 3323 3317 3316
f 3323 3324 3318 3317
f 3324 3319 3313 3318
f 3322 3321 3320 3319
f 3324 3323 3322 3319
f 3313 3314 3315 3316
f 3313 3316 3317 3318
f 3331 3332 3326 3325
f 3332 3333 3327 3326
f 3333 3334 3328 3327
f 3334 3335 3329 3328
f 3335 3336 3330 3329
f 3336 3331 3325 3330
f 3334 3333 3332 3331
f 3336 3335 3334 3331
f 3325 3326 3327 3328
f 3325 3328 3329 3330
f 3343 3344 3338 3337
f 3344 3345 3339 3338
f 3345 3346 3340 3339
f 3346 3347 3341 3340
f 3347 3348 3342 3341
f 3348 3343 3337 3342
f 3346 3345 3344 3343
f 3348 3347 3346 3343
f 3337 3338 3339 3340
f 3337 3340 3341 3342
f 3355 3356 3350 3349
f 3356 3357 3351 3350
f 3357 3358 3352 3351
f 3358 3359 3353 3352
f 3359 3360 3354 3353
f 3360 3355 3349 3354
f 3358 3357 3356 3355
f 3360 3359 3358 3355
f 3349 3350 3351 3352
f 3349 3352 3353 3354
f 3367 3368 3362 3361
f 3368 3369 3363 3362
f 3369 3370 3364 3363
f 3370 3371 3365 3364
f 3371 3372 3366 3365
f 3372 3367 3361 3366
f 3370 3369 3368 3367
f 3372 3371 3370 3367
f 3361 3362 3363 3364
f 3361 3364 3365 3366
f 3379 3380 3374 3373
f 3380 3381 3375 3374
f 3381 3382 3376 3375
f 3382 3383 3377 3376
f 3383 3384 3378 3377
f 3384 3379 3373 3378
f 3382 3381 3380 3379
f 3384 3383 3382 3379
f 3373 3374 3375 3376
f 3373 3376 3377 3378
f 3391 3392 3386 3385
f 3392 3393 3387 3386
f 3393 3394 3388 3387
f 3394 3395 3389 3388
f 3395 3396 3390 3389
f 3396 3391 3385 3390
f 3394 3393 3392 3391
f 3396 3395 3394 3391
f 3385 3386 3387 3388
f 3385 3388 3389 3390
f 3403 3404 3398 3397
f 3404 3405 3399 3398
f 3405 3406 3400 3399
f 3406 3407 3401 3400
f 3407 3408 3402 3401
f 3408 3403 3397 3402
f 3406 3405 3404 3403
f 3408 3407 3406 3403
f 3397 3398 3399 3400
f 3397 3400 3401 3402
f 3415 3416 3410 3409
f 3416 3417 3411 3410
f 3417 3418 3412 3411
f 3418 3419 3413 3412
f 3419 3420 3414 3413
f 3420 3415 3409 3414
f 3418 3417 3416 3415
f 3420 3419 3418 3415
f 3409 3410 3411 3412
f 3409 3412 3413 3414
f 3427 3428 3422 3421
f 3428 3429 3423 3422
f 3429 3430 3424 3423
f 3430 3431 3425 3424
f 3431 3432 3426 3425
f 3432 3427 3421 3426
f 3430 3429 3428 3427
f 3432 3431 3430 3427
f 3421 3422 3423 3424
f 3421 3424 3425 3426
f 3439 3440 3434 3433
f 3440 3441 3435 3434
f 3441 3442 3436 3435
f 3442 3443 3437 3436
f 3443 3444 3438 3437
f 3444 3439 3433 3438
f 3442 3441 3440 3439
f 3444 3443 3442 3439
f 3433 3434 3435 3436
f 3433 3436 3437 3438
f 3451 3452 3446 3445
f 3452 3453 3447 3446
f 3453 3454 3448 3447
f 3454 3455 3449 3448
f 3455 3456 3450 3449
f 3456 3451 3445 3450
f 3454 3453 3452 3451
f 3456 3455 3454 3451
f 3445 3446 3447 3448
f 3445 3448 3449 3450
f 3463 3464 3458 3457
f 3464 3465 3459 3458
f 3465 3466 3460 3459
f 3466 3467 3461 3460
f 3467 3468 3462 3461
f 3468 3463 3457 3462
f 3466 3465 3464 3463
f 3468 3467 3466 3463
f 3457 3458 3459 3460
f 3457 3460 3461 3462
f 3475 3476 3470 3469
f 3476 3477 3471 3470
f 3477 3478 3472 3471
f 3478 3479 3473 3472
f 3479 3480 3474 3473
f 3480 3475 3469 3474
f 3478 3477 3476 3475
f 3480 3479 3478 3475
f 3469 3470 3471 3472
f 3469 3472 3473 3474
f 3487 3488 3482 3481
f 3488 3489 3483 3482
f 3489 3490 3484 3483
f 3490 3491 3485 3484
f 3491 3492 3486 3485
f 3492 3487 3481 3486
f 3490 3489 3488 3487
f 3492 3491 3490 3487
f 3481 3482 3483 3484
f 3481 3484 3485 3486
f 3499 3500 3494 3493
f 3500 3501 3495 3494
f 3501 3502 3496 3495
f 3502 3503 3497 3496
f 3503 3504 3498 3497
f 3504 3499 3493 3498
f 3502 3501 3500 3499
f 3504 3503 3502 3499
f 3493 3494 3495 3496
f 3493 3496 3497 3498
f 3511 3512 3506 3505
f 3512 3513 3507 3506
f 3513 3514 3508 3507
f 3514 3515 3509 3508
f 3515 3516 3510 3509
f 3516 3511 3505 3510
f 3514 3513 3512 3511
f 3516 3515 3514 3511
f 3505 3506 3507 3508
f 3505 3508 3509 3510
f 3523 3524 3518 3517
f 3524 3525 3519 3518
f 3525 3526 3520 3519
f 3526 3527 3521 3520
f 3527 3528 3522 3521
f 3528 3523 3517 3522
f 3526 3525 3524 3523
f 3528 3527 3526 3523
f 3517 3518 3519 3520
f 3517 3520 3521 3522
f 3535 3536 3530 3529
f 3536 3537 3531 3530
f 3537 3538 3532 3531
f 3538 3539 3533 3532
f 3539 3540 3534 3533
f 3540 3535 3529 3534
f 3538 3537 3536 3535
f 3540 3539 3538 3535
f 3529 3530 3531 3532
f 3529 3532 3533 3534
f 3547 3548 3542 3541
f 3548 3549 3543 3542
f 3549 3550 3544 3543
f 3550 3551 3545 3544
f 3551 3552 3546 3545
f 3552 3547 3541 3546
f 3550 3549 3548 3547
f 3552 3551 3550 3547
f 3541 3542 3543 3544
f 3541 3544 3545 3546
f 3559 3560 3554 3553
f 3560 3561 3555 3554
f 3561 3562 3556 3555
f 3562 3563 3557 3556
f 3563 3564 3558 3557
f 3564 3559 3553 3558
f 3562 3561 3560 3559
f 3564 3563 3562 3559
f 3553 3554 3555 3556
f 3553 3556 3557 3558
f 3571 3572 3566 3565
f 3572 3573 3567 3566
f 3573 3574 3568 3567
f 3574 3575 3569 3568
f 3575 3576 3570 3569
f 3576 3571 3565 3570
f 3574 3573 3572 3571
f 3576 3575 3574 3571
f 3565 3566 3567 3568
f 3565 3568 3569 3570
f 3583 3584 3578 3577
f 3584 3585 3579 3578
f 3585 3586 3580 3579
f 3586 3587 3581 3580
f 3587 3588 3582 3581
f 3588 3583 3577 3582
f 3586 3585 3584 3583
f 3588 3587 3586 3583
f 3577 3578 3579 3580
f 3577 3580 3581 3582
f 3595 3596 3590 3589
f 3596 3597 3591 3590
f 3597 3598 3592 3591
f 3598 3599 3593 3592
f 3599 3600 3594 3593
f 3600 3595 3589 3594
f 3598 3597 3596 3595
f 3600 3599 3598 3595
f 3589 3590 3591 3592
f 3589 3592 3593 3594
f 3607 3608 3602 3601
f 3608 3609 3603 3602
f 3609 3610 3604 3603
f 3610 3611 3605 3604
f 3611 3612 3606 3605
f 3612 3607 3601 3606
f 3610 3609 3608 3607
f 3612 3611 3610 3607
f 3601 3602 3603 3604
f 3601 3604 3605 3606
f 3619 3620 3614 3613
f 3620 3621 3615 3614
f 3621 3622 3616 3615
f 3622 3623 3617 3616
f 3623 3624 3618 3617
f 3624 3619 3613 3618
f 3622 3621 3620 3619
f 3624 3623 3622 3619
f 3613 3614 3615 3616
f 3613 3616 3617 3618
f 3631 3632 3626 3625
f 3632 3633 3627 3626
f 3633 3634 3628 3627
f 3634 3635 3629 3628
f 3635 3636 3630 3629
f 3636 3631 3625 3630
f 3634 3633 3632 3631
f 3636 3635 3634 3631
f 3625 3626 3627 3628
f 3625 3628 3629 3630
f 3643 3644 3638 3637
f 3644 3645 3639 3638
f 3645 3646 3640 3639
f 3646 3647 3641 3640
f 3647 3648 3642 3641
f 3648 3643 3637 3642
f 3646 3645 3644 3643
f 3648 3647 3646 3643
f 3637 3638 3639 3640
f 3637 3640 3641 3642
f 3655 3656 3650 3649
f 3656 3657 3651 3650
f 3657 3658 3652 3651
f 3658 3659 3653 3652
f 3659 3660 3654 3653
f 3660 3655 3649 3654
f 3658 3657 3656 3655
f 3660 3659 3658 3655
f 3649 3650 3651 3652
f 3649 3652 3653 3654
f 3667 3668 3662 3661
f 3668 3669 3663 3662
f 3669 3670 3664 3663
f 3670 3671 3665 3664
f 3671 3672 3666 3665
f 3672 3667 3661 3666
f 3670 3669 3668 3667
f 3672 3671 3670 3667
f 3661 3662 3663 3664
f 3661 3664 3665 3666
f 3679 3680 3674 3673
f 3680 3681 3675 3674
f 3681 3682 3676 3675
f 3682 3683 3677 3676
f 3683 3684 3678 3677
f 3684 3679 3673 3678
f 3682 3681 3680 3679
f 3684 3683 3682 3679
f 3673 3674 3675 3676
f 3673 3676 3677 3678
f 3691 3692 3686 3685
f 3692 3693 3687 3686
f 3693 3694 3688 3687
f 3694 3695 3689 3688
f 3695 3696 3690 3689
f 3696 3691 3685 3690
f 3694 3693 3692 3691
f 3696 3695 3694 3691
f 3685 3686 3687 3688
f 3685 3688 3689 3690
f 3703 3704 3698 3697
f 3704 3705 3699 3698
f 3705 3706 3700 3699
f 3706 3707 3701 3700
f 3707 3708 3702 3701
f 3708 3703 3697 3702
f 3706 3705 3704 3703
f 3708 3707 3706 3703
f 3697 3698 3699 3700
f 3697 3700 3701 3702
f 3715 3716 3710 3709
f 3716 3717 3711 3710
f 3717 3718 3712 3711
f 3718 3719 3713 3712
f 3719 3720 3714 3713
f 3720 3715 3709 3714
f 3718 3717 3716 3715
f 3720 3719 3718 3715
f 3709 3710 3711 3712
f 3709 3712 3713 3714
f 3727 3728 3722 3721
f 3728 3729 3723 3722
f 3729 3730 3724 3723
f 3730 3731 3725 3724
f 3731 3732 3726 3725
f 3732 3727 3721 3726
f 3730 3729 3728 3727
f 3732 3731 3730 3727
f 3721 3722 3723 3724
f 3721 3724 3725 3726
f 3739 3740 3734 3733
f 3740 3741 3735 3734
f 3741 3742 3736 3735
f 3742 3743 3737 3736
f 3743 3744 3738 3737
f 3744 3739 3733 3738
f 3742 3741 3740 3739
f 3744 3743 3742 3739
f 3733 3734 3735 3736
f 3733 3736 3737 3738
f 3751 3752 3746 3745
f 3752 3753 3747 3746
f 3753 3754 3748 3747
f 3754 3755 3749 3748
f 3755 3756 3750 3749
f 3756 3751 3745 3750
f 3754 3753 3752 3751
f 3756 3755 3754 3751
f 3745 3746 3747 3748
f 3745 3748 3749 3750
f 3763 3764 3758 3757
f 3764 3765 3759 3758
f 3765 3766 3760 3759
f 3766 3767 3761 3760
f 3767 3768 3762 3761
f 3768 3763 3757 3762
f 3766 3765 3764 3763
f 3768 3767 3766 3763
f 3757 3758 3759 3760
f 3757 3760 3761 3762
f 3775 3776 3770 3769
f 3776 3777 3771 3770
f 3777 3778 3772 3771
f 3778 3779 3773 3772
f 3779 3780 3774 3773
f 3780 3775 3769 3774
f 3778 3777 3776 3775
f 3780 3779 3778 3775
f 3769 3770 3771 3772
f 3769 3772 3773 3774
f 3787 3788 3782 3781
f 3788 3789 3783 3782
f 3789 3790 3784 3783
f 3790 3791 3785 3784
f 3791 3792 3786 3785
f 3792 3787 3781 3786
f 3790 3789 3788 3787
f 3792 3791 3790 3787
f 3781 3782 3783 3784
f 3781 3784 3785 3786
f 3799 3800 3794 3793
f 3800 3801 3795 3794
f 3801 3802 3796 3795
f 3802 3803 3797 3796
f 3803 3804 3798 3797
f 3804 3799 3793 3798
f 3802 3801 3800 3799
f 3804 3803 3802 3799
f 3793 3794 3795 3796
f 3793 3796 3797 3798
f 3811 3812 3806 3805
f 3812 3813 3807 3806
f 3813 3814 3808 3807
f 3814 3815 3809 3808
f 3815 3816 3810 3809
f 3816 3811 3805 3810
f 3814 3813 3812 3811
f 3816 3815 3814 3811
f 3805 3806 3807 3808
f 3805 3808 3809 3810
f 3823 3824 3818 3817
f 3824 3825 3819 3818
f 3825 3826 3820 3819
f 3826 3827 3821 3820
f 3827 3828 3822 3821
f 3828 3823 3817 3822
f 3826 3825 3824 3823
f 3828 3827 3826 3823
f 3817 3818 3819 3820
f 3817 3820 3821 3822
f 3835 3836 3830 3829
f 3836 3837 3831 3830
f 3837 3838 3832 3831
f 3838 3839 3833 3832
f 3839 3840 3834 3833
f 3840 3835 3829 3834
f 3838 3837 3836 3835
f 3840 3839 3838 3835
f 3829 3830 3831 3832
f 3829 3832 3833 3834
f 3847 3848 3842 3841
f 3848 3849 3843 3842
f 3849 3850 3844 3843
f 3850 3851 3845 3844
f 3851 3852 3846 3845
f 3852 3847 3841 3846
f 3850 3849 3848 3847
f 3852 3851 3850 3847
f 3841 3842 3843 3844
f 3841 3844 3845 3846
f 3859 3860 3854 3853
f 3860 3861 3855 3854
f 3861 3862 3856 3855
f 3862 3863 3857 3856
f 3863 3864 3858 3857
f 3864 3859 3853 3858
f 3862 3861 3860 3859
f 3864 3863 3862 3859
f 3853 3854 3855 3856
f 3853 3856 3857 3858
f 3871 3872 3866 3865
f 3872 3873 3867 3866
f 3873 3874 3868 3867
f 3874 3875 3869 3868
f 3875 3876 3870 3869
f 3876 3871 3865 3870
f 3874 3873 3872 3871
f 3876 3875 3874 3871
f 3865 3866 3867 3868
f 3865 3868 3869 3870
f 3883 3884 3878 3877
f 3884 3885 3879 3878
f 3885 3886 3880 3879
f 3886 3887 3881 3880
f 3887 3888 3882 3881
f 3888 3883 3877 3882
f 3886 3885 3884 3883
f 3888 3887 3886 3883
f 3877 3878 3879 3880
f 3877 3880 3881 3882
f 3895 3896 3890 3889
f 3896 3897 3891 3890
f 3897 3898 3892 3891
f 3898 3899 3893 3892
f 3899 3900 3894 3893
f 3900 3895 3889 3894
f 3898 3897 3896 3895
f 3900 3899 3898 3895
f 3889 3890 3891 3892
f 3889 3892 3893 3894
f 3907 3908 3902 3901
f 3908 3909 3903 3902
f 3909 3910 3904 3903
f 3910 3911 3905 3904
f 3911 3912 3906 3905
f 3912 3907 3901 3906
f 3910 3909 3908 3907
f 3912 3911 3910 3907
f 3901 3902 3903 3904
f 3901 3904 3905 3906
f 3919 3920 3914 3913
f 3920 3921 3915 3914
f 3921 3922 3916 3915
f 3922 3923 3917 3916
f 3923 3924 3918 3917
f 3924 3919 3913 3918
f 3922 3921 3920 3919
f 3924 3923 3922 3919
f 3913 3914 3915 3916
f 3913 3916 3917 3918
f 3931 3932 3926 3925
f 3932 3933 3927 3926
f 3933 3934 3928 3927
f 3934 3935 3929 3928
f 3935 3936 3930 3929
f 3936 3931 3925 3930
f 3934 3933 3932 3931
f 3936 3935 3934 3931
f 3925 3926 3927 3928
f 3925 3928 3929 3930
f 3943 3944 3938 3937
f 3944 3945 3939 3938
f 3945 3946 3940 3939
f 3946 3947 3941 3940
f 3947 3948 3942 3941
f 3948 3943 3937 3942
f 3946 3945 3944 3943
f 3948 3947 3946 3943
f 3937 3938 3939 3940
f 3937 3940 3941 3942
f 3955 3956 3950 3949
f 3956 3957 3951 3950
f 3957 3958 3952 3951
f 3958 3959 3953 3952
f 3959 3960 3954 3953
f 3960 3955 3949 3954
f 3958 3957 3956 3955
f 3960 3959 3958 3955
f 3949 3950 3951 3952
f 3949 3952 3953 3954
f 3967 3968 3962 3961
f 3968 3969 3963 3962
f 3969 3970 3964 3963
f 3970 3971 3965 3964
f 3971 3972 3966 3965
f 3972 3967 3961 3966
f 3970 3969 3968 3967
f 3972 3971 3970 3967
f 3961 3962 3963 3964
f 3961 3964 3965 3966
f 3979 3980 3974 3973
f 3980 3981 3975 3974
f 3981 3982 3976 3975
f 3982 3983 3977 3976
f 3983 3984 3978 3977
f 3984 3979 3973 3978
f 3982 3981 3980 3979
f 3984 3983 3982 3979
f 3973 3974 3975 3976
f 3973 3976 3977 3978
f 3991 3992 3986 3985
f 3992 3993 3987 3986
f 3993 3994 3988 3987
f 3994 3995 3989 3988
f 3995 3996 3990 3989
f 3996 3991 3985 3990
f 3994 3993 3992 3991
f 3996 3995 3994 3991
f 3985 3986 3987 3988
f 3985 3988 3989 3990
f 4003 4004 3998 3997
f 4004 4005 3999 3998
f 4005 4006 4000 3999
f 4006 4007 4001 4000
f 4007 4008 4002 4001
f 4008 4003 3997 4002
f 4006 4005 4004 4003
f 4008 4007 4006 4003
f 3997 3998 3999 4000
f 3997 4000 4001 4002
f 4015 4016 4010 4009
f 4016 4017 4011 4010
f 4017 4018 4012 4011
f 4018 4019 4013 4012
f 4019 4020 4014 4013
f 4020 4015 4009 4014
f 4018 4017 4016 4015
f 4020 4019 4018 4015
f 4009 4010 4011 4012
f 4009 4012 4013 4014
f 4027 4028 4022 4021
f 4028 4029 4023 4022
f 4029 4030 4024 4023
f 4030 4031 4025 4024
f 4031 4032 4026 4025
f 4032 4027 4021 4026
f 4030 4029 4028 4027
f 4032 4031 4030 4027
f 4021 4022 4023 4024
f 4021 4024 4025 4026
f 4039 4040 4034 4033
f 4040 4041 4035 4034
f 4041 4042 4036 4035
f 4042 4043 4037 4036
f 4043 4044 4038 4037
f 4044 4039 4033 4038
f 4042 4041 4040 4039
f 4044 4043 4042 4039
f 4033 4034 4035 4036
f 4033 4036 4037 4038
f 4051 4052 4046 4045
f 4052 4053 4047 4046
f 4053 4054 4048 4047
f 4054 4055 4049 4048
f 4055 4056 4050 4049
f 4056 4051 4045 4050
f 4054 4053 4052 4051
f 4056 4055 4054 4051
f 4045 4046 4047 4048
f 4045 4048 4049 4050
f 4063 4064 4058 4057
f 4064 4065 4059 4058
f 4065 4066 4060 4059
f 4066 4067 4061 4060
f 4067 4068 4062 4061
f 4068 4063 4057 4062
f 4066 4065 4064 4063
f 4068 4067 4066 4063
f 4057 4058 4059 4060
f 4057 4060 4061 4062
f 4075 4076 4070 4069
f 4076 4077 4071 4070
f 4077 4078 4072 4071
f 4078 4079 4073 4072
f 4079 4080 4074 4073
f 4080 4075 4069 4074
f 4078 4077 4076 4075
f 4080 4079 4078 4075
f 4069 4070 4071 4072
f 4069 4072 4073 4074
f 4087 4088 4082 4081
f 4088 4089 4083 4082
f 4089 4090 4084 4083
f 4090 4091 4085 4084
f 4091 4092 4086 4085
f 4092 4087 4081 4086
f 4090 4089 4088 4087
f 4092 4091 4090 4087
f 4081 4082 4083 4084
f 4081 4084 4085 4086
f 4099 4100 4094 4093
f 4100 4101 4095 4094
f 4101 4102 4096 4095
f 4102 4103 4097 4096
f 4103 4104 4098 4097
f 4104 4099 4093 4098
f 4102 4101 4100 4099
f 4104 4103 4102 4099
f 4093 4094 4095 4096
f 4093 4096 4097 4098
f 4111 4112 4106 4105
f 4112 4113 4107 4106
f 4113 4114 4108 4107
f 4114 4115 4109 4108
f 4115 4116 4110 4109
f 4116 4111 4105 4110
f 4114 4113 4112 4111
f 4116 4115 4114 4111
f 4105 4106 4107 4108
f 4105 4108 4109 4110
f 4123 4124 4118 4117
f 4124 4125 4119 4118
f 4125 4126 4120 4119
f 4126 4127 4121 4120
f 4127 4128 4122 4121
f 4128 4123 4117 4122
f 4126 4125 4124 4123
f 4128 4127 4126 4123
f 4117 4118 4119 4120
f 4117 4120 4121 4122
f 4135 4136 4130 4129
f 4136 4137 4131 4130
f 4137 4138 4132 4131
f 4138 4139 4133 4132
f 4139 4140 4134 4133
f 4140 4135 4129 4134
f 4138 4137 4136 4135
f 4140 4139 4138 4135
f 4129 4130 4131 4132
f 4129 4132 4133 4134
f 4147 4148 4142 4141
f 4148 4149 4143 4142
f 4149 4150 4144 4143
f 4150 4151 4145 4144
f 4151 4152 4146 4145
f 4152 4147 4141 4146
f 4150 4149 4148 4147
f 4152 4151 4150 4147
f 4141 4142 4143 4144
f 4141 4144 4145 4146
f 4159 4160 4154 4153
f 4160 4161 4155 4154
f 4161 4162 4156 4155
f 4162 4163 4157 4156
f 4163 4164 4158 4157
f 4164 4159 4153 4158
f 4162 4161 4160 4159
f 4164 4163 4162 4159
f 4153 4154 4155 4156
f 4153 4156 4157 4158
f 4171 4172 4166 4165
f 4172 4173 4167 4166
f 4173 4174 4168 4167
f 4174 4175 4169 4168
f 4175 4176 4170 4169
f 4176 4171 4165 4170
f 4174 4173 4172 4171
f 4176 4175 4174 4171
f 4165 4166 4167 4168
f 4165 4168 4169 4170
f 4183 4184 4178 4177
f 4184 4185 4179 4178
f 4185 4186 4180 4179
f 4186 4187 4181 4180
f 4187 4188 4182 4181
f 4188 4183 4177 4182
f 4186 4185 4184 4183
f 4188 4187 4186 4183
f 4177 4178 4179 4180
f 4177 4180 4181 4182
f 4195 4196 4190 4189
f 4196 4197 4191 4190
f 4197 4198 4192 4191
f 4198 4199 4193 4192
f 4199 4200 4194 4193
f 4200 4195 4189 4194
f 4198 4197 4196 4195
f 4200 4199 4198 4195
f 4189 4190 4191 4192
f 4189 4192 4193 4194
f 4207 4208 4202 4201
f 4208 4209 4203 4202
f 4209 4210 4204 4203
f 4210 4211 4205 4204
f 4211 4212 4206 4205
f 4212 4207 4201 4206
f 4210 4209 4208 4207
f 4212 4211 4210 4207
f 4201 4202 4203 4204
f 4201 4204 4205 4206
f 4219 4220 4214 4213
f 4220 4221 4215 4214
f 4221 4222 4216 4215
f 4222 4223 4217 4216
f 4223 4224 4218 4217
f 4224 4219 4213 4218
f 4222 4221 4220 4219
f 4224 4223 4222 4219
f 4213 4214 4215 4216
f 4213 4216 4217 4218
f 4231 4232 4226 4225
f 4232 4233 4227 4226
f 4233 4234 4228 4227
f 4234 4235 4229 4228
f 4235 4236 4230 4229
f 4236 4231 4225 4230
f 4234 4233 4232 4231
f 4236 4235 4234 4231
f 4225 4226 4227 4228
f 4225 4228 4229 4230
f 4243 4244 4238 4237
f 4244 4245 4239 4238
f 4245 4246 4240 4239
f 4246 4247 4241 4240
f 4247 4248 4242 4241
f 4248 4243 4237 4242
f 4246 4245 4244 4243
f 4248 4247 4246 4243
f 4237 4238 4239 4240
f 4237 4240 4241 4242
f 4255 4256 4250 4249
f 4256 4257 4251 4250
f 4257 4258 4252 4251
f 4258 4259 4253 4252
f 4259 4260 4254 4253
f 4260 4255 4249 4254
f 4258 4257 4256 4255
f 4260 4259 4258 4255
f 4249 4250 4251 4252
f 4249 4252 4253 4254
f 4267 4268 4262 4261
f 4268 4269 4263 4262
f 4269 4270 4264 4263
f 4270 4271 4265 4264
f 4271 4272 4266 4265
f 4272 4267 4261 4266
f 4270 4269 4268 4267
f 4272 4271 4270 4267
f 4261 4262 4263 4264
f 4261 4264 4265 4266
f 4279 4280 4274 4273
f 4280 4281 4275 4274
f 4281 4282 4276 4275
f 4282 4283 4277 4276
f 4283 4284 4278 4277
f 4284 4279 4273 4278
f 4282 4281 4280 4279
f 4284 4283 4282 4279
f 4273 4274 4275 4276
f 4273 4276 4277 4278
f 4291 4292 4286 4285
f 4292 4293 4287 4286
f 4293 4294 4288 4287
f 4294 4295 4289 4288
f 4295 4296 4290 4289
f 4296 4291 4285 4290
f 4294 4293 4292 4291
f 4296 4295 4294 4291
f 4285 4286 4287 4288
f 4285 4288 4289 4290
f 4303 4304 4298 4297
f 4304 4305 4299 4298
f 4305 4306 4300 4299
f 4306 4307 4301 4300
f 4307 4308 4302 4301
f 4308 4303 4297 4302
f 4306 4305 4304 4303
f 4308 4307 4306 4303
f 4297 4298 4299 4300
f 4297 4300 4301 4302
f 4315 4316 4310 4309
f 4316 4317 4311 4310
f 4317 4318 4312 4311
f 4318 4319 4313 4312
f 4319 4320 4314 4313
f 4320 4315 4309 4314
f 4318 4317 4316 4315
f 4320 4319 4318 4315
f 4309 4310 4311 4312
f 4309 4312 4313 4314
f 4327 4328 4322 4321
f 4328 4329 4323 4322
f 4329 4330 4324 4323
f 4330 4331 4325 4324
f 4331 4332 4326 4325
f 4332 4327 4321 4326
f 4330 4329 4328 4327
f 4332 4331 4330 4327
f 4321 4322 4323 4324
f 4321 4324 4325 4326
f 4339 4340 4334 4333
f 4340 4341 4335 4334
f 4341 4342 4336 4335
f 4342 4343 4337 4336
f 4343 4344 4338 4337
f 4344 4339 4333 4338
f 4342 4341 4340 4339
f 4344 4343 4342 4339
f 4333 4334 4335 4336
f 4333 4336 4337 4338
f 4351 4352 4346 4345
f 4352 4353 4347 4346
f 4353 4354 4348 4347
f 4354 4355 4349 4348
f 4355 4356 4350 4349
f 4356 4351 4345 4350
f 4354 4353 4352 4351
f 4356 4355 4354 4351
f 4345 4346 4347 4348
f 4345 4348 4349 4350
f 4363 4364 4358 4357
f 4364 4365 4359 4358
f 4365 4366 4360 4359
f 4366 4367 4361 4360
f 4367 4368 4362 4361
f 4368 4363 4357 4362
f 4366 4365 4364 4363
f 4368 4367 4366 4363
f 4357 4358 4359 4360
f 4357 4360 4361 4362
f 4375 4376 4370 4369
f 4376 4377 4371 4370
f 4377 4378 4372 4371
f 4378 4379 4373 4372
f 4379 4380 4374 4373
f 4380 4375 4369 4374
f 4378 4377 4376 4375
f 4380 4379 4378 4375
f 4369 4370 4371 4372
f 4369 4372 4373 4374
f 4387 4388 4382 4381
f 4388 4389 4383 4382
f 4389 4390 4384 4383
f 4390 4391 4385 4384
f 4391 4392 4386 4385
f 4392 4387 4381 4386
f 4390 4389 4388 4387
f 4392 4391 4390 4387
f 4381 4382 4383 4384
f 4381 4384 4385 4386
f 4399 4400 4394 4393
f 4400 4401 4395 4394
f 4401 4402 4396 4395
f 4402 4403 4397 4396
f 4403 4404 4398 4397
f 4404 4399 4393 4398
f 4402 4401 4400 4399
f 4404 4403 4402 4399
f 4393 4394 4395 4396
f 4393 4396 4397 4398
f 4411 4412 4406 4405
f 4412 4413 4407 4406
f 4413 4414 4408 4407
f 4414 4415 4409 4408
f 4415 4416 4410 4409
f 4416 4411 4405 4410
f 4414 4413 4412 4411
f 4416 4415 4414 4411
f 4405 4406 4407 4408
f 4405 4408 4409 4410
f 4423 4424 4418 4417
f 4424 4425 4419 4418
f 4425 4426 4420 4419
f 4426 4427 4421 4420
f 4427 4428 4422 4421
f 4428 4423 4417 4422
f 4426 4425 4424 4423
f 4428 4427 4426 4423
f 4417 4418 4419 4420
f 4417 4420 4421 4422
f 4435 4436 4430 4429
f 4436 4437 4431 4430
f 4437 4438 4432 4431
f 4438 4439 4433 4432
f 4439 4440 4434 4433
f 4440 4435 4429 4434
f 4438 4437 4436 4435
f 4440 4439 4438 4435
f 4429 4430 4431 4432
f 4429 4432 4433 4434
f 4447 4448 4442 4441
f 4448 4449 4443 4442
f 4449 4450 4444 4443
f 4450 4451 4445 4444
f 4451 4452 4446 4445
f 4452 4447 4441 4446
f 4450 4449 4448 4447
f 4452 4451 4450 4447
f 4441 4442 4443 4444
f 4441 4444 4445 4446
f 4459 4460 4454 4453
f 4460 4461 4455 4454
f 4461 4462 4456 4455
f 4462 4463 4457 4456
f 4463 4464 4458 4457
f 4464 4459 4453 4458
f 4462 4461 4460 4459
f 4464 4463 4462 4459
f 4453 4454 4455 4456
f 4453 4456 4457 4458
f 4471 4472 4466 4465
f 4472 4473 4467 4466
f 4473 4474 4468 4467
f 4474 4475 4469 4468
f 4475 4476 4470 4469
f 4476 4471 4465 4470
f 4474 4473 4472 4471
f 4476 4475 4474 4471
f 4465 4466 4467 4468
f 4465 4468 4469 4470
f 4483 4484 4478 4477
f 4484 4485 4479 4478
f 4485 4486 4480 4479
f 4486 4487 4481 4480
f 4487 4488 4482 4481
f 4488 4483 4477 4482
f 4486 4485 4484 4483
f 4488 4487 4486 4483
f 4477 4478 4479 4480
f 4477 4480 4481 4482
f 4495 4496 4490 4489
f 4496 4497 4491 4490
f 4497 4498 4492 4491
f 4498 4499 4493 4492
f 4499 4500 4494 4493
f 4500 4495 4489 4494
f 4498 4497 4496 4495
f 4500 4499 4498 4495
f 4489 4490 4491 4492
f 4489 4492 4493 4494
f 4507 4508 4502 4501
f 4508 4509 4503 4502
f 4509 4510 4504 4503
f 4510 4511 4505 4504
f 4511 4512 4506 4505
f 4512 4507 4501 4506
f 4510 4509 4508 4507
f 4512 4511 4510 4507
f 4501 4502 4503 4504
f 4501 4504 4505 4506
f 4519 4520 4514 4513
f 4520 4521 4515 4514
f 4521 4522 4516 4515
f 4522 4523 4517 4516
f 4523 4524 4518 4517
f 4524 4519 4513 4518
f 4522 4521 4520 4519
f 4524 4523 4522 4519
f 4513 4514 4515 4516
f 4513 4516 4517 4518
f 4531 4532 4526 4525
f 4532 4533 4527 4526
f 4533 4534 4528 4527
f 4534 4535 4529 4528
f 4535 4536 4530 4529
f 4536 4531 4525 4530
f 4534 4533 4532 4531
f 4536 4535 4534 4531
f 4525 4526 4527 4528
f 4525 4528 4529 4530
f 4543 4544 4538 4537
f 4544 4545 4539 4538
f 4545 4546 4540 4539
f 4546 4547 4541 4540
f 4547 4548 4542 4541
f 4548 4543 4537 4542
f 4546 4545 4544 4543
f 4548 4547 4546 4543
f 4537 4538 4539 4540
f 4537 4540 4541 4542
f 4555 4556 4550 4549
f 4556 4557 4551 4550
f 4557 4558 4552 4551
f 4558 4559 4553 4552
f 4559 4560 4554 4553
f 4560 4555 4549 4554
f 4558 4557 4556 4555
f 4560 4559 4558 4555
f 4549 4550 4551 4552
f 4549 4552 4553 4554
f 4567 4568 4562 4561
f 4568 4569 4563 4562
f 4569 4570 4564 4563
f 4570 4571 4565 4564
f 4571 4572 4566 4565
f 4572 4567 4561 4566
f 4570 4569 4568 4567
f 4572 4571 4570 4567
f 4561 4562 4563 4564
f 4561 4564 4565 4566
f 4579 4580 4574 4573
f 4580 4581 4575 4574
f 4581 4582 4576 4575
f 4582 4583 4577 4576
f 4583 4584 4578 4577
f 4584 4579 4573 4578
f 4582 4581 4580 4579
f 4584 4583 4582 4579
f 4573 4574 4575 4576
f 4573 4576 4577 4578
f 4591 4592 4586 4585
f 4592 4593 4587 4586
f 4593 4594 4588 4587
f 4594 4595 4589 4588
f 4595 4596 4590 4589
f 4596 4591 4585 4590
f 4594 4593 4592 4591
f 4596 4595 4594 4591
f 4585 4586 4587 4588
f 4585 4588 4589 4590
f 4603 4604 4598 4597
f 4604 4605 4599 4598
f 4605 4606 4600 4599
f 4606 4607 4601 4600
f 4607 4608 4602 4601
f 4608 4603 4597 4602
f 4606 4605 4604 4603
f 4608 4607 4606 4603
f 4597 4598 4599 4600
f 4597 4600 4601 4602
f 4615 4616 4610 4609
f 4616 4617 4611 4610
f 4617 4618 4612 4611
f 4618 4619 4613 4612
f 4619 4620 4614 4613
f 4620 4615 4609 4614
f 4618 4617 4616 4615
f 4620 4619 4618 4615
f 4609 4610 4611 4612
f 4609 4612 4613 4614
f 4627 4628 4622 4621
f 4628 4629 4623 4622
f 4629 4630 4624 4623
f 4630 4631 4625 4624
f 4631 4632 4626 4625
f 4632 4627 4621 4626
f 4630 4629 4628 4627
f 4632 4631 4630 4627
f 4621 4622 4623 4624
f 4621 4624 4625 4626
f 4639 4640 4634 4633
f 4640 4641 4635 4634
f 4641 4642 4636 4635
f 4642 4643 4637 4636
f 4643 4644 4638 4637
f 4644 4639 4633 4638
f 4642 4641 4640 4639
f 4644 4643 4642 4639
f 4633 4634 4635 4636
f 4633 4636 4637 4638
f 4651 4652 4646 4645
f 4652 4653 4647 4646
f 4653 4654 4648 4647
f 4654 4655 4649 4648
f 4655 4656 4650 4649
f 4656 4651 4645 4650
f 4654 4653 4652 4651
f 4656 4655 4654 4651
f 4645 4646 4647 4648
f 4645 4648 4649 4650
f 4663 4664 4658 4657
f 4664 4665 4659 4658
f 4665 4666 4660 4659
f 4666 4667 4661 4660
f 4667 4668 4662 4661
f 4668 4663 4657 4662
f 4666 4665 4664 4663
f 4668 4667 4666 4663
f 4657 4658 4659 4660
f 4657 4660 4661 4662
f 4675 4676 4670 4669
f 4676 4677 4671 4670
f 4677 4678 4672 4671
f 4678 4679 4673 4672
f 4679 4680 4674 4673
f 4680 4675 4669 4674
f 4678 4677 4676 4675
f 4680 4679 4678 4675
f 4669 4670 4671 4672
f 4669 4672 4673 4674
f 4687 4688 4682 4681
f 4688 4689 4683 4682
f 4689 4690 4684 4683
f 4690 4691 4685 4684
f 4691 4692 4686 4685
f 4692 4687 4681 4686
f 4690 4689 4688 4687
f 4692 4691 4690 4687
f 4681 4682 4683 4684
f 4681 4684 4685 4686
f 4699 4700 4694 4693
f 4700 4701 4695 4694
f 4701 4702 4696 4695
f 4702 4703 4697 4696
f 4703 4704 4698 4697
f 4704 4699 4693 4698
f 4702 4701 4700 4699
f 4704 4703 4702 4699
f 4693 4694 4695 4696
f 4693 4696 4697 4698
f 4711 4712 4706 4705
f 4712 4713 4707 4706
f 4713 4714 4708 4707
f 4714 4715 4709 4708
f 4715 4716 4710 4709
f 4716 4711 4705 4710
f 4714 4713 4712 4711
f 4716 4715 4714 4711
f 4705 4706 4707 4708
f 4705 4708 4709 4710
f 4723 4724 4718 4717
f 4724 4725 4719 4718
f 4725 4726 4720 4719
f 4726 4727 4721 4720
f 4727 4728 4722 4721
f 4728 4723 4717 4722
f 4726 4725 4724 4723
f 4728 4727 4726 4723
f 4717 4718 4719 4720
f 4717 4720 4721 4722
f 4735 4736 4730 4729
f 4736 4737 4731 4730
f 4737 4738 4732 4731
f 4738 4739 4733 4732
f 4739 4740 4734 4733
f 4740 4735 4729 4734
f 4738 4737 4736 4735
f 4740 4739 4738 4735
f 4729 4730 4731 4732
f 4729 4732 4733 4734
f 4747 4748 4742 4741
f 4748 4749 4743 4742
f 4749 4750 4744 4743
f 4750 4751 4745 4744
f 4751 4752 4746 4745
f 4752 4747 4741 4746
f 4750 4749 4748 4747
f 4752 4751 4750 4747
f 4741 4742 4743 4744
f 4741 4744 4745 4746
f 4759 4760 4754 4753
f 4760 4761 4755 4754
f 4761 4762 4756 4755
f 4762 4763 4757 4756
f 4763 4764 4758 4757
f 4764 4759 4753 4758
f 4762 4761 4760 4759
f 4764 4763 4762 4759
f 4753 4754 4755 4756
f 4753 4756 4757 4758
f 4771 4772 4766 4765
f 4772 4773 4767 4766
f 4773 4774 4768 4767
f 4774 4775 4769 4768
f 4775 4776 4770 4769
f 4776 4771 4765 4770
f 4774 4773 4772 4771
f 4776 4775 4774 4771
f 4765 4766 4767 4768
f 4765 4768 4769 4770
f 4783 4784 4778 4777
f 4784 4785 4779 4778
f 4785 4786 4780 4779
f 4786 4787 4781 4780
f 4787 4788 4782 4781
f 4788 4783 4777 4782
f 4786 4785 4784 4783
f 4788 4787 4786 4783
f 4777 4778 4779 4780
f 4777 4780 4781 4782
f 4795 4796 4790 4789
f 4796 4797 4791 4790
f 4797 4798 4792 4791
f 4798 4799 4793 4792
f 4799 4800 4794 4793
f 4800 4795 4789 4794
f 4798 4797 4796 4795
f 4800 4799 4798 4795
f 4789 4790 4791 4792
f 4789 4792 4793 4794
f 4807 4808 4802 4801
f 4808 4809 4803 4802
f 4809 4810 4804 4803
f 4810 4811 4805 4804
f 4811 4812 4806 4805
f 4812 4807 4801 4806
f 4810 4809 4808 4807
f 4812 4811 4810 4807
f 4801 4802 4803 4804
f 4801 4804 4805 4806
f 4819 4820 4814 4813
f 4820 4821 4815 4814
f 4821 4822 4816 4815
f 4822 4823 4817 4816
f 4823 4824 4818 4817
f 4824 4819 4813 4818
f 4822 4821 4820 4819
f 4824 4823 4822 4819
f 4813 4814 4815 4816
f 4813 4816 4817 4818
f 4831 4832 4826 4825
f 4832 4833 4827 4826
f 4833 4834 4828 4827
f 4834 4835 4829 4828
f 4835 4836 4830 4829
f 4836 4831 4825 4830
f 4834 4833 4832 4831
f 4836 4835 4834 4831
f 4825 4826 4827 4828
f 4825 4828 4829 4830
f 4843 4844 4838 4837
f 4844 4845 4839 4838
f 4845 4846 4840 4839
f 4846 4847 4841 4840
f 4847 4848 4842 4841
f 4848 4843 4837 4842
f 4846 4845 4844 4843
f 4848 4847 4846 4843
f 4837 4838 4839 4840
f 4837 4840 4841 4842
f 4855 4856 4850 4849
f 4856 4857 4851 4850
f 4857 4858 4852 4851
f 4858 4859 4853 4852
f 4859 4860 4854 4853
f 4860 4855 4849 4854
f 4858 4857 4856 4855
f 4860 4859 4858 4855
f 4849 4850 4851 4852
f 4849 4852 4853 4854
f 4867 4868 4862 4861
f 4868 4869 4863 4862
f 4869 4870 4864 4863
f 4870 4871 4865 4864
f 4871 4872 4866 4865
f 4872 4867 4861 4866
f 4870 4869 4868 4867
f 4872 4871 4870 4867
f 4861 4862 4863 4864
f 4861 4864 4865 4866
f 4879 4880 4874 4873
f 4880 4881 4875 4874
f 4881 4882 4876 4875
f 4882 4883 4877 4876
f 4883 4884 4878 4877
f 4884 4879 4873 4878
f 4882 4881 4880 4879
f 4884 4883 4882 4879
f 4873 4874 4875 4876
f 4873 4876 4877 4878
f 4891 4892 4886 4885
f 4892 4893 4887 4886
f 4893 4894 4888 4887
f 4894 4895 4889 4888
f 4895 4896 4890 4889
f 4896 4891 4885 4890
f 4894 4893 4892 4891
f 4896 4895 4894 4891
f 4885 4886 4887 4888
f 4885 4888 4889 4890
f 4903 4904 4898 4897
f 4904 4905 4899 4898
f 4905 4906 4900 4899
f 4906 4907 4901 4900
f 4907 4908 4902 4901
f 4908 4903 4897 4902
f 4906 4905 4904 4903
f 4908 4907 4906 4903
f 4897 4898 4899 4900
f 4897 4900 4901 4902
f 4915 4916 4910 4909
f 4916 4917 4911 4910
f 4917 4918 4912 4911
f 4918 4919 4913 4912
f 4919 4920 4914 4913
f 4920 4915 4909 4914
f 4918 4917 4916 4915
f 4920 4919 4918 4915
f 4909 4910 4911 4912
f 4909 4912 4913 4914
f 4927 4928 4922 4921
f 4928 4929 4923 4922
f 4929 4930 4924 4923
f 4930 4931 4925 4924
f 4931 4932 4926 4925
f 4932 4927 4921 4926
f 4930 4929 4928 4927
f 4932 4931 4930 4927
f 4921 4922 4923 4924
f 4921 4924 4925 4926
f 4939 4940 4934 4933
f 4940 4941 4935 4934
f 4941 4942 4936 4935
f 4942 4943 4937 4936
f 4943 4944 4938 4937
f 4944 4939 4933 4938
f 4942 4941 4940 4939
f 4944 4943 4942 4939
f 4933 4934 4935 4936
f 4933 4936 4937 4938
f 4951 4952 4946 4945
f 4952 4953 4947 4946
f 4953 4954 4948 4947
f 4954 4955 4949 4948
f 4955 4956 4950 4949
f 4956 4951 4945 4950
f 4954 4953 4952 4951
f 4956 4955 4954 4951
f 4945 4946 4947 4948
f 4945 4948 4949 4950
f 4963 4964 4958 4957
f 4964 4965 4959 4958
f 4965 4966 4960 4959
f 4966 4967 4961 4960
f 4967 4968 4962 4961
f 4968 4963 4957 4962
f 4966 4965 4964 4963
f 4968 4967 4966 4963
f 4957 4958 4959 4960
f 4957 4960 4961 4962
f 4975 4976 4970 4969
f 4976 4977 4971 4970
f 4977 4978 4972 4971
f 4978 4979 4973 4972
f 4979 4980 4974 4973
f 4980 4975 4969 4974
f 4978 4977 4976 4975
f 4980 4979 4978 4975
f 4969 4970 4971 4972
f 4969 4972 4973 4974
f 4987 4988 4982 4981
f 4988 4989 4983 4982
f 4989 4990 4984 4983
f 4990 4991 4985 4984
f 4991 4992 4986 4985
f 4992 4987 4981 4986
f 4990 4989 4988 4987
f 4992 4991 4990 4987
f 4981 4982 4983 4984
f 4981 4984 4985 4986
f 4999 5000 4994 4993
f 5000 5001 4995 4994
f 5001 5002 4996 4995
f 5002 5003 4997 4996
f 5003 5004 4998 4997
f 5004 4999 4993 4998
f 5002 5001 5000 4999
f 5004 5003 5002 4999
f 4993 4994 4995 4996
f 4993 4996 4997 4998
f 5011 5012 5006 5005
f 5012 5013 5007 5006
f 5013 5014 5008 5007
f 5014 5015 5009 5008
f 5015 5016 5010 5009
f 5016 5011 5005 5010
f 5014 5013 5012 5011
f 5016 5015 5014 5011
f 5005 5006 5007 5008
f 5005 5008 5009 5010
f 5023 5024 5018 5017
f 5024 5025 5019 5018
f 5025 5026 5020 5019
f 5026 5027 5021 5020
f 5027 5028 5022 5021
f 5028 5023 5017 5022
f 5026 5025 5024 5023
f 5028 5027 5026 5023
f 5017 5018 5019 5020
f 5017 5020 5021 5022
f 5035 5036 5030 5029
f 5036 5037 5031 5030
f 5037 5038 5032 5031
f 5038 5039 5033 5032
f 5039 5040 5034 5033
f 5040 5035 5029 5034
f 5038 5037 5036 5035
f 5040 5039 5038 5035
f 5029 5030 5031 5032
f 5029 5032 5033 5034
f 5047 5048 5042 5041
f 5048 5049 5043 5042
f 5049 5050 5044 5043
f 5050 5051 5045 5044
f 5051 5052 5046 5045
f 5052 5047 5041 5046
f 5050 5049 5048 5047
f 5052 5051 5050 5047
f 5041 5042 5043 5044
f 5041 5044 5045 5046
f 5059 5060 5054 5053
f 5060 5061 5055 5054
f 5061 5062 5056 5055
f 5062 5063 5057 5056
f 5063 5064 5058 5057
f 5064 5059 5053 5058
f 5062 5061 5060 5059
f 5064 5063 5062 5059
f 5053 5054 5055 5056
f 5053 5056 5057 5058
f 5071 5072 5066 5065
f 5072 5073 5067 5066
f 5073 5074 5068 5067
f 5074 5075 5069 5068
f 5075 5076 5070 5069
f 5076 5071 5065 5070
f 5074 5073 5072 5071
f 5076 5075 5074 5071
f 5065 5066 5067 5068
f 5065 5068 5069 5070
f 5083 5084 5078 5077
f 5084 5085 5079 5078
f 5085 5086 5080 5079
f 5086 5087 5081 5080
f 5087 5088 5082 5081
f 5088 5083 5077 5082
f 5086 5085 5084 5083
f 5088 5087 5086 5083
f 5077 5078 5079 5080
f 5077 5080 5081 5082
f 5095 5096 5090 5089
f 5096 5097 5091 5090
f 5097 5098 5092 5091
f 5098 5099 5093 5092
f 5099 5100 5094 5093
f 5100 5095 5089 5094
f 5098 5097 5096 5095
f 5100 5099 5098 5095
f 5089 5090 5091 5092
f 5089 5092 5093 5094
f 5107 5108 5102 5101
f 5108 5109 5103 5102
f 5109 5110 5104 5103
f 5110 5111 5105 5104
f 5111 5112 5106 5105
f 5112 5107 5101 5106
f 5110 5109 5108 5107
f 5112 5111 5110 5107
f 5101 5102 5103 5104
f 5101 5104 5105 5106
f 5119 5120 5114 5113
f 5120 5121 5115 5114
f 5121 5122 5116 5115
f 5122 5123 5117 5116
f 5123 5124 5118 5117
f 5124 5119 5113 5118
f 5122 5121 5120 5119
f 5124 5123 5122 5119
f 5113 5114 5115 5116
f 5113 5116 5117 5118
f 5131 5132 5126 5125
f 5132 5133 5127 5126
f 5133 5134 5128 5127
f 5134 5135 5129 5128
f 5135 5136 5130 5129
f 5136 5131 5125 5130
f 5134 5133 5132 5131
f 5136 5135 5134 5131
f 5125 5126 5127 5128
f 5125 5128 5129 5130
f 5143 5144 5138 5137
f 5144 5145 5139 5138
f 5145 5146 5140 5139
f 5146 5147 5141 5140
f 5147 5148 5142 5141
f 5148 5143 5137 5142
f 5146 5145 5144 5143
f 5148 5147 5146 5143
f 5137 5138 5139 5140
f 5137 5140 5141 5142
f 5155 5156 5150 5149
f 5156 5157 5151 5150
f 5157 5158 5152 5151
f 5158 5159 5153 5152
f 5159 5160 5154 5153
f 5160 5155 5149 5154
f 5158 5157 5156 5155
f 5160 5159 5158 5155
f 5149 5150 5151 5152
f 5149 5152 5153 5154
f 5167 5168 5162 5161
f 5168 5169 5163 5162
f 5169 5170 5164 5163
f 5170 5171 5165 5164
f 5171 5172 5166 5165
f 5172 5167 5161 5166
f 5170 5169 5168 5167
f 5172 5171 5170 5167
f 5161 5162 5163 5164
f 5161 5164 5165 5166
f 5179 5180 5174 5173
f 5180 5181 5175 5174
f 5181 5182 5176 5175
f 5182 5183 5177 5176
f 5183 5184 5178 5177
f 5184 5179 5173 5178
f 5182 5181 5180 5179
f 5184 5183 5182 5179
f 5173 5174 5175 5176
f 5173 5176 5177 5178
f 5191 5192 5186 5185
f 5192 5193 5187 5186
f 5193 5194 5188 5187
f 5194 5195 5189 5188
f 5195 5196 5190 5189
f 5196 5191 5185 5190
f 5194 5193 5192 5191
f 5196 5195 5194 5191
f 5185 5186 5187 5188
f 5185 5188 5189 5190
f 5203 5204 5198 5197
f 5204 5205 5199 5198
f 5205 5206 5200 5199
f 5206 5207 5201 5200
f 5207 5208 5202 5201
f 5208 5203 5197 5202
f 5206 5205 5204 5203
f 5208 5207 5206 5203
f 5197 5198 5199 5200
f 5197 5200 5201 5202
f 5215 5216 5210 5209
f 5216 5217 5211 5210
f 5217 5218 5212 5211
f 5218 5219 5213 5212
f 5219 5220 5214 5213
f 5220 5215 5209 5214
f 5218 5217 5216 5215
f 5220 5219 5218 5215
f 5209 5210 5211 5212
f 5209 5212 5213 5214
f 5227 5228 5222 5221
f 5228 5229 5223 5222
f 5229 5230 5224 5223
f 5230 5231 5225 5224
f 5231 5232 5226 5225
f 5232 5227 5221 5226
f 5230 5229 5228 5227
f 5232 5231 5230 5227
f 5221 5222 5223 5224
f 5221 5224 5225 5226
f 5239 5240 5234 5233
f 5240 5241 5235 5234
f 5241 5242 5236 5235
f 5242 5243 5237 5236
f 5243 5244 5238 5237
f 5244 5239 5233 5238
f 5242 5241 5240 5239
f 5244 5243 5242 5239
f 5233 5234 5235 5236
f 5233 5236 5237 5238
f 5251 5252 5246 5245
f 5252 5253 5247 5246
f 5253 5254 5248 5247
f 5254 5255 5249 5248
f 5255 5256 5250 5249
f 5256 5251 5245 5250
f 5254 5253 5252 5251
f 5256 5255 5254 5251
f 5245 5246 5247 5248
f 5245 5248 5249 5250
f 5263 5264 5258 5257
f 5264 5265 5259 5258
f 5265 5266 5260 5259
f 5266 5267 5261 5260
f 5267 5268 5262 5261
f 5268 5263 5257 5262
f 5266 5265 5264 5263
f 5268 5267 5266 5263
f 5257 5258 5259 5260
f 5257 5260 5261 5262
f 5275 5276 5270 5269
f 5276 5277 5271 5270
f 5277 5278 5272 5271
f 5278 5279 5273 5272
f 5279 5280 5274 5273
f 5280 5275 5269 5274
f 5278 5277 5276 5275
f 5280 5279 5278 5275
f 5269 5270 5271 5272
f 5269 5272 5273 5274
f 5287 5288 5282 5281
f 5288 5289 5283 5282
f 5289 5290 5284 5283
f 5290 5291 5285 5284
f 5291 5292 5286 5285
f 5292 5287 5281 5286
f 5290 5289 5288 5287
f 5292 5291 5290 5287
f 5281 5282 5283 5284
f 5281 5284 5285 5286
f 5299 5300 5294 5293
f 5300 5301 5295 5294
f 5301 5302 5296 5295
f 5302 5303 5297 5296
f 5303 5304 5298 5297
f 5304 5299 5293 5298
f 5302 5301 5300 5299
f 5304 5303 5302 5299
f 5293 5294 5295 5296
f 5293 5296 5297 5298
f 5311 5312 5306 5305
f 5312 5313 5307 5306
f 5313 5314 5308 5307
f 5314 5315 5309 5308
f 5315 5316 5310 5309
f 5316 5311 5305 5310
f 5314 5313 5312 5311
f 5316 5315 5314 5311
f 5305 5306 5307 5308
f 5305 5308 5309 5310
f 5323 5324 5318 5317
f 5324 5325 5319 5318
f 5325 5326 5320 5319
f 5326 5327 5321 5320
f 5327 5328 5322 5321
f 5328 5323 5317 5322
f 5326 5325 5324 5323
f 5328 5327 5326 5323
f 5317 5318 5319 5320
f 5317 5320 5321 5322
f 5335 5336 5330 5329
f 5336 5337 5331 5330
f 5337 5338 5332 5331
f 5338 5339 5333 5332
f 5339 5340 5334 5333
f 5340 5335 5329 5334
f 5338 5337 5336 5335
f 5340 5339 5338 5335
f 5329 5330 5331 5332
f 5329 5332 5333 5334
f 5347 5348 5342 5341
f 5348 5349 5343 5342
f 5349 5350 5344 5343
f 5350 5351 5345 5344
f 5351 5352 5346 5345
f 5352 5347 5341 5346
f 5350 5349 5348 5347
f 5352 5351 5350 5347
f 5341 5342 5343 5344
f 5341 5344 5345 5346
f 5359 5360 5354 5353
f 5360 5361 5355 5354
f 5361 5362 5356 5355
f 5362 5363 5357 5356
f 5363 5364 5358 5357
f 5364 5359 5353 5358
f 5362 5361 5360 5359
f 5364 5363 5362 5359
f 5353 5354 5355 5356
f 5353 5356 5357 5358
f 5371 5372 5366 5365
f 5372 5373 5367 5366
f 5373 5374 5368 5367
f 5374 5375 5369 5368
f 5375 5376 5370 5369
f 5376 5371 5365 5370
f 5374 5373 5372 5371
f 5376 5375 5374 5371
f 5365 5366 5367 5368
f 5365 5368 5369 5370
f 5383 5384 5378 5377
f 5384 5385 5379 5378
f 5385 5386 5380 5379
f 5386 5387 5381 5380
f 5387 5388 5382 5381
f 5388 5383 5377 5382
f 5386 5385 5384 5383
f 5388 5387 5386 5383
f 5377 5378 5379 5380
f 5377 5380 5381 5382
f 5395 5396 5390 5389
f 5396 5397 5391 5390
f 5397 5398 5392 5391
f 5398 5399 5393 5392
f 5399 5400 5394 5393
f 5400 5395 5389 5394
f 5398 5397 5396 5395
f 5400 5399 5398 5395
f 5389 5390 5391 5392
f 5389 5392 5393 5394
f 5407 5408 5402 5401
f 5408 5409 5403 5402
f 5409 5410 5404 5403
f 5410 5411 5405 5404
f 5411 5412 5406 5405
f 5412 5407 5401 5406
f 5410 5409 5408 5407
f 5412 5411 5410 5407
f 5401 5402 5403 5404
f 5401 5404 5405 5406
f 5419 5420 5414 5413
f 5420 5421 5415 5414
f 5421 5422 5416 5415
f 5422 5423 5417 5416
f 5423 5424 5418 5417
f 5424 5419 5413 5418
f 5422 5421 5420 5419
f 5424 5423 5422 5419
f 5413 5414 5415 5416
f 5413 5416 5417 5418
f 5431 5432 5426 5425
f 5432 5433 5427 5426
f 5433 5434 5428 5427
f 5434 5435 5429 5428
f 5435 5436 5430 5429
f 5436 5431 5425 5430
f 5434 5433 5432 5431
f 5436 5435 5434 5431
f 5425 5426 5427 5428
f 5425 5428 5429 5430
f 5443 5444 5438 5437
f 5444 5445 5439 5438
f 5445 5446 5440 5439
f 5446 5447 5441 5440
f 5447 5448 5442 5441
f 5448 5443 5437 5442
f 5446 5445 5444 5443
f 5448 5447 5446 5443
f 5437 5438 5439 5440
f 5437 5440 5441 5442
f 5455 5456 5450 5449
f 5456 5457 5451 5450
f 5457 5458 5452 5451
f 5458 5459 5453 5452
f 5459 5460 5454 5453
f 5460 5455 5449 5454
f 5458 5457 5456 5455
f 5460 5459 5458 5455
f 5449 5450 5451 5452
f 5449 5452 5453 5454
f 5467 5468 5462 5461
f 5468 5469 5463 5462
f 5469 5470 5464 5463
f 5470 5471 5465 5464
f 5471 5472 5466 5465
f 5472 5467 5461 5466
f 5470 5469 5468 5467
f 5472 5471 5470 5467
f 5461 5462 5463 5464
f 5461 5464 5465 5466
f 5479 5480 5474 5473
f 5480 5481 5475 5474
f 5481 5482 5476 5475
f 5482 5483 5477 5476
f 5483 5484 5478 5477
f 5484 5479 5473 5478
f 5482 5481 5480 5479
f 5484 5483 5482 5479
f 5473 5474 5475 5476
f 5473 5476 5477 5478
f 5491 5492 5486 5485
f 5492 5493 5487 5486
f 5493 5494 5488 5487
f 5494 5495 5489 5488
f 5495 5496 5490 5489
f 5496 5491 5485 5490
f 5494 5493 5492 5491
f 5496 5495 5494 5491
f 5485 5486 5487 5488
f 5485 5488 5489 5490
f 5503 5504 5498 5497
f 5504 5505 5499 5498
f 5505 5506 5500 5499
f 5506 5507 5501 5500
f 5507 5508 5502 5501
f 5508 5503 5497 5502
f 5506 5505 5504 5503
f 5508 5507 5506 5503
f 5497 5498 5499 5500
f 5497 5500 5501 5502
f 5515 5516 5510 5509
f 5516 5517 5511 5510
f 5517 5518 5512 5511
f 5518 5519 5513 5512
f 5519 5520 5514 5513
f 5520 5515 5509 5514
f 5518 5517 5516 5515
f 5520 5519 5518 5515
f 5509 5510 5511 5512
f 5509 5512 5513 5514
f 5527 5528 5522 5521
f 5528 5529 5523 5522
f 5529 5530 5524 5523
f 5530 5531 5525 5524
f 5531 5532 5526 5525
f 5532 5527 5521 5526
f 5530 5529 5528 5527
f 5532 5531 5530 5527
f 5521 5522 5523 5524
f 5521 5524 5525 5526
f 5539 5540 5534 5533
f 5540 5541 5535 5534
f 5541 5542 5536 5535
f 5542 5543 5537 5536
f 5543 5544 5538 5537
f 5544 5539 5533 5538
f 5542 5541 5540 5539
f 5544 5543 5542 5539
f 5533 5534 5535 5536
f 5533 5536 5537 5538
f 5551 5552 5546 5545
f 5552 5553 5547 5546
f 5553 5554 5548 5547
f 5554 5555 5549 5548
f 5555 5556 5550 5549
f 5556 5551 5545 5550
f 5554 5553 5552 5551
f 5556 5555 5554 5551
f 5545 5546 5547 5548
f 5545 5548 5549 5550
f 5563 5564 5558 5557
f 5564 5565 5559 5558
f 5565 5566 5560 5559
f 5566 5567 5561 5560
f 5567 5568 5562 5561
f 5568 5563 5557 5562
f 5566 5565 5564 5563
f 5568 5567 5566 5563
f 5557 5558 5559 5560
f 5557 5560 5561 5562
f 5575 5576 5570 5569
f 5576 5577 5571 5570
f 5577 5578 5572 5571
f 5578 5579 5573 5572
f 5579 5580 5574 5573
f 5580 5575 5569 5574
f 5578 5577 5576 5575
f 5580 5579 5578 5575
f 5569 5570 5571 5572
f 5569 5572 5573 5574
f 5587 5588 5582 5581
f 5588 5589 5583 5582
f 5589 5590 5584 5583
f 5590 5591 5585 5584
f 5591 5592 5586 5585
f 5592 5587 5581 5586
f 5590 5589 5588 5587
f 5592 5591 5590 5587
f 5581 5582 5583 5584
f 5581 5584 5585 5586
f 5599 5600 5594 5593
f 5600 5601 5595 5594
f 5601 5602 5596 5595
f 5602 5603 5597 5596
f 5603 5604 5598 5597
f 5604 5599 5593 5598
f 5602 5601 5600 5599
f 5604 5603 5602 5599
f 5593 5594 5595 5596
f 5593 5596 5597 5598
f 5611 5612 5606 5605
f 5612 5613 5607 5606
f 5613 5614 5608 5607
f 5614 5615 5609 5608
f 5615 5616 5610 5609
f 5616 5611 5605 5610
f 5614 5613 5612 5611
f 5616 5615 5614 5611
f 5605 5606 5607 5608
f 5605 5608 5609 5610
f 5623 5624 5618 5617
f 5624 5625 5619 5618
f 5625 5626 5620 5619
f 5626 5627 5621 5620
f 5627 5628 5622 5621
f 5628 5623 5617 5622
f 5626 5625 5624 5623
f 5628 5627 5626 5623
f 5617 5618 5619 5620
f 5617 5620 5621 5622
f 5635 5636 5630 5629
f 5636 5637 5631 5630
f 5637 5638 5632 5631
f 5638 5639 5633 5632
f 5639 5640 5634 5633
f 5640 5635 5629 5634
f 5638 5637 5636 5635
f 5640 5639 5638 5635
f 5629 5630 5631 5632
f 5629 5632 5633 5634
f 5647 5648 5642 5641
f 5648 5649 5643 5642
f 5649 5650 5644 5643
f 5650 5651 5645 5644
f 5651 5652 5646 5645
f 5652 5647 5641 5646
f 5650 5649 5648 5647
f 5652 5651 5650 5647
f 5641 5642 5643 5644
f 5641 5644 5645 5646
f 5659 5660 5654 5653
f 5660 5661 5655 5654
f 5661 5662 5656 5655
f 5662 5663 5657 5656
f 5663 5664 5658 5657
f 5664 5659 5653 5658
f 5662 5661 5660 5659
f 5664 5663 5662 5659
f 5653 5654 5655 5656
f 5653 5656 5657 5658
f 5671 5672 5666 5665
f 5672 5673 5667 5666
f 5673 5674 5668 5667
f 5674 5675 5669 5668
f 5675 5676 5670 5669
f 5676 5671 5665 5670
f 5674 5673 5672 5671
f 5676 5675 5674 5671
f 5665 5666 5667 5668
f 5665 5668 5669 5670
f 5683 5684 5678 5677
f 5684 5685 5679 5678
f 5685 5686 5680 5679
f 5686 5687 5681 5680
f 5687 5688 5682 5681
f 5688 5683 5677 5682
f 5686 5685 5684 5683
f 5688 5687 5686 5683
f 5677 5678 5679 5680
f 5677 5680 5681 5682
f 5695 5696 5690 5689
f 5696 5697 5691 5690
f 5697 5698 5692 5691
f 5698 5699 5693 5692
f 5699 5700 5694 5693
f 5700 5695 5689 5694
f 5698 5697 5696 5695
f 5700 5699 5698 5695
f 5689 5690 5691 5692
f 5689 5692 5693 5694
f 5707 5708 5702 5701
f 5708 5709 5703 5702
f 5709 5710 5704 5703
f 5710 5711 5705 5704
f 5711 5712 5706 5705
f 5712 5707 5701 5706
f 5710 5709 5708 5707
f 5712 5711 5710 5707
f 5701 5702 5703 5704
f 5701 5704 5705 5706
f 5719 5720 5714 5713
f 5720 5721 5715 5714
f 5721 5722 5716 5715
f 5722 5723 5717 5716
f 5723 5724 5718 5717
f 5724 5719 5713 5718
f 5722 5721 5720 5719
f 5724 5723 5722 5719
f 5713 5714 5715 5716
f 5713 5716 5717 5718
f 5731 5732 5726 5725
f 5732 5733 5727 5726
f 5733 5734 5728 5727
f 5734 5735 5729 5728
f 5735 5736 5730 5729
f 5736 5731 5725 5730
f 5734 5733 5732 5731
f 5736 5735 5734 5731
f 5725 5726 5727 5728
f 5725 5728 5729 5730
f 5743 5744 5738 5737
f 5744 5745 5739 5738
f 5745 5746 5740 5739
f 5746 5747 5741 5740
f 5747 5748 5742 5741
f 5748 5743 5737 5742
f 5746 5745 5744 5743
f 5748 5747 5746 5743
f 5737 5738 5739 5740
f 5737 5740 5741 5742
f 5755 5756 5750 5749
f 5756 5757 5751 5750
f 5757 5758 5752 5751
f 5758 5759 5753 5752
f 5759 5760 5754 5753
f 5760 5755 5749 5754
f 5758 5757 5756 5755
f 5760 5759 5758 5755
f 5749 5750 5751 5752
f 5749 5752 5753 5754
f 5767 5768 5762 5761
f 5768 5769 5763 5762
f 5769 5770 5764 5763
f 5770 5771 5765 5764
f 5771 5772 5766 5765
f 5772 5767 5761 5766
f 5770 5769 5768 5767
f 5772 5771 5770 5767
f 5761 5762 5763 5764
f 5761 5764 5765 5766
f 5779 5780 5774 5773
f 5780 5781 5775 5774
f 5781 5782 5776 5775
f 5782 5783 5777 5776
f 5783 5784 5778 5777
f 5784 5779 5773 5778
f 5782 5781 5780 5779
f 5784 5783 5782 5779
f 5773 5774 5775 5776
f 5773 5776 5777 5778
f 5791 5792 5786 5785
f 5792 5793 5787 5786
f 5793 5794 5788 5787
f 5794 5795 5789 5788
f 5795 5796 5790 5789
f 5796 5791 5785 5790
f 5794 5793 5792 5791
f 5796 5795 5794 5791
f 5785 5786 5787 5788
f 5785 5788 5789 5790
f 5803 5804 5798 5797
f 5804 5805 5799 5798
f 5805 5806 5800 5799
f 5806 5807 5801 5800
f 5807 5808 5802 5801
f 5808 5803 5797 5802
f 5806 5805 5804 5803
f 5808 5807 5806 5803
f 5797 5798 5799 5800
f 5797 5800 5801 5802
f 5815 5816 5810 5809
f 5816 5817 5811 5810
f 5817 5818 5812 5811
f 5818 5819 5813 5812
f 5819 5820 5814 5813
f 5820 5815 5809 5814
f 5818 5817 5816 5815
f 5820 5819 5818 5815
f 5809 5810 5811 5812
f 5809 5812 5813 5814
f 5827 5828 5822 5821
f 5828 5829 5823 5822
f 5829 5830 5824 5823
f 5830 5831 5825 5824
f 5831 5832 5826 5825
f 5832 5827 5821 5826
f 5830 5829 5828 5827
f 5832 5831 5830 5827
f 5821 5822 5823 5824
f 5821 5824 5825 5826
f 5839 5840 5834 5833
f 5840 5841 5835 5834
f 5841 5842 5836 5835
f 5842 5843 5837 5836
f 5843 5844 5838 5837
f 5844 5839 5833 5838
f 5842 5841 5840 5839
f 5844 5843 5842 5839
f 5833 5834 5835 5836
f 5833 5836 5837 5838
f 5851 5852 5846 5845
f 5852 5853 5847 5846
f 5853 5854 5848 5847
f 5854 5855 5849 5848
f 5855 5856 5850 5849
f 5856 5851 5845 5850
f 5854 5853 5852 5851
f 5856 5855 5854 5851
f 5845 5846 5847 5848
f 5845 5848 5849 5850
f 5863 5864 5858 5857
f 5864 5865 5859 5858
f 5865 5866 5860 5859
f 5866 5867 5861 5860
f 5867 5868 5862 5861
f 5868 5863 5857 5862
f 5866 5865 5864 5863
f 5868 5867 5866 5863
f 5857 5858 5859 5860
f 5857 5860 5861 5862
f 5875 5876 5870 5869
f 5876 5877 5871 5870
f 5877 5878 5872 5871
f 5878 5879 5873 5872
f 5879 5880 5874 5873
f 5880 5875 5869 5874
f 5878 5877 5876 5875
f 5880 5879 5878 5875
f 5869 5870 5871 5872
f 5869 5872 5873 5874
f 5887 5888 5882 5881
f 5888 5889 5883 5882
f 5889 5890 5884 5883
f 5890 5891 5885 5884
f 5891 5892 5886 5885
f 5892 5887 5881 5886
f 5890 5889 5888 5887
f 5892 5891 5890 5887
f 5881 5882 5883 5884
f 5881 5884 5885 5886
f 5899 5900 5894 5893
f 5900 5901 5895 5894
f 5901 5902 5896 5895
f 5902 5903 5897 5896
f 5903 5904 5898 5897
f 5904 5899 5893 5898
f 5902 5901 5900 5899
f 5904 5903 5902 5899
f 5893 5894 5895 5896
f 5893 5896 5897 5898
f 5911 5912 5906 5905
f 5912 5913 5907 5906
f 5913 5914 5908 5907
f 5914 5915 5909 5908
f 5915 5916 5910 5909
f 5916 5911 5905 5910
f 5914 5913 5912 5911
f 5916 5915 5914 5911
f 5905 5906 5907 5908
f 5905 5908 5909 5910
f 5923 5924 5918 5917
f 5924 5925 5919 5918
f 5925 5926 5920 5919
f 5926 5927 5921 5920
f 5927 5928 5922 5921
f 5928 5923 5917 5922
f 5926 5925 5924 5923
f 5928 5927 5926 5923
f 5917 5918 5919 5920
f 5917 5920 5921 5922
f 5935 5936 5930 5929
f 5936 5937 5931 5930
f 5937 5938 5932 5931
f 5938 5939 5933 5932
f 5939 5940 5934 5933
f 5940 5935 5929 5934
f 5938 5937 5936 5935
f 5940 5939 5938 5935
f 5929 5930 5931 5932
f 5929 5932 5933 5934
f 5947 5948 5942 5941
f 5948 5949 5943 5942
f 5949 5950 5944 5943
f 5950 5951 5945 5944
f 5951 5952 5946 5945
f 5952 5947 5941 5946
f 5950 5949 5948 5947
f 5952 5951 5950 5947
f 5941 5942 5943 5944
f 5941 5944 5945 5946
f 5959 5960 5954 5953
f 5960 5961 5955 5954
f 5961 5962 5956 5955
f 5962 5963 5957 5956
f 5963 5964 5958 5957
f 5964 5959 5953 5958
f 5962 5961 5960 5959
f 5964 5963 5962 5959
f 5953 5954 5955 5956
f 5953 5956 5957 5958
f 5971 5972 5966 5965
f 5972 5973 5967 5966
f 5973 5974 5968 5967
f 5974 5975 5969 5968
f 5975 5976 5970 5969
f 5976 5971 5965 5970
f 5974 5973 5972 5971
f 5976 5975 5974 5971
f 5965 5966 5967 5968
f 5965 5968 5969 5970
f 5983 5984 5978 5977
f 5984 5985 5979 5978
f 5985 5986 5980 5979
f 5986 5987 5981 5980
f 5987 5988 5982 5981
f 5988 5983 5977 5982
f 5986 5985 5984 5983
f 5988 5987 5986 5983
f 5977 5978 5979 5980
f 5977 5980 5981 5982
f 5995 5996 5990 5989
f 5996 5997 5991 5990
f 5997 5998 5992 5991
f 5998 5999 5993 5992
f 5999 6000 5994 5993
f 6000 5995 5989 5994
f 5998 5997 5996 5995
f 6000 5999 5998 5995
f 5989 5990 5991 5992
f 5989 5992 5993 5994
f 6007 6008 6002 6001
f 6008 6009 6003 6002
f 6009 6010 6004 6003
f 6010 6011 6005 6004
f 6011 6012 6006 6005
f 6012 6007 6001 6006
f 6010 6009 6008 6007
f 6012 6011 6010 6007
f 6001 6002 6003 6004
f 6001 6004 6005 6006
f 6019 6020 6014 6013
f 6020 6021 6015 6014
f 6021 6022 6016 6015
f 6022 6023 6017 6016
f 6023 6024 6018 6017
f 6024 6019 6013 6018
f 6022 6021 6020 6019
f 6024 6023 6022 6019
f 6013 6014 6015 6016
f 6013 6016 6017 6018
f 6031 6032 6026 6025
f 6032 6033 6027 6026
f 6033 6034 6028 6027
f 6034 6035 6029 6028
f 6035 6036 6030 6029
f 6036 6031 6025 6030
f 6034 6033 6032 6031
f 6036 6035 6034 6031
f 6025 6026 6027 6028
f 6025 6028 6029 6030
f 6043 6044 6038 6037
f 6044 6045 6039 6038
f 6045 6046 6040 6039
f 6046 6047 6041 6040
f 6047 6048 6042 6041
f 6048 6043 6037 6042
f 6046 6045 6044 6043
f 6048 6047 6046 6043
f 6037 6038 6039 6040
f 6037 6040 6041 6042
f 6055 6056 6050 6049
f 6056 6057 6051 6050
f 6057 6058 6052 6051
f 6058 6059 6053 6052
f 6059 6060 6054 6053
f 6060 6055 6049 6054
f 6058 6057 6056 6055
f 6060 6059 6058 6055
f 6049 6050 6051 6052
f 6049 6052 6053 6054
f 6067 6068 6062 6061
f 6068 6069 6063 6062
f 6069 6070 6064 6063
f 6070 6071 6065 6064
f 6071 6072 6066 6065
f 6072 6067 6061 6066
f 6070 6069 6068 6067
f 6072 6071 6070 6067
f 6061 6062 6063 6064
f 6061 6064 6065 6066
f 6079 6080 6074 6073
f 6080 6081 6075 6074
f 6081 6082 6076 6075
f 6082 6083 6077 6076
f 6083 6084 6078 6077
f 6084 6079 6073 6078
f 6082 6081 6080 6079
f 6084 6083 6082 6079
f 6073 6074 6075 6076
f 6073 6076 6077 6078
f 6091 6092 6086 6085
f 6092 6093 6087 6086
f 6093 6094 6088 6087
f 6094 6095 6089 6088
f 6095 6096 6090 6089
f 6096 6091 6085 6090
f 6094 6093 6092 6091
f 6096 6095 6094 6091
f 6085 6086 6087 6088
f 6085 6088 6089 6090
f 6103 6104 6098 6097
f 6104 6105 6099 6098
f 6105 6106 6100 6099
f 6106 6107 6101 6100
f 6107 6108 6102 6101
f 6108 6103 6097 6102
f 6106 6105 6104 6103
f 6108 6107 6106 6103
f 6097 6098 6099 6100
f 6097 6100 6101 6102
f 6115 6116 6110 6109
f 6116 6117 6111 6110
f 6117 6118 6112 6111
f 6118 6119 6113 6112
f 6119 6120 6114 6113
f 6120 6115 6109 6114
f 6118 6117 6116 6115
f 6120 6119 6118 6115
f 6109 6110 6111 6112
f 6109 6112 6113 6114
f 6127 6128 6122 6121
f 6128 6129 6123 6122
f 6129 6130 6124 6123
f 6130 6131 6125 6124
f 6131 6132 6126 6125
f 6132 6127 6121 6126
f 6130 6129 6128 6127
f 6132 6131 6130 6127
f 6121 6122 6123 6124
f 6121 6124 6125 6126
f 6139 6140 6134 6133
f 6140 6141 6135 6134
f 6141 6142 6136 6135
f 6142 6143 6137 6136
f 6143 6144 6138 6137
f 6144 6139 6133 6138
f 6142 6141 6140 6139
f 6144 6143 6142 6139
f 6133 6134 6135 6136
f 6133 6136 6137 6138
f 6151 6152 6146 6145
f 6152 6153 6147 6146
f 6153 6154 6148 6147
f 6154 6155 6149 6148
f 6155 6156 6150 6149
f 6156 6151 6145 6150
f 6154 6153 6152 6151
f 6156 6155 6154 6151
f 6145 6146 6147 6148
f 6145 6148 6149 6150
f 6163 6164 6158 6157
f 6164 6165 6159 6158
f 6165 6166 6160 6159
f 6166 6167 6161 6160
f 6167 6168 6162 6161
f 6168 6163 6157 6162
f 6166 6165 6164 6163
f 6168 6167 6166 6163
f 6157 6158 6159 6160
f 6157 6160 6161 6162
f 6175 6176 6170 6169
f 6176 6177 6171 6170
f 6177 6178 6172 6171
f 6178 6179 6173 6172
f 6179 6180 6174 6173
f 6180 6175 6169 6174
f 6178 6177 6176 6175
f 6180 6179 6178 6175
f 6169 6170 6171 6172
f 6169 6172 6173 6174
f 6187 6188 6182 6181
f 6188 6189 6183 6182
f 6189 6190 6184 6183
f 6190 6191 6185 6184
f 6191 6192 6186 6185
f 6192 6187 6181 6186
f 6190 6189 6188 6187
f 6192 6191 6190 6187
f 6181 6182 6183 6184
f 6181 6184 6185 6186
f 6199 6200 6194 6193
f 6200 6201 6195 6194
f 6201 6202 6196 6195
f 6202 6203 6197 6196
f 6203 6204 6198 6197
f 6204 6199 6193 6198
f 6202 6201 6200 6199
f 6204 6203 6202 6199
f 6193 6194 6195 6196
f 6193 6196 6197 6198
f 6211 6212 6206 6205
f 6212 6213 6207 6206
f 6213 6214 6208 6207
f 6214 6215 6209 6208
f 6215 6216 6210 6209
f 6216 6211 6205 6210
f 6214 6213 6212 6211
f 6216 6215 6214 6211
f 6205 6206 6207 6208
f 6205 6208 6209 6210
f 6223 6224 6218 6217
f 6224 6225 6219 6218
f 6225 6226 6220 6219
f 6226 6227 6221 6220
f 6227 6228 6222 6221
f 6228 6223 6217 6222
f 6226 6225 6224 6223
f 6228 6227 6226 6223
f 6217 6218 6219 6220
f 6217 6220 6221 6222
f 6235 6236 6230 6229
f 6236 6237 6231 6230
f 6237 6238 6232 6231
f 6238 6239 6233 6232
f 6239 6240 6234 6233
f 6240 6235 6229 6234
f 6238 6237 6236 6235
f 6240 6239 6238 6235
f 6229 6230 6231 6232
f 6229 6232 6233 6234
f 6247 6248 6242 6241
f 6248 6249 6243 6242
f 6249 6250 6244 6243
f 6250 6251 6245 6244
f 6251 6252 6246 6245
f 6252 6247 6241 6246
f 6250 6249 6248 6247
f 6252 6251 6250 6247
f 6241 6242 6243 6244
f 6241 6244 6245 6246
f 6259 6260 6254 6253
f 6260 6261 6255 6254
f 6261 6262 6256 6255
f 6262 6263 6257 6256
f 6263 6264 6258 6257
f 6264 6259 6253 6258
f 6262 6261 6260 6259
f 6264 6263 6262 6259
f 6253 6254 6255 6256
f 6253 6256 6257 6258
f 6271 6272 6266 6265
f 6272 6273 6267 6266
f 6273 6274 6268 6267
f 6274 6275 6269 6268
f 6275 6276 6270 6269
f 6276 6271 6265 6270
f 6274 6273 6272 6271
f 6276 6275 6274 6271
f 6265 6266 6267 6268
f 6265 6268 6269 6270
f 6283 6284 6278 6277
f 6284 6285 6279 6278
f 6285 6286 6280 6279
f 6286 6287 6281 6280
f 6287 6288 6282 6281
f 6288 6283 6277 6282
f 6286 6285 6284 6283
f 6288 6287 6286 6283
f 6277 6278 6279 6280
f 6277 6280 6281 6282
f 6295 6296 6290 6289
f 6296 6297 6291 6290
f 6297 6298 6292 6291
f 6298 6299 6293 6292
f 6299 6300 6294 6293
f 6300 6295 6289 6294
f 6298 6297 6296 6295
f 6300 6299 6298 6295
f 6289 6290 6291 6292
f 6289 6292 6293 6294
f 6307 6308 6302 6301
f 6308 6309 6303 6302
f 6309 6310 6304 6303
f 6310 6311 6305 6304
f 6311 6312 6306 6305
f 6312 6307 6301 6306
f 6310 6309 6308 6307
f 6312 6311 6310 6307
f 6301 6302 6303 6304
f 6301 6304 6305 6306
f 6319 6320 6314 6313
f 6320 6321 6315 6314
f 6321 6322 6316 6315
f 6322 6323 6317 6316
f 6323 6324 6318 6317
f 6324 6319 6313 6318
f 6322 6321 6320 6319
f 6324 6323 6322 6319
f 6313 6314 6315 6316
f 6313 6316 6317 6318
f 6331 6332 6326 6325
f 6332 6333 6327 6326
f 6333 6334 6328 6327
f 6334 6335 6329 6328
f 6335 6336 6330 6329
f 6336 6331 6325 6330
f 6334 6333 6332 6331
f 6336 6335 6334 6331
f 6325 6326 6327 6328
f 6325 6328 6329 6330
f 6343 6344 6338 6337
f 6344 6345 6339 6338
f 6345 6346 6340 6339
f 6346 6347 6341 6340
f 6347 6348 6342 6341
f 6348 6343 6337 6342
f 6346 6345 6344 6343
f 6348 6347 6346 6343
f 6337 6338 6339 6340
f 6337 6340 6341 6342
f 6355 6356 6350 6349
f 6356 6357 6351 6350
f 6357 6358 6352 6351
f 6358 6359 6353 6352
f 6359 6360 6354 6353
f 6360 6355 6349 6354
f 6358 6357 6356 6355
f 6360 6359 6358 6355
f 6349 6350 6351 6352
f 6349 6352 6353 6354
f 6367 6368 6362 6361
f 6368 6369 6363 6362
f 6369 6370 6364 6363
f 6370 6371 6365 6364
f 6371 6372 6366 6365
f 6372 6367 6361 6366
f 6370 6369 6368 6367
f 6372 6371 6370 6367
f 6361 6362 6363 6364
f 6361 6364 6365 6366
f 6379 6380 6374 6373
f 6380 6381 6375 6374
f 6381 6382 6376 6375
f 6382 6383 6377 6376
f 6383 6384 6378 6377
f 6384 6379 6373 6378
f 6382 6381 6380 6379
f 6384 6383 6382 6379
f 6373 6374 6375 6376
f 6373 6376 6377 6378
f 6391 6392 6386 6385
f 6392 6393 6387 6386
f 6393 6394 6388 6387
f 6394 6395 6389 6388
f 6395 6396 6390 6389
f 6396 6391 6385 6390
f 6394 6393 6392 6391
f 6396 6395 6394 6391
f 6385 6386 6387 6388
f 6385 6388 6389 6390
f 6403 6404 6398 6397
f 6404 6405 6399 6398
f 6405 6406 6400 6399
f 6406 6407 6401 6400
f 6407 6408 6402 6401
f 6408 6403 6397 6402
f 6406 6405 6404 6403
f 6408 6407 6406 6403
f 6397 6398 6399 6400
f 6397 6400 6401 6402
f 6415 6416 6410 6409
f 6416 6417 6411 6410
f 6417 6418 6412 6411
f 6418 6419 6413 6412
f 6419 6420 6414 6413
f 6420 6415 6409 6414
f 6418 6417 6416 6415
f 6420 6419 6418 6415
f 6409 6410 6411 6412
f 6409 6412 6413 6414
f 6427 6428 6422 6421
f 6428 6429 6423 6422
f 6429 6430 6424 6423
f 6430 6431 6425 6424
f 6431 6432 6426 6425
f 6432 6427 6421 6426
f 6430 6429 6428 6427
f 6432 6431 6430 6427
f 6421 6422 6423 6424
f 6421 6424 6425 6426
f 6439 6440 6434 6433
f 6440 6441 6435 6434
f 6441 6442 6436 6435
f 6442 6443 6437 6436
f 6443 6444 6438 6437
f 6444 6439 6433 6438
f 6442 6441 6440 6439
f 6444 6443 6442 6439
f 6433 6434 6435 6436
f 6433 6436 6437 6438
f 6451 6452 6446 6445
f 6452 6453 6447 6446
f 6453 6454 6448 6447
f 6454 6455 6449 6448
f 6455 6456 6450 6449
f 6456 6451 6445 6450
f 6454 6453 6452 6451
f 6456 6455 6454 6451
f 6445 6446 6447 6448
f 6445 6448 6449 6450
f 6463 6464 6458 6457
f 6464 6465 6459 6458
f 6465 6466 6460 6459
f 6466 6467 6461 6460
f 6467 6468 6462 6461
f 6468 6463 6457 6462
f 6466 6465 6464 6463
f 6468 6467 6466 6463
f 6457 6458 6459 6460
f 6457 6460 6461 6462
f 6475 6476 6470 6469
f 6476 6477 6471 6470
f 6477 6478 6472 6471
f 6478 6479 6473 6472
f 6479 6480 6474 6473
f 6480 6475 6469 6474
f 6478 6477 6476 6475
f 6480 6479 6478 6475
f 6469 6470 6471 6472
f 6469 6472 6473 6474
f 6487 6488 6482 6481
f 6488 6489 6483 6482
f 6489 6490 6484 6483
f 6490 6491 6485 6484
f 6491 6492 6486 6485
f 6492 6487 6481 6486
f 6490 6489 6488 6487
f 6492 6491 6490 6487
f 6481 6482 6483 6484
f 6481 6484 6485 6486
f 6499 6500 6494 6493
f 6500 6501 6495 6494
f 6501 6502 6496 6495
f 6502 6503 6497 6496
f 6503 6504 6498 6497
f 6504 6499 6493 6498
f 6502 6501 6500 6499
f 6504 6503 6502 6499
f 6493 6494 6495 6496
f 6493 6496 6497 6498
f 6511 6512 6506 6505
f 6512 6513 6507 6506
f 6513 6514 6508 6507
f 6514 6515 6509 6508
f 6515 6516 6510 6509
f 6516 6511 6505 6510
f 6514 6513 6512 6511
f 6516 6515 6514 6511
f 6505 6506 6507 6508
f 6505 6508 6509 6510
f 6523 6524 6518 6517
f 6524 6525 6519 6518
f 6525 6526 6520 6519
f 6526 6527 6521 6520
f 6527 6528 6522 6521
f 6528 6523 6517 6522
f 6526 6525 6524 6523
f 6528 6527 6526 6523
f 6517 6518 6519 6520
f 6517 6520 6521 6522
f 6535 6536 6530 6529
f 6536 6537 6531 6530
f 6537 6538 6532 6531
f 6538 6539 6533 6532
f 6539 6540 6534 6533
f 6540 6535 6529 6534
f 6538 6537 6536 6535
f 6540 6539 6538 6535
f 6529 6530 6531 6532
f 6529 6532 6533 6534
f 6547 6548 6542 6541
f 6548 6549 6543 6542
f 6549 6550 6544 6543
f 6550 6551 6545 6544
f 6551 6552 6546 6545
f 6552 6547 6541 6546
f 6550 6549 6548 6547
f 6552 6551 6550 6547
f 6541 6542 6543 6544
f 6541 6544 6545 6546
f 6559 6560 6554 6553
f 6560 6561 6555 6554
f 6561 6562 6556 6555
f 6562 6563 6557 6556
f 6563 6564 6558 6557
f 6564 6559 6553 6558
f 6562 6561 6560 6559
f 6564 6563 6562 6559
f 6553 6554 6555 6556
f 6553 6556 6557 6558
f 6571 6572 6566 6565
f 6572 6573 6567 6566
f 6573 6574 6568 6567
f 6574 6575 6569 6568
f 6575 6576 6570 6569
f 6576 6571 6565 6570
f 6574 6573 6572 6571
f 6576 6575 6574 6571
f 6565 6566 6567 6568
f 6565 6568 6569 6570
f 6583 6584 6578 6577
f 6584 6585 6579 6578
f 6585 6586 6580 6579
f 6586 6587 6581 6580
f 6587 6588 6582 6581
f 6588 6583 6577 6582
f 6586 6585 6584 6583
f 6588 6587 6586 6583
f 6577 6578 6579 6580
f 6577 6580 6581 6582
f 6595 6596 6590 6589
f 6596 6597 6591 6590
f 6597 6598 6592 6591
f 6598 6599 6593 6592
f 6599 6600 6594 6593
f 6600 6595 6589 6594
f 6598 6597 6596 6595
f 6600 6599 6598 6595
f 6589 6590 6591 6592
f 6589 6592 6593 6594
f 6607 6608 6602 6601
f 6608 6609 6603 6602
f 6609 6610 6604 6603
f 6610 6611 6605 6604
f 6611 6612 6606 6605
f 6612 6607 6601 6606
f 6610 6609 6608 6607
f 6612 6611 6610 6607
f 6601 6602 6603 6604
f 6601 6604 6605 6606
f 6619 6620 6614 6613
f 6620 6621 6615 6614
f 6621 6622 6616 6615
f 6622 6623 6617 6616
f 6623 6624 6618 6617
f 6624 6619 6613 6618
f 6622 6621 6620 6619
f 6624 6623 6622 6619
f 6613 6614 6615 6616
f 6613 6616 6617 6618
f 6631 6632 6626 6625
f 6632 6633 6627 6626
f 6633 6634 6628 6627
f 6634 6635 6629 6628
f 6635 6636 6630 6629
f 6636 6631 6625 6630
f 6634 6633 6632 6631
f 6636 6635 6634 6631
f 6625 6626 6627 6628
f 6625 6628 6629 6630
f 6643 6644 6638 6637
f 6644 6645 6639 6638
f 6645 6646 6640 6639
f 6646 6647 6641 6640
f 6647 6648 6642 6641
f 6648 6643 6637 6642
f 6646 6645 6644 6643
f 6648 6647 6646 6643
f 6637 6638 6639 6640
f 6637 6640 6641 6642
f 6655 6656 6650 6649
f 6656 6657 6651 6650
f 6657 6658 6652 6651
f 6658 6659 6653 6652
f 6659 6660 6654 6653
f 6660 6655 6649 6654
f 6658 6657 6656 6655
f 6660 6659 6658 6655
f 6649 6650 6651 6652
f 6649 6652 6653 6654
f 6667 6668 6662 6661
f 6668 6669 6663 6662
f 6669 6670 6664 6663
f 6670 6671 6665 6664
f 6671 6672 6666 6665
f 6672 6667 6661 6666
f 6670 6669 6668 6667
f 6672 6671 6670 6667
f 6661 6662 6663 6664
f 6661 6664 6665 6666
f 6679 6680 6674 6673
f 6680 6681 6675 6674
f 6681 6682 6676 6675
f 6682 6683 6677 6676
f 6683 6684 6678 6677
f 6684 6679 6673 6678
f 6682 6681 6680 6679
f 6684 6683 6682 6679
f 6673 6674 6675 6676
f 6673 6676 6677 6678
f 6691 6692 6686 6685
f 6692 6693 6687 6686
f 6693 6694 6688 6687
f 6694 6695 6689 6688
f 6695 6696 6690 6689
f 6696 6691 6685 6690
f 6694 6693 6692 6691
f 6696 6695 6694 6691
f 6685 6686 6687 6688
f 6685 6688 6689 6690
f 6703 6704 6698 6697
f 6704 6705 6699 6698
f 6705 6706 6700 6699
f 6706 6707 6701 6700
f 6707 6708 6702 6701
f 6708 6703 6697 6702
f 6706 6705 6704 6703
f 6708 6707 6706 6703
f 6697 6698 6699 6700
f 6697 6700 6701 6702
f 6715 6716 6710 6709
f 6716 6717 6711 6710
f 6717 6718 6712 6711
f 6718 6719 6713 6712
f 6719 6720 6714 6713
f 6720 6715 6709 6714
f 6718 6717 6716 6715
f 6720 6719 6718 6715
f 6709 6710 6711 6712
f 6709 6712 6713 6714
f 6727 6728 6722 6721
f 6728 6729 6723 6722
f 6729 6730 6724 6723
f 6730 6731 6725 6724
f 6731 6732 6726 6725
f 6732 6727 6721 6726
f 6730 6729 6728 6727
f 6732 6731 6730 6727
f 6721 6722 6723 6724
f 6721 6724 6725 6726
f 6739 6740 6734 6733
f 6740 6741 6735 6734
f 6741 6742 6736 6735
f 6742 6743 6737 6736
f 6743 6744 6738 6737
f 6744 6739 6733 6738
f 6742 6741 6740 6739
f 6744 6743 6742 6739
f 6733 6734 6735 6736
f 6733 6736 6737 6738
f 6751 6752 6746 6745
f 6752 6753 6747 6746
f 6753 6754 6748 6747
f 6754 6755 6749 6748
f 6755 6756 6750 6749
f 6756 6751 6745 6750
f 6754 6753 6752 6751
f 6756 6755 6754 6751
f 6745 6746 6747 6748
f 6745 6748 6749 6750
f 6763 6764 6758 6757
f 6764 6765 6759 6758
f 6765 6766 6760 6759
f 6766 6767 6761 6760
f 6767 6768 6762 6761
f 6768 6763 6757 6762
f 6766 6765 6764 6763
f 6768 6767 6766 6763
f 6757 6758 6759 6760
f 6757 6760 6761 6762
f 6775 6776 6770 6769
f 6776 6777 6771 6770
f 6777 6778 6772 6771
f 6778 6779 6773 6772
f 6779 6780 6774 6773
f 6780 6775 6769 6774
f 6778 6777 6776 6775
f 6780 6779 6778 6775
f 6769 6770 6771 6772
f 6769 6772 6773 6774
f 6787 6788 6782 6781
f 6788 6789 6783 6782
f 6789 6790 6784 6783
f 6790 6791 6785 6784
f 6791 6792 6786 6785
f 6792 6787 6781 6786
f 6790 6789 6788 6787
f 6792 6791 6790 6787
f 6781 6782 6783 6784
f 6781 6784 6785 6786
f 6799 6800 6794 6793
f 6800 6801 6795 6794
f 6801 6802 6796 6795
f 6802 6803 6797 6796
f 6803 6804 6798 6797
f 6804 6799 6793 6798
f 6802 6801 6800 6799
f 6804 6803 6802 6799
f 6793 6794 6795 6796
f 6793 6796 6797 6798
f 6811 6812 6806 6805
f 6812 6813 6807 6806
f 6813 6814 6808 6807
f 6814 6815 6809 6808
f 6815 6816 6810 6809
f 6816 6811 6805 6810
f 6814 6813 6812 6811
f 6816 6815 6814 6811
f 6805 6806 6807 6808
f 6805 6808 6809 6810
f 6823 6824 6818 6817
f 6824 6825 6819 6818
f 6825 6826 6820 6819
f 6826 6827 6821 6820
f 6827 6828 6822 6821
f 6828 6823 6817 6822
f 6826 6825 6824 6823
f 6828 6827 6826 6823
f 6817 6818 6819 6820
f 6817 6820 6821 6822
f 6835 6836 6830 6829
f 6836 6837 6831 6830
f 6837 6838 6832 6831
f 6838 6839 6833 6832
f 6839 6840 6834 6833
f 6840 6835 6829 6834
f 6838 6837 6836 6835
f 6840 6839 6838 6835
f 6829 6830 6831 6832
f 6829 6832 6833 6834
f 6847 6848 6842 6841
f 6848 6849 6843 6842
f 6849 6850 6844 6843
f 6850 6851 6845 6844
f 6851 6852 6846 6845
f 6852 6847 6841 6846
f 6850 6849 6848 6847
f 6852 6851 6850 6847
f 6841 6842 6843 6844
f 6841 6844 6845 6846
f 6859 6860 6854 6853
f 6860 6861 6855 6854
f 6861 6862 6856 6855
f 6862 6863 6857 6856
f 6863 6864 6858 6857
f 6864 6859 6853 6858
f 6862 6861 6860 6859
f 6864 6863 6862 6859
f 6853 6854 6855 6856
f 6853 6856 6857 6858
f 6871 6872 6866 6865
f 6872 6873 6867 6866
f 6873 6874 6868 6867
f 6874 6875 6869 6868
f 6875 6876 6870 6869
f 6876 6871 6865 6870
f 6874 6873 6872 6871
f 6876 6875 6874 6871
f 6865 6866 6867 6868
f 6865 6868 6869 6870
f 6883 6884 6878 6877
f 6884 6885 6879 6878
f 6885 6886 6880 6879
f 6886 6887 6881 6880
f 6887 6888 6882 6881
f 6888 6883 6877 6882
f 6886 6885 6884 6883
f 6888 6887 6886 6883
f 6877 6878 6879 6880
f 6877 6880 6881 6882
f 6895 6896 6890 6889
f 6896 6897 6891 6890
f 6897 6898 6892 6891
f 6898 6899 6893 6892
f 6899 6900 6894 6893
f 6900 6895 6889 6894
f 6898 6897 6896 6895
f 6900 6899 6898 6895
f 6889 6890 6891 6892
f 6889 6892 6893 6894
f 6907 6908 6902 6901
f 6908 6909 6903 6902
f 6909 6910 6904 6903
f 6910 6911 6905 6904
f 6911 6912 6906 6905
f 6912 6907 6901 6906
f 6910 6909 6908 6907
f 6912 6911 6910 6907
f 6901 6902 6903 6904
f 6901 6904 6905 6906
f 6919 6920 6914 6913
f 6920 6921 6915 6914
f 6921 6922 6916 6915
f 6922 6923 6917 6916
f 6923 6924 6918 6917
f 6924 6919 6913 6918
f 6922 6921 6920 6919
f 6924 6923 6922 6919
f 6913 6914 6915 6916
f 6913 6916 6917 6918
f 6931 6932 6926 6925
f 6932 6933 6927 6926
f 6933 6934 6928 6927
f 6934 6935 6929 6928
f 6935 6936 6930 6929
f 6936 6931 6925 6930
f 6934 6933 6932 6931
f 6936 6935 6934 6931
f 6925 6926 6927 6928
f 6925 6928 6929 6930
f 6943 6944 6938 6937
f 6944 6945 6939 6938
f 6945 6946 6940 6939
f 6946 6947 6941 6940
f 6947 6948 6942 6941
f 6948 6943 6937 6942
f 6946 6945 6944 6943
f 6948 6947 6946 6943
f 6937 6938 6939 6940
f 6937 6940 6941 6942
f 6955 6956 6950 6949
f 6956 6957 6951 6950
f 6957 6958 6952 6951
f 6958 6959 6953 6952
f 6959 6960 6954 6953
f 6960 6955 6949 6954
f 6958 6957 6956 6955
f 6960 6959 6958 6955
f 6949 6950 6951 6952
f 6949 6952 6953 6954
f 6967 6968 6962 6961
f 6968 6969 6963 6962
f 6969 6970 6964 6963
f 6970 6971 6965 6964
f 6971 6972 6966 6965
f 6972 6967 6961 6966
f 6970 6969 6968 6967
f 6972 6971 6970 6967
f 6961 6962 6963 6964
f 6961 6964 6965 6966
f 6979 6980 6974 6973
f 6980 6981 6975 6974
f 6981 6982 6976 6975
f 6982 6983 6977 6976
f 6983 6984 6978 6977
f 6984 6979 6973 6978
f 6982 6981 6980 6979
f 6984 6983 6982 6979
f 6973 6974 6975 6976
f 6973 6976 6977 6978
f 6991 6992 6986 6985
f 6992 6993 6987 6986
f 6993 6994 6988 6987
f 6994 6995 6989 6988
f 6995 6996 6990 6989
f 6996 6991 6985 6990
f 6994 6993 6992 6991
f 6996 6995 6994 6991
f 6985 6986 6987 6988
f 6985 6988 6989 6990
f 7003 7004 6998 6997
f 7004 7005 6999 6998
f 7005 7006 7000 6999
f 7006 7007 7001 7000
f 7007 7008 7002 7001
f 7008 7003 6997 7002
f 7006 7005 7004 7003
f 7008 7007 7006 7003
f 6997 6998 6999 7000
f 6997 7000 7001 7002
f 7015 7016 7010 7009
f 7016 7017 7011 7010
f 7017 7018 7012 7011
f 7018 7019 7013 7012
f 7019 7020 7014 7013
f 7020 7015 7009 7014
f 7018 7017 7016 7015
f 7020 7019 7018 7015
f 7009 7010 7011 7012
f 7009 7012 7013 7014
f 7027 7028 7022 7021
f 7028 7029 7023 7022
f 7029 7030 7024 7023
f 7030 7031 7025 7024
f 7031 7032 7026 7025
f 7032 7027 7021 7026
f 7030 7029 7028 7027
f 7032 7031 7030 7027
f 7021 7022 7023 7024
f 7021 7024 7025 7026
f 7039 7040 7034 7033
f 7040 7041 7035 7034
f 7041 7042 7036 7035
f 7042 7043 7037 7036
f 7043 7044 7038 7037
f 7044 7039 7033 7038
f 7042 7041 7040 7039
f 7044 7043 7042 7039
f 7033 7034 7035 7036
f 7033 7036 7037 7038
f 7051 7052 7046 7045
f 7052 7053 7047 7046
f 7053 7054 7048 7047
f 7054 7055 7049 7048
f 7055 7056 7050 7049
f 7056 7051 7045 7050
f 7054 7053 7052 7051
f 7056 7055 7054 7051
f 7045 7046 7047 7048
f 7045 7048 7049 7050
f 7063 7064 7058 7057
f 7064 7065 7059 7058
f 7065 7066 7060 7059
f 7066 7067 7061 7060
f 7067 7068 7062 7061
f 7068 7063 7057 7062
f 7066 7065 7064 7063
f 7068 7067 7066 7063
f 7057 7058 7059 7060
f 7057 7060 7061 7062
f 7075 7076 7070 7069
f 7076 7077 7071 7070
f 7077 7078 7072 7071
f 7078 7079 7073 7072
f 7079 7080 7074 7073
f 7080 7075 7069 7074
f 7078 7077 7076 7075
f 7080 7079 7078 7075
f 7069 7070 7071 7072
f 7069 7072 7073 7074
f 7087 7088 7082 7081
f 7088 7089 7083 7082
f 7089 7090 7084 7083
f 7090 7091 7085 7084
f 7091 7092 7086 7085
f 7092 7087 7081 7086
f 7090 7089 7088 7087
f 7092 7091 7090 7087
f 7081 7082 7083 7084
f 7081 7084 7085 7086
f 7099 7100 7094 7093
f 7100 7101 7095 7094
f 7101 7102 7096 7095
f 7102 7103 7097 7096
f 7103 7104 7098 7097
f 7104 7099 7093 7098
f 7102 7101 7100 7099
f 7104 7103 7102 7099
f 7093 7094 7095 7096
f 7093 7096 7097 7098
f 7111 7112 7106 7105
f 7112 7113 7107 7106
f 7113 7114 7108 7107
f 7114 7115 7109 7108
f 7115 7116 7110 7109
f 7116 7111 7105 7110
f 7114 7113 7112 7111
f 7116 7115 7114 7111
f 7105 7106 7107 7108
f 7105 7108 7109 7110
f 7123 7124 7118 7117
f 7124 7125 7119 7118
f 7125 7126 7120 7119
f 7126 7127 7121 7120
f 7127 7128 7122 7121
f 7128 7123 7117 7122
f 7126 7125 7124 7123
f 7128 7127 7126 7123
f 7117 7118 7119 7120
f 7117 7120 7121 7122
f 7135 7136 7130 7129
f 7136 7137 7131 7130
f 7137 7138 7132 7131
f 7138 7139 7133 7132
f 7139 7140 7134 7133
f 7140 7135 7129 7134
f 7138 7137 7136 7135
f 7140 7139 7138 7135
f 7129 7130 7131 7132
f 7129 7132 7133 7134
f 7147 7148 7142 7141
f 7148 7149 7143 7142
f 7149 7150 7144 7143
f 7150 7151 7145 7144
f 7151 7152 7146 7145
f 7152 7147 7141 7146
f 7150 7149 7148 7147
f 7152 7151 7150 7147
f 7141 7142 7143 7144
f 7141 7144 7145 7146
f 7159 7160 7154 7153
f 7160 7161 7155 7154
f 7161 7162 7156 7155
f 7162 7163 7157 7156
f 7163 7164 7158 7157
f 7164 7159 7153 7158
f 7162 7161 7160 7159
f 7164 7163 7162 7159
f 7153 7154 7155 7156
f 7153 7156 7157 7158
f 7171 7172 7166 7165
f 7172 7173 7167 7166
f 7173 7174 7168 7167
f 7174 7175 7169 7168
f 7175 7176 7170 7169
f 7176 7171 7165 7170
f 7174 7173 7172 7171
f 7176 7175 7174 7171
f 7165 7166 7167 7168
f 7165 7168 7169 7170
f 7183 7184 7178 7177
f 7184 7185 7179 7178
f 7185 7186 7180 7179
f 7186 7187 7181 7180
f 7187 7188 7182 7181
f 7188 7183 7177 7182
f 7186 7185 7184 7183
f 7188 7187 7186 7183
f 7177 7178 7179 7180
f 7177 7180 7181 7182
f 7195 7196 7190 7189
f 7196 7197 7191 7190
f 7197 7198 7192 7191
f 7198 7199 7193 7192
f 7199 7200 7194 7193
f 7200 7195 7189 7194
f 7198 7197 7196 7195
f 7200 7199 7198 7195
f 7189 7190 7191 7192
f 7189 7192 7193 7194
f 7207 7208 7202 7201
f 7208 7209 7203 7202
f 7209 7210 7204 7203
f 7210 7211 7205 7204
f 7211 7212 7206 7205
f 7212 7207 7201 7206
f 7210 7209 7208 7207
f 7212 7211 7210 7207
f 7201 7202 7203 7204
f 7201 7204 7205 7206
f 7219 7220 7214 7213
f 7220 7221 7215 7214
f 7221 7222 7216 7215
f 7222 7223 7217 7216
f 7223 7224 7218 7217
f 7224 7219 7213 7218
f 7222 7221 7220 7219
f 7224 7223 7222 7219
f 7213 7214 7215 7216
f 7213 7216 7217 7218
f 7231 7232 7226 7225
f 7232 7233 7227 7226
f 7233 7234 7228 7227
f 7234 7235 7229 7228
f 7235 7236 7230 7229
f 7236 7231 7225 7230
f 7234 7233 7232 7231
f 7236 7235 7234 7231
f 7225 7226 7227 7228
f 7225 7228 7229 7230
f 7243 7244 7238 7237
f 7244 7245 7239 7238
f 7245 7246 7240 7239
f 7246 7247 7241 7240
f 7247 7248 7242 7241
f 7248 7243 7237 7242
f 7246 7245 7244 7243
f 7248 7247 7246 7243
f 7237 7238 7239 7240
f 7237 7240 7241 7242
f 7255 7256 7250 7249
f 7256 7257 7251 7250
f 7257 7258 7252 7251
f 7258 7259 7253 7252
f 7259 7260 7254 7253
f 7260 7255 7249 7254
f 7258 7257 7256 7255
f 7260 7259 7258 7255
f 7249 7250 7251 7252
f 7249 7252 7253 7254
f 7267 7268 7262 7261
f 7268 7269 7263 7262
f 7269 7270 7264 7263
f 7270 7271 7265 7264
f 7271 7272 7266 7265
f 7272 7267 7261 7266
f 7270 7269 7268 7267
f 7272 7271 7270 7267
f 7261 7262 7263 7264
f 7261 7264 7265 7266
f 7279 7280 7274 7273
f 7280 7281 7275 7274
f 7281 7282 7276 7275
f 7282 7283 7277 7276
f 7283 7284 7278 7277
f 7284 7279 7273 7278
f 7282 7281 7280 7279
f 7284 7283 7282 7279
f 7273 7274 7275 7276
f 7273 7276 7277 7278
f 7291 7292 7286 7285
f 7292 7293 7287 7286
f 7293 7294 7288 7287
f 7294 7295 7289 7288
f 7295 7296 7290 7289
f 7296 7291 7285 7290
f 7294 7293 7292 7291
f 7296 7295 7294 7291
f 7285 7286 7287 7288
f 7285 7288 7289 7290
f 7303 7304 7298 7297
f 7304 7305 7299 7298
f 7305 7306 7300 7299
f 7306 7307 7301 7300
f 7307 7308 7302 7301
f 7308 7303 7297 7302
f 7306 7305 7304 7303
f 7308 7307 7306 7303
f 7297 7298 7299 7300
f 7297 7300 7301 7302
f 7315 7316 7310 7309
f 7316 7317 7311 7310
f 7317 7318 7312 7311
f 7318 7319 7313 7312
f 7319 7320 7314 7313
f 7320 7315 7309 7314
f 7318 7317 7316 7315
f 7320 7319 7318 7315
f 7309 7310 7311 7312
f 7309 7312 7313 7314
f 7327 7328 7322 7321
f 7328 7329 7323 7322
f 7329 7330 7324 7323
f 7330 7331 7325 7324
f 7331 7332 7326 7325
f 7332 7327 7321 7326
f 7330 7329 7328 7327
f 7332 7331 7330 7327
f 7321 7322 7323 7324
f 7321 7324 7325 7326
f 7339 7340 7334 7333
f 7340 7341 7335 7334
f 7341 7342 7336 7335
f 7342 7343 7337 7336
f 7343 7344 7338 7337
f 7344 7339 7333 7338
f 7342 7341 7340 7339
f 7344 7343 7342 7339
f 7333 7334 7335 7336
f 7333 7336 7337 7338
f 7351 7352 7346 7345
f 7352 7353 7347 7346
f 7353 7354 7348 7347
f 7354 7355 7349 7348
f 7355 7356 7350 7349
f 7356 7351 7345 7350
f 7354 7353 7352 7351
f 7356 7355 7354 7351
f 7345 7346 7347 7348
f 7345 7348 7349 7350
f 7363 7364 7358 7357
f 7364 7365 7359 7358
f 7365 7366 7360 7359
f 7366 7367 7361 7360
f 7367 7368 7362 7361
f 7368 7363 7357 7362
f 7366 7365 7364 7363
f 7368 7367 7366 7363
f 7357 7358 7359 7360
f 7357 7360 7361 7362
f 7375 7376 7370 7369
f 7376 7377 7371 7370
f 7377 7378 7372 7371
f 7378 7379 7373 7372
f 7379 7380 7374 7373
f 7380 7375 7369 7374
f 7378 7377 7376 7375
f 7380 7379 7378 7375
f 7369 7370 7371 7372
f 7369 7372 7373 7374
f 7387 7388 7382 7381
f 7388 7389 7383 7382
f 7389 7390 7384 7383
f 7390 7391 7385 7384
f 7391 7392 7386 7385
f 7392 7387 7381 7386
f 7390 7389 7388 7387
f 7392 7391 7390 7387
f 7381 7382 7383 7384
f 7381 7384 7385 7386
f 7399 7400 7394 7393
f 7400 7401 7395 7394
f 7401 7402 7396 7395
f 7402 7403 7397 7396
f 7403 7404 7398 7397
f 7404 7399 7393 7398
f 7402 7401 7400 7399
f 7404 7403 7402 7399
f 7393 7394 7395 7396
f 7393 7396 7397 7398
f 7411 7412 7406 7405
f 7412 7413 7407 7406
f 7413 7414 7408 7407
f 7414 7415 7409 7408
f 7415 7416 7410 7409
f 7416 7411 7405 7410
f 7414 7413 7412 7411
f 7416 7415 7414 7411
f 7405 7406 7407 7408
f 7405 7408 7409 7410
f 7423 7424 7418 7417
f 7424 7425 7419 7418
f 7425 7426 7420 7419
f 7426 7427 7421 7420
f 7427 7428 7422 7421
f 7428 7423 7417 7422
f 7426 7425 7424 7423
f 7428 7427 7426 7423
f 7417 7418 7419 7420
f 7417 7420 7421 7422
f 7435 7436 7430 7429
f 7436 7437 7431 7430
f 7437 7438 7432 7431
f 7438 7439 7433 7432
f 7439 7440 7434 7433
f 7440 7435 7429 7434
f 7438 7437 7436 7435
f 7440 7439 7438 7435
f 7429 7430 7431 7432
f 7429 7432 7433 7434
f 7447 7448 7442 7441
f 7448 7449 7443 7442
f 7449 7450 7444 7443
f 7450 7451 7445 7444
f 7451 7452 7446 7445
f 7452 7447 7441 7446
f 7450 7449 7448 7447
f 7452 7451 7450 7447
f 7441 7442 7443 7444
f 7441 7444 7445 7446
f 7459 7460 7454 7453
f 7460 7461 7455 7454
f 7461 7462 7456 7455
f 7462 7463 7457 7456
f 7463 7464 7458 7457
f 7464 7459 7453 7458
f 7462 7461 7460 7459
f 7464 7463 7462 7459
f 7453 7454 7455 7456
f 7453 7456 7457 7458
f 7471 7472 7466 7465
f 7472 7473 7467 7466
f 7473 7474 7468 7467
f 7474 7475 7469 7468
f 7475 7476 7470 7469
f 7476 7471 7465 7470
f 7474 7473 7472 7471
f 7476 7475 7474 7471
f 7465 7466 7467 7468
f 7465 7468 7469 7470
f 7483 7484 7478 7477
f 7484 7485 7479 7478
f 7485 7486 7480 7479
f 7486 7487 7481 7480
f 7487 7488 7482 7481
f 7488 7483 7477 7482
f 7486 7485 7484 7483
f 7488 7487 7486 7483
f 7477 7478 7479 7480
f 7477 7480 7481 7482
f 7495 7496 7490 7489
f 7496 7497 7491 7490
f 7497 7498 7492 7491
f 7498 7499 7493 7492
f 7499 7500 7494 7493
f 7500 7495 7489 7494
f 7498 7497 7496 7495
f 7500 7499 7498 7495
f 7489 7490 7491 7492
f 7489 7492 7493 7494
f 7507 7508 7502 7501
f 7508 7509 7503 7502
f 7509 7510 7504 7503
f 7510 7511 7505 7504
f 7511 7512 7506 7505
f 7512 7507 7501 7506
f 7510 7509 7508 7507
f 7512 7511 7510 7507
f 7501 7502 7503 7504
f 7501 7504 7505 7506
f 7519 7520 7514 7513
f 7520 7521 7515 7514
f 7521 7522 7516 7515
f 7522 7523 7517 7516
f 7523 7524 7518 7517
f 7524 7519 7513 7518
f 7522 7521 7520 7519
f 7524 7523 7522 7519
f 7513 7514 7515 7516
f 7513 7516 7517 7518
f 7531 7532 7526 7525
f 7532 7533 7527 7526
f 7533 7534 7528 7527
f 7534 7535 7529 7528
f 7535 7536 7530 7529
f 7536 7531 7525 7530
f 7534 7533 7532 7531
f 7536 7535 7534 7531
f 7525 7526 7527 7528
f 7525 7528 7529 7530
f 7543 7544 7538 7537
f 7544 7545 7539 7538
f 7545 7546 7540 7539
f 7546 7547 7541 7540
f 7547 7548 7542 7541
f 7548 7543 7537 7542
f 7546 7545 7544 7543
f 7548 7547 7546 7543
f 7537 7538 7539 7540
f 7537 7540 7541 7542
f 7555 7556 7550 7549
f 7556 7557 7551 7550
f 7557 7558 7552 7551
f 7558 7559 7553 7552
f 7559 7560 7554 7553
f 7560 7555 7549 7554
f 7558 7557 7556 7555
f 7560 7559 7558 7555
f 7549 7550 7551 7552
f 7549 7552 7553 7554
f 7567 7568 7562 7561
f 7568 7569 7563 7562
f 7569 7570 7564 7563
f 7570 7571 7565 7564
f 7571 7572 7566 7565
f 7572 7567 7561 7566
f 7570 7569 7568 7567
f 7572 7571 7570 7567
f 7561 7562 7563 7564
f 7561 7564 7565 7566
f 7579 7580 7574 7573
f 7580 7581 7575 7574
f 7581 7582 7576 7575
f 7582 7583 7577 7576
f 7583 7584 7578 7577
f 7584 7579 7573 7578
f 7582 7581 7580 7579
f 7584 7583 7582 7579
f 7573 7574 7575 7576
f 7573 7576 7577 7578
f 7591 7592 7586 7585
f 7592 7593 7587 7586
f 7593 7594 7588 7587
f 7594 7595 7589 7588
f 7595 7596 7590 7589
f 7596 7591 7585 7590
f 7594 7593 7592 7591
f 7596 7595 7594 7591
f 7585 7586 7587 7588
f 7585 7588 7589 7590
f 7603 7604 7598 7597
f 7604 7605 7599 7598
f 7605 7606 7600 7599
f 7606 7607 7601 7600
f 7607 7608 7602 7601
f 7608 7603 7597 7602
f 7606 7605 7604 7603
f 7608 7607 7606 7603
f 7597 7598 7599 7600
f 7597 7600 7601 7602
f 7615 7616 7610 7609
f 7616 7617 7611 7610
f 7617 7618 7612 7611
f 7618 7619 7613 7612
f 7619 7620 7614 7613
f 7620 7615 7609 7614
f 7618 7617 7616 7615
f 7620 7619 7618 7615
f 7609 7610 7611 7612
f 7609 7612 7613 7614
f 7627 7628 7622 7621
f 7628 7629 7623 7622
f 7629 7630 7624 7623
f 7630 7631 7625 7624
f 7631 7632 7626 7625
f 7632 7627 7621 7626
f 7630 7629 7628 7627
f 7632 7631 7630 7627
f 7621 7622 7623 7624
f 7621 7624 7625 7626
f 7639 7640 7634 7633
f 7640 7641 7635 7634
f 7641 7642 7636 7635
f 7642 7643 7637 7636
f 7643 7644 7638 7637
f 7644 7639 7633 7638
f 7642 7641 7640 7639
f 7644 7643 7642 7639
f 7633 7634 7635 7636
f 7633 7636 7637 7638
f 7651 7652 7646 7645
f 7652 7653 7647 7646
f 7653 7654 7648 7647
f 7654 7655 7649 7648
f 7655 7656 7650 7649
f 7656 7651 7645 7650
f 7654 7653 7652 7651
f 7656 7655 7654 7651
f 7645 7646 7647 7648
f 7645 7648 7649 7650
f 7663 7664 7658 7657
f 7664 7665 7659 7658
f 7665 7666 7660 7659
f 7666 7667 7661 7660
f 7667 7668 7662 7661
f 7668 7663 7657 7662
f 7666 7665 7664 7663
f 7668 7667 7666 7663
f 7657 7658 7659 7660
f 7657 7660 7661 7662
f 7675 7676 7670 7669
f 7676 7677 7671 7670
f 7677 7678 7672 7671
f 7678 7679 7673 7672
f 7679 7680 7674 7673
f 7680 7675 7669 7674
f 7678 7677 7676 7675
f 7680 7679 7678 7675
f 7669 7670 7671 7672
f 7669 7672 7673 7674
f 7687 7688 7682 7681
f 7688 7689 7683 7682
f 7689 7690 7684 7683
f 7690 7691 7685 7684
f 7691 7692 7686 7685
f 7692 7687 7681 7686
f 7690 7689 7688 7687
f 7692 7691 7690 7687
f 7681 7682 7683 7684
f 7681 7684 7685 7686
f 7699 7700 7694 7693
f 7700 7701 7695 7694
f 7701 7702 7696 7695
f 7702 7703 7697 7696
f 7703 7704 7698 7697
f 7704 7699 7693 7698
f 7702 7701 7700 7699
f 7704 7703 7702 7699
f 7693 7694 7695 7696
f 7693 7696 7697 7698
f 7711 7712 7706 7705
f 7712 7713 7707 7706
f 7713 7714 7708 7707
f 7714 7715 7709 7708
f 7715 7716 7710 7709
f 7716 7711 7705 7710
f 7714 7713 7712 7711
f 7716 7715 7714 7711
f 7705 7706 7707 7708
f 7705 7708 7709 7710
f 7723 7724 7718 7717
f 7724 7725 7719 7718
f 7725 7726 7720 7719
f 7726 7727 7721 7720
f 7727 7728 7722 7721
f 7728 7723 7717 7722
f 7726 7725 7724 7723
f 7728 7727 7726 7723
f 7717 7718 7719 7720
f 7717 7720 7721 7722
f 7735 7736 7730 7729
f 7736 7737 7731 7730
f 7737 7738 7732 7731
f 7738 7739 7733 7732
f 7739 7740 7734 7733
f 7740 7735 7729 7734
f 7738 7737 7736 7735
f 7740 7739 7738 7735
f 7729 7730 7731 7732
f 7729 7732 7733 7734
f 7747 7748 7742 7741
f 7748 7749 7743 7742
f 7749 7750 7744 7743
f 7750 7751 7745 7744
f 7751 7752 7746 7745
f 7752 7747 7741 7746
f 7750 7749 7748 7747
f 7752 7751 7750 7747
f 7741 7742 7743 7744
f 7741 7744 7745 7746
f 7759 7760 7754 7753
f 7760 7761 7755 7754
f 7761 7762 7756 7755
f 7762 7763 7757 7756
f 7763 7764 7758 7757
f 7764 7759 7753 7758
f 7762 7761 7760 7759
f 7764 7763 7762 7759
f 7753 7754 7755 7756
f 7753 7756 7757 7758
f 7771 7772 7766 7765
f 7772 7773 7767 7766
f 7773 7774 7768 7767
f 7774 7775 7769 7768
f 7775 7776 7770 7769
f 7776 7771 7765 7770
f 7774 7773 7772 7771
f 7776 7775 7774 7771
f 7765 7766 7767 7768
f 7765 7768 7769 7770
f 7783 7784 7778 7777
f 7784 7785 7779 7778
f 7785 7786 7780 7779
f 7786 7787 7781 7780
f 7787 7788 7782 7781
f 7788 7783 7777 7782
f 7786 7785 7784 7783
f 7788 7787 7786 7783
f 7777 7778 7779 7780
f 7777 7780 7781 7782
f 7795 7796 7790 7789
f 7796 7797 7791 7790
f 7797 7798 7792 7791
f 7798 7799 7793 7792
f 7799 7800 7794 7793
f 7800 7795 7789 7794
f 7798 7797 7796 7795
f 7800 7799 7798 7795
f 7789 7790 7791 7792
f 7789 7792 7793 7794
f 7807 7808 7802 7801
f 7808 7809 7803 7802
f 7809 7810 7804 7803
f 7810 7811 7805 7804
f 7811 7812 7806 7805
f 7812 7807 7801 7806
f 7810 7809 7808 7807
f 7812 7811 7810 7807
f 7801 7802 7803 7804
f 7801 7804 7805 7806
f 7819 7820 7814 7813
f 7820 7821 7815 7814
f 7821 7822 7816 7815
f 7822 7823 7817 7816
f 7823 7824 7818 7817
f 7824 7819 7813 7818
f 7822 7821 7820 7819
f 7824 7823 7822 7819
f 7813 7814 7815 7816
f 7813 7816 7817 7818
f 7831 7832 7826 7825
f 7832 7833 7827 7826
f 7833 7834 7828 7827
f 7834 7835 7829 7828
f 7835 7836 7830 7829
f 7836 7831 7825 7830
f 7834 7833 7832 7831
f 7836 7835 7834 7831
f 7825 7826 7827 7828
f 7825 7828 7829 7830
f 7843 7844 7838 7837
f 7844 7845 7839 7838
f 7845 7846 7840 7839
f 7846 7847 7841 7840
f 7847 7848 7842 7841
f 7848 7843 7837 7842
f 7846 7845 7844 7843
f 7848 7847 7846 7843
f 7837 7838 7839 7840
f 7837 7840 7841 7842
f 7855 7856 7850 7849
f 7856 7857 7851 7850
f 7857 7858 7852 7851
f 7858 7859 7853 7852
f 7859 7860 7854 7853
f 7860 7855 7849 7854
f 7858 7857 7856 7855
f 7860 7859 7858 7855
f 7849 7850 7851 7852
f 7849 7852 7853 7854
f 7867 7868 7862 7861
f 7868 7869 7863 7862
f 7869 7870 7864 7863
f 7870 7871 7865 7864
f 7871 7872 7866 7865
f 7872 7867 7861 7866
f 7870 7869 7868 7867
f 7872 7871 7870 7867
f 7861 7862 7863 7864
f 7861 7864 7865 7866
f 7879 7880 7874 7873
f 7880 7881 7875 7874
f 7881 7882 7876 7875
f 7882 7883 7877 7876
f 7883 7884 7878 7877
f 7884 7879 7873 7878
f 7882 7881 7880 7879
f 7884 7883 7882 7879
f 7873 7874 7875 7876
f 7873 7876 7877 7878
f 7891 7892 7886 7885
f 7892 7893 7887 7886
f 7893 7894 7888 7887
f 7894 7895 7889 7888
f 7895 7896 7890 7889
f 7896 7891 7885 7890
f 7894 7893 7892 7891
f 7896 7895 7894 7891
f 7885 7886 7887 7888
f 7885 7888 7889 7890
f 7903 7904 7898 7897
f 7904 7905 7899 7898
f 7905 7906 7900 7899
f 7906 7907 7901 7900
f 7907 7908 7902 7901
f 7908 7903 7897 7902
f 7906 7905 7904 7903
f 7908 7907 7906 7903
f 7897 7898 7899 7900
f 7897 7900 7901 7902
f 7915 7916 7910 7909
f 7916 7917 7911 7910
f 7917 7918 7912 7911
f 7918 7919 7913 7912
f 7919 7920 7914 7913
f 7920 7915 7909 7914
f 7918 7917 7916 7915
f 7920 7919 7918 7915
f 7909 7910 7911 7912
f 7909 7912 7913 7914
f 7927 7928 7922 7921
f 7928 7929 7923 7922
f 7929 7930 7924 7923
f 7930 7931 7925 7924
f 7931 7932 7926 7925
f 7932 7927 7921 7926
f 7930 7929 7928 7927
f 7932 7931 7930 7927
f 7921 7922 7923 7924
f 7921 7924 7925 7926
f 7939 7940 7934 7933
f 7940 7941 7935 7934
f 7941 7942 7936 7935
f 7942 7943 7937 7936
f 7943 7944 7938 7937
f 7944 7939 7933 7938
f 7942 7941 7940 7939
f 7944 7943 7942 7939
f 7933 7934 7935 7936
f 7933 7936 7937 7938
f 7951 7952 7946 7945
f 7952 7953 7947 7946
f 7953 7954 7948 7947
f 7954 7955 7949 7948
f 7955 7956 7950 7949
f 7956 7951 7945 7950
f 7954 7953 7952 7951
f 7956 7955 7954 7951
f 7945 7946 7947 7948
f 7945 7948 7949 7950
f 7963 7964 7958 7957
f 7964 7965 7959 7958
f 7965 7966 7960 7959
f 7966 7967 7961 7960
f 7967 7968 7962 7961
f 7968 7963 7957 7962
f 7966 7965 7964 7963
f 7968 7967 7966 7963
f 7957 7958 7959 7960
f 7957 7960 7961 7962
f 7975 7976 7970 7969
f 7976 7977 7971 7970
f 7977 7978 7972 7971
f 7978 7979 7973 7972
f 7979 7980 7974 7973
f 7980 7975 7969 7974
f 7978 7977 7976 7975
f 7980 7979 7978 7975
f 7969 7970 7971 7972
f 7969 7972 7973 7974
f 7987 7988 7982 7981
f 7988 7989 7983 7982
f 7989 7990 7984 7983
f 7990 7991 7985 7984
f 7991 7992 7986 7985
f 7992 7987 7981 7986
f 7990 7989 7988 7987
f 7992 7991 7990 7987
f 7981 7982 7983 7984
f 7981 7984 7985 7986
f 7999 8000 7994 7993
f 8000 8001 7995 7994
f 8001 8002 7996 7995
f 8002 8003 7997 7996
f 8003 8004 7998 7997
f 8004 7999 7993 7998
f 8002 8001 8000 7999
f 8004 8003 8002 7999
f 7993 7994 7995 7996
f 7993 7996 7997 7998
f 8011 8012 8006 8005
f 8012 8013 8007 8006
f 8013 8014 8008 8007
f 8014 8015 8009 8008
f 8015 8016 8010 8009
f 8016 8011 8005 8010
f 8014 8013 8012 8011
f 8016 8015 8014 8011
f 8005 8006 8007 8008
f 8005 8008 8009 8010
f 8023 8024 8018 8017
f 8024 8025 8019 8018
f 8025 8026 8020 8019
f 8026 8027 8021 8020
f 8027 8028 8022 8021
f 8028 8023 8017 8022
f 8026 8025 8024 8023
f 8028 8027 8026 8023
f 8017 8018 8019 8020
f 8017 8020 8021 8022
f 8035 8036 8030 8029
f 8036 8037 8031 8030
f 8037 8038 8032 8031
f 8038 8039 8033 8032
f 8039 8040 8034 8033
f 8040 8035 8029 8034
f 8038 8037 8036 8035
f 8040 8039 8038 8035
f 8029 8030 8031 8032
f 8029 8032 8033 8034
f 8047 8048 8042 8041
f 8048 8049 8043 8042
f 8049 8050 8044 8043
f 8050 8051 8045 8044
f 8051 8052 8046 8045
f 8052 8047 8041 8046
f 8050 8049 8048 8047
f 8052 8051 8050 8047
f 8041 8042 8043 8044
f 8041 8044 8045 8046
f 8059 8060 8054 8053
f 8060 8061 8055 8054
f 8061 8062 8056 8055
f 8062 8063 8057 8056
f 8063 8064 8058 8057
f 8064 8059 8053 8058
f 8062 8061 8060 8059
f 8064 8063 8062 8059
f 8053 8054 8055 8056
f 8053 8056 8057 8058
f 8071 8072 8066 8065
f 8072 8073 8067 8066
f 8073 8074 8068 8067
f 8074 8075 8069 8068
f 8075 8076 8070 8069
f 8076 8071 8065 8070
f 8074 8073 8072 8071
f 8076 8075 8074 8071
f 8065 8066 8067 8068
f 8065 8068 8069 8070
f 8083 8084 8078 8077
f 8084 8085 8079 8078
f 8085 8086 8080 8079
f 8086 8087 8081 8080
f 8087 8088 8082 8081
f 8088 8083 8077 8082
f 8086 8085 8084 8083
f 8088 8087 8086 8083
f 8077 8078 8079 8080
f 8077 8080 8081 8082
f 8095 8096 8090 8089
f 8096 8097 8091 8090
f 8097 8098 8092 8091
f 8098 8099 8093 8092
f 8099 8100 8094 8093
f 8100 8095 8089 8094
f 8098 8097 8096 8095
f 8100 8099 8098 8095
f 8089 8090 8091 8092
f 8089 8092 8093 8094
f 8107 8108 8102 8101
f 8108 8109 8103 8102
f 8109 8110 8104 8103
f 8110 8111 8105 8104
f 8111 8112 8106 8105
f 8112 8107 8101 8106
f 8110 8109 8108 8107
f 8112 8111 8110 8107
f 8101 8102 8103 8104
f 8101 8104 8105 8106
f 8119 8120 8114 8113
f 8120 8121 8115 8114
f 8121 8122 8116 8115
f 8122 8123 8117 8116
f 8123 8124 8118 8117
f 8124 8119 8113 8118
f 8122 8121 8120 8119
f 8124 8123 8122 8119
f 8113 8114 8115 8116
f 8113 8116 8117 8118
f 8131 8132 8126 8125
f 8132 8133 8127 8126
f 8133 8134 8128 8127
f 8134 8135 8129 8128
f 8135 8136 8130 8129
f 8136 8131 8125 8130
f 8134 8133 8132 8131
f 8136 8135 8134 8131
f 8125 8126 8127 8128
f 8125 8128 8129 8130
f 8143 8144 8138 8137
f 8144 8145 8139 8138
f 8145 8146 8140 8139
f 8146 8147 8141 8140
f 8147 8148 8142 8141
f 8148 8143 8137 8142
f 8146 8145 8144 8143
f 8148 8147 8146 8143
f 8137 8138 8139 8140
f 8137 8140 8141 8142
f 8155 8156 8150 8149
f 8156 8157 8151 8150
f 8157 8158 8152 8151
f 8158 8159 8153 8152
f 8159 8160 8154 8153
f 8160 8155 8149 8154
f 8158 8157 8156 8155
f 8160 8159 8158 8155
f 8149 8150 8151 8152
f 8149 8152 8153 8154
f 8167 8168 8162 8161
f 8168 8169 8163 8162
f 8169 8170 8164 8163
f 8170 8171 8165 8164
f 8171 8172 8166 8165
f 8172 8167 8161 8166
f 8170 8169 8168 8167
f 8172 8171 8170 8167
f 8161 8162 8163 8164
f 8161 8164 8165 8166
f 8179 8180 8174 8173
f 8180 8181 8175 8174
f 8181 8182 8176 8175
f 8182 8183 8177 8176
f 8183 8184 8178 8177
f 8184 8179 8173 8178
f 8182 8181 8180 8179
f 8184 8183 8182 8179
f 8173 8174 8175 8176
f 8173 8176 8177 8178
f 8191 8192 8186 8185
f 8192 8193 8187 8186
f 8193 8194 8188 8187
f 8194 8195 8189 8188
f 8195 8196 8190 8189
f 8196 8191 8185 8190
f 8194 8193 8192 8191
f 8196 8195 8194 8191
f 8185 8186 8187 8188
f 8185 8188 8189 8190
f 8203 8204 8198 8197
f 8204 8205 8199 8198
f 8205 8206 8200 8199
f 8206 8207 8201 8200
f 8207 8208 8202 8201
f 8208 8203 8197 8202
f 8206 8205 8204 8203
f 8208 8207 8206 8203
f 8197 8198 8199 8200
f 8197 8200 8201 8202
f 8215 8216 8210 8209
f 8216 8217 8211 8210
f 8217 8218 8212 8211
f 8218 8219 8213 8212
f 8219 8220 8214 8213
f 8220 8215 8209 8214
f 8218 8217 8216 8215
f 8220 8219 8218 8215
f 8209 8210 8211 8212
f 8209 8212 8213 8214
f 8227 8228 8222 8221
f 8228 8229 8223 8222
f 8229 8230 8224 8223
f 8230 8231 8225 8224
f 8231 8232 8226 8225
f 8232 8227 8221 8226
f 8230 8229 8228 8227
f 8232 8231 8230 8227
f 8221 8222 8223 8224
f 8221 8224 8225 8226
f 8239 8240 8234 8233
f 8240 8241 8235 8234
f 8241 8242 8236 8235
f 8242 8243 8237 8236
f 8243 8244 8238 8237
f 8244 8239 8233 8238
f 8242 8241 8240 8239
f 8244 8243 8242 8239
f 8233 8234 8235 8236
f 8233 8236 8237 8238
f 8251 8252 8246 8245
f 8252 8253 8247 8246
f 8253 8254 8248 8247
f 8254 8255 8249 8248
f 8255 8256 8250 8249
f 8256 8251 8245 8250
f 8254 8253 8252 8251
f 8256 8255 8254 8251
f 8245 8246 8247 8248
f 8245 8248 8249 8250
f 8263 8264 8258 8257
f 8264 8265 8259 8258
f 8265 8266 8260 8259
f 8266 8267 8261 8260
f 8267 8268 8262 8261
f 8268 8263 8257 8262
f 8266 8265 8264 8263
f 8268 8267 8266 8263
f 8257 8258 8259 8260
f 8257 8260 8261 8262
f 8275 8276 8270 8269
f 8276 8277 8271 8270
f 8277 8278 8272 8271
f 8278 8279 8273 8272
f 8279 8280 8274 8273
f 8280 8275 8269 8274
f 8278 8277 8276 8275
f 8280 8279 8278 8275
f 8269 8270 8271 8272
f 8269 8272 8273 8274
f 8287 8288 8282 8281
f 8288 8289 8283 8282
f 8289 8290 8284 8283
f 8290 8291 8285 8284
f 8291 8292 8286 8285
f 8292 8287 8281 8286
f 8290 8289 8288 8287
f 8292 8291 8290 8287
f 8281 8282 8283 8284
f 8281 8284 8285 8286
f 8299 8300 8294 8293
f 8300 8301 8295 8294
f 8301 8302 8296 8295
f 8302 8303 8297 8296
f 8303 8304 8298 8297
f 8304 8299 8293 8298
f 8302 8301 8300 8299
f 8304 8303 8302 8299
f 8293 8294 8295 8296
f 8293 8296 8297 8298
f 8311 8312 8306 8305
f 8312 8313 8307 8306
f 8313 8314 8308 8307
f 8314 8315 8309 8308
f 8315 8316 8310 8309
f 8316 8311 8305 8310
f 8314 8313 8312 8311
f 8316 8315 8314 8311
f 8305 8306 8307 8308
f 8305 8308 8309 8310
f 8323 8324 8318 8317
f 8324 8325 8319 8318
f 8325 8326 8320 8319
f 8326 8327 8321 8320
f 8327 8328 8322 8321
f 8328 8323 8317 8322
f 8326 8325 8324 8323
f 8328 8327 8326 8323
f 8317 8318 8319 8320
f 8317 8320 8321 8322
f 8335 8336 8330 8329
f 8336 8337 8331 8330
f 8337 8338 8332 8331
f 8338 8339 8333 8332
f 8339 8340 8334 8333
f 8340 8335 8329 8334
f 8338 8337 8336 8335
f 8340 8339 8338 8335
f 8329 8330 8331 8332
f 8329 8332 8333 8334
f 8347 8348 8342 8341
f 8348 8349 8343 8342
f 8349 8350 8344 8343
f 8350 8351 8345 8344
f 8351 8352 8346 8345
f 8352 8347 8341 8346
f 8350 8349 8348 8347
f 8352 8351 8350 8347
f 8341 8342 8343 8344
f 8341 8344 8345 8346
f 8359 8360 8354 8353
f 8360 8361 8355 8354
f 8361 8362 8356 8355
f 8362 8363 8357 8356
f 8363 8364 8358 8357
f 8364 8359 8353 8358
f 8362 8361 8360 8359
f 8364 8363 8362 8359
f 8353 8354 8355 8356
f 8353 8356 8357 8358
f 8371 8372 8366 8365
f 8372 8373 8367 8366
f 8373 8374 8368 8367
f 8374 8375 8369 8368
f 8375 8376 8370 8369
f 8376 8371 8365 8370
f 8374 8373 8372 8371
f 8376 8375 8374 8371
f 8365 8366 8367 8368
f 8365 8368 8369 8370
f 8383 8384 8378 8377
f 8384 8385 8379 8378
f 8385 8386 8380 8379
f 8386 8387 8381 8380
f 8387 8388 8382 8381
f 8388 8383 8377 8382
f 8386 8385 8384 8383
f 8388 8387 8386 8383
f 8377 8378 8379 8380
f 8377 8380 8381 8382
f 8395 8396 8390 8389
f 8396 8397 8391 8390
f 8397 8398 8392 8391
f 8398 8399 8393 8392
f 8399 8400 8394 8393
f 8400 8395 8389 8394
f 8398 8397 8396 8395
f 8400 8399 8398 8395
f 8389 8390 8391 8392
f 8389 8392 8393 8394
f 8407 8408 8402 8401
f 8408 8409 8403 8402
f 8409 8410 8404 8403
f 8410 8411 8405 8404
f 8411 8412 8406 8405
f 8412 8407 8401 8406
f 8410 8409 8408 8407
f 8412 8411 8410 8407
f 8401 8402 8403 8404
f 8401 8404 8405 8406
f 8419 8420 8414 8413
f 8420 8421 8415 8414
f 8421 8422 8416 8415
f 8422 8423 8417 8416
f 8423 8424 8418 8417
f 8424 8419 8413 8418
f 8422 8421 8420 8419
f 8424 8423 8422 8419
f 8413 8414 8415 8416
f 8413 8416 8417 8418
f 8431 8432 8426 8425
f 8432 8433 8427 8426
f 8433 8434 8428 8427
f 8434 8435 8429 8428
f 8435 8436 8430 8429
f 8436 8431 8425 8430
f 8434 8433 8432 8431
f 8436 8435 8434 8431
f 8425 8426 8427 8428
f 8425 8428 8429 8430
f 8443 8444 8438 8437
f 8444 8445 8439 8438
f 8445 8446 8440 8439
f 8446 8447 8441 8440
f 8447 8448 8442 8441
f 8448 8443 8437 8442
f 8446 8445 8444 8443
f 8448 8447 8446 8443
f 8437 8438 8439 8440
f 8437 8440 8441 8442
f 8455 8456 8450 8449
f 8456 8457 8451 8450
f 8457 8458 8452 8451
f 8458 8459 8453 8452
f 8459 8460 8454 8453
f 8460 8455 8449 8454
f 8458 8457 8456 8455
f 8460 8459 8458 8455
f 8449 8450 8451 8452
f 8449 8452 8453 8454
f 8467 8468 8462 8461
f 8468 8469 8463 8462
f 8469 8470 8464 8463
f 8470 8471 8465 8464
f 8471 8472 8466 8465
f 8472 8467 8461 8466
f 8470 8469 8468 8467
f 8472 8471 8470 8467
f 8461 8462 8463 8464
f 8461 8464 8465 8466
f 8479 8480 8474 8473
f 8480 8481 8475 8474
f 8481 8482 8476 8475
f 8482 8483 8477 8476
f 8483 8484 8478 8477
f 8484 8479 8473 8478
f 8482 8481 8480 8479
f 8484 8483 8482 8479
f 8473 8474 8475 8476
f 8473 8476 8477 8478
f 8491 8492 8486 8485
f 8492 8493 8487 8486
f 8493 8494 8488 8487
f 8494 8495 8489 8488
f 8495 8496 8490 8489
f 8496 8491 8485 8490
f 8494 8493 8492 8491
f 8496 8495 8494 8491
f 8485 8486 8487 8488
f 8485 8488 8489 8490
f 8503 8504 8498 8497
f 8504 8505 8499 8498
f 8505 8506 8500 8499
f 8506 8507 8501 8500
f 8507 8508 8502 8501
f 8508 8503 8497 8502
f 8506 8505 8504 8503
f 8508 8507 8506 8503
f 8497 8498 8499 8500
f 8497 8500 8501 8502
f 8515 8516 8510 8509
f 8516 8517 8511 8510
f 8517 8518 8512 8511
f 8518 8519 8513 8512
f 8519 8520 8514 8513
f 8520 8515 8509 8514
f 8518 8517 8516 8515
f 8520 8519 8518 8515
f 8509 8510 8511 8512
f 8509 8512 8513 8514
f 8527 8528 8522 8521
f 8528 8529 8523 8522
f 8529 8530 8524 8523
f 8530 8531 8525 8524
f 8531 8532 8526 8525
f 8532 8527 8521 8526
f 8530 8529 8528 8527
f 8532 8531 8530 8527
f 8521 8522 8523 8524
f 8521 8524 8525 8526
f 8539 8540 8534 8533
f 8540 8541 8535 8534
f 8541 8542 8536 8535
f 8542 8543 8537 8536
f 8543 8544 8538 8537
f 8544 8539 8533 8538
f 8542 8541 8540 8539
f 8544 8543 8542 8539
f 8533 8534 8535 8536
f 8533 8536 8537 8538
f 8551 8552 8546 8545
f 8552 8553 8547 8546
f 8553 8554 8548 8547
f 8554 8555 8549 8548
f 8555 8556 8550 8549
f 8556 8551 8545 8550
f 8554 8553 8552 8551
f 8556 8555 8554 8551
f 8545 8546 8547 8548
f 8545 8548 8549 8550
f 8563 8564 8558 8557
f 8564 8565 8559 8558
f 8565 8566 8560 8559
f 8566 8567 8561 8560
f 8567 8568 8562 8561
f 8568 8563 8557 8562
f 8566 8565 8564 8563
f 8568 8567 8566 8563
f 8557 8558 8559 8560
f 8557 8560 8561 8562
f 8575 8576 8570 8569
f 8576 8577 8571 8570
f 8577 8578 8572 8571
f 8578 8579 8573 8572
f 8579 8580 8574 8573
f 8580 8575 8569 8574
f 8578 8577 8576 8575
f 8580 8579 8578 8575
f 8569 8570 8571 8572
f 8569 8572 8573 8574
f 8587 8588 8582 8581
f 8588 8589 8583 8582
f 8589 8590 8584 8583
f 8590 8591 8585 8584
f 8591 8592 8586 8585
f 8592 8587 8581 8586
f 8590 8589 8588 8587
f 8592 8591 8590 8587
f 8581 8582 8583 8584
f 8581 8584 8585 8586
f 8599 8600 8594 8593
f 8600 8601 8595 8594
f 8601 8602 8596 8595
f 8602 8603 8597 8596
f 8603 8604 8598 8597
f 8604 8599 8593 8598
f 8602 8601 8600 8599
f 8604 8603 8602 8599
f 8593 8594 8595 8596
f 8593 8596 8597 8598
f 8611 8612 8606 8605
f 8612 8613 8607 8606
f 8613 8614 8608 8607
f 8614 8615 8609 8608
f 8615 8616 8610 8609
f 8616 8611 8605 8610
f 8614 8613 8612 8611
f 8616 8615 8614 8611
f 8605 8606 8607 8608
f 8605 8608 8609 8610
f 8623 8624 8618 8617
f 8624 8625 8619 8618
f 8625 8626 8620 8619
f 8626 8627 8621 8620
f 8627 8628 8622 8621
f 8628 8623 8617 8622
f 8626 8625 8624 8623
f 8628 8627 8626 8623
f 8617 8618 8619 8620
f 8617 8620 8621 8622
f 8635 8636 8630 8629
f 8636 8637 8631 8630
f 8637 8638 8632 8631
f 8638 8639 8633 8632
f 8639 8640 8634 8633
f 8640 8635 8629 8634
f 8638 8637 8636 8635
f 8640 8639 8638 8635
f 8629 8630 8631 8632
f 8629 8632 8633 8634
f 8647 8648 8642 8641
f 8648 8649 8643 8642
f 8649 8650 8644 8643
f 8650 8651 8645 8644
f 8651 8652 8646 8645
f 8652 8647 8641 8646
f 8650 8649 8648 8647
f 8652 8651 8650 8647
f 8641 8642 8643 8644
f 8641 8644 8645 8646
f 8659 8660 8654 8653
f 8660 8661 8655 8654
f 8661 8662 8656 8655
f 8662 8663 8657 8656
f 8663 8664 8658 8657
f 8664 8659 8653 8658
f 8662 8661 8660 8659
f 8664 8663 8662 8659
f 8653 8654 8655 8656
f 8653 8656 8657 8658
f 8671 8672 8666 8665
f 8672 8673 8667 8666
f 8673 8674 8668 8667
f 8674 8675 8669 8668
f 8675 8676 8670 8669
f 8676 8671 8665 8670
f 8674 8673 8672 8671
f 8676 8675 8674 8671
f 8665 8666 8667 8668
f 8665 8668 8669 8670
f 8683 8684 8678 8677
f 8684 8685 8679 8678
f 8685 8686 8680 8679
f 8686 8687 8681 8680
f 8687 8688 8682 8681
f 8688 8683 8677 8682
f 8686 8685 8684 8683
f 8688 8687 8686 8683
f 8677 8678 8679 8680
f 8677 8680 8681 8682
f 8695 8696 8690 8689
f 8696 8697 8691 8690
f 8697 8698 8692 8691
f 8698 8699 8693 8692
f 8699 8700 8694 8693
f 8700 8695 8689 8694
f 8698 8697 8696 8695
f 8700 8699 8698 8695
f 8689 8690 8691 8692
f 8689 8692 8693 8694
f 8707 8708 8702 8701
f 8708 8709 8703 8702
f 8709 8710 8704 8703
f 8710 8711 8705 8704
f 8711 8712 8706 8705
f 8712 8707 8701 8706
f 8710 8709 8708 8707
f 8712 8711 8710 8707
f 8701 8702 8703 8704
f 8701 8704 8705 8706
f 8719 8720 8714 8713
f 8720 8721 8715 8714
f 8721 8722 8716 8715
f 8722 8723 8717 8716
f 8723 8724 8718 8717
f 8724 8719 8713 8718
f 8722 8721 8720 8719
f 8724 8723 8722 8719
f 8713 8714 8715 8716
f 8713 8716 8717 8718
f 8731 8732 8726 8725
f 8732 8733 8727 8726
f 8733 8734 8728 8727
f 8734 8735 8729 8728
f 8735 8736 8730 8729
f 8736 8731 8725 8730
f 8734 8733 8732 8731
f 8736 8735 8734 8731
f 8725 8726 8727 8728
f 8725 8728 8729 8730
f 8743 8744 8738 8737
f 8744 8745 8739 8738
f 8745 8746 8740 8739
f 8746 8747 8741 8740
f 8747 8748 8742 8741
f 8748 8743 8737 8742
f 8746 8745 8744 8743
f 8748 8747 8746 8743
f 8737 8738 8739 8740
f 8737 8740 8741 8742
f 8755 8756 8750 8749
f 8756 8757 8751 8750
f 8757 8758 8752 8751
f 8758 8759 8753 8752
f 8759 8760 8754 8753
f 8760 8755 8749 8754
f 8758 8757 8756 8755
f 8760 8759 8758 8755
f 8749 8750 8751 8752
f 8749 8752 8753 8754
f 8767 8768 8762 8761
f 8768 8769 8763 8762
f 8769 8770 8764 8763
f 8770 8771 8765 8764
f 8771 8772 8766 8765
f 8772 8767 8761 8766
f 8770 8769 8768 8767
f 8772 8771 8770 8767
f 8761 8762 8763 8764
f 8761 8764 8765 8766
f 8779 8780 8774 8773
f 8780 8781 8775 8774
f 8781 8782 8776 8775
f 8782 8783 8777 8776
f 8783 8784 8778 8777
f 8784 8779 8773 8778
f 8782 8781 8780 8779
f 8784 8783 8782 8779
f 8773 8774 8775 8776
f 8773 8776 8777 8778
f 8791 8792 8786 8785
f 8792 8793 8787 8786
f 8793 8794 8788 8787
f 8794 8795 8789 8788
f 8795 8796 8790 8789
f 8796 8791 8785 8790
f 8794 8793 8792 8791
f 8796 8795 8794 8791
f 8785 8786 8787 8788
f 8785 8788 8789 8790
f 8803 8804 8798 8797
f 8804 8805 8799 8798
f 8805 8806 8800 8799
f 8806 8807 8801 8800
f 8807 8808 8802 8801
f 8808 8803 8797 8802
f 8806 8805 8804 8803
f 8808 8807 8806 8803
f 8797 8798 8799 8800
f 8797 8800 8801 8802
f 8815 8816 8810 8809
f 8816 8817 8811 8810
f 8817 8818 8812 8811
f 8818 8819 8813 8812
f 8819 8820 8814 8813
f 8820 8815 8809 8814
f 8818 8817 8816 8815
f 8820 8819 8818 8815
f 8809 8810 8811 8812
f 8809 8812 8813 8814
f 8827 8828 8822 8821
f 8828 8829 8823 8822
f 8829 8830 8824 8823
f 8830 8831 8825 8824
f 8831 8832 8826 8825
f 8832 8827 8821 8826
f 8830 8829 8828 8827
f 8832 8831 8830 8827
f 8821 8822 8823 8824
f 8821 8824 8825 8826
f 8839 8840 8834 8833
f 8840 8841 8835 8834
f 8841 8842 8836 8835
f 8842 8843 8837 8836
f 8843 8844 8838 8837
f 8844 8839 8833 8838
f 8842 8841 8840 8839
f 8844 8843 8842 8839
f 8833 8834 8835 8836
f 8833 8836 8837 8838
f 8851 8852 8846 8845
f 8852 8853 8847 8846
f 8853 8854 8848 8847
f 8854 8855 8849 8848
f 8855 8856 8850 8849
f 8856 8851 8845 8850
f 8854 8853 8852 8851
f 8856 8855 8854 8851
f 8845 8846 8847 8848
f 8845 8848 8849 8850
f 8863 8864 8858 8857
f 8864 8865 8859 8858
f 8865 8866 8860 8859
f 8866 8867 8861 8860
f 8867 8868 8862 8861
f 8868 8863 8857 8862
f 8866 8865 8864 8863
f 8868 8867 8866 8863
f 8857 8858 8859 8860
f 8857 8860 8861 8862
f 8875 8876 8870 8869
f 8876 8877 8871 8870
f 8877 8878 8872 8871
f 8878 8879 8873 8872
f 8879 8880 8874 8873
f 8880 8875 8869 8874
f 8878 8877 8876 8875
f 8880 8879 8878 8875
f 8869 8870 8871 8872
f 8869 8872 8873 8874
f 8887 8888 8882 8881
f 8888 8889 8883 8882
f 8889 8890 8884 8883
f 8890 8891 8885 8884
f 8891 8892 8886 8885
f 8892 8887 8881 8886
f 8890 8889 8888 8887
f 8892 8891 8890 8887
f 8881 8882 8883 8884
f 8881 8884 8885 8886
f 8899 8900 8894 8893
f 8900 8901 8895 8894
f 8901 8902 8896 8895
f 8902 8903 8897 8896
f 8903 8904 8898 8897
f 8904 8899 8893 8898
f 8902 8901 8900 8899
f 8904 8903 8902 8899
f 8893 8894 8895 8896
f 8893 8896 8897 8898
f 8911 8912 8906 8905
f 8912 8913 8907 8906
f 8913 8914 8908 8907
f 8914 8915 8909 8908
f 8915 8916 8910 8909
f 8916 8911 8905 8910
f 8914 8913 8912 8911
f 8916 8915 8914 8911
f 8905 8906 8907 8908
f 8905 8908 8909 8910
f 8923 8924 8918 8917
f 8924 8925 8919 8918
f 8925 8926 8920 8919
f 8926 8927 8921 8920
f 8927 8928 8922 8921
f 8928 8923 8917 8922
f 8926 8925 8924 8923
f 8928 8927 8926 8923
f 8917 8918 8919 8920
f 8917 8920 8921 8922
f 8935 8936 8930 8929
f 8936 8937 8931 8930
f 8937 8938 8932 8931
f 8938 8939 8933 8932
f 8939 8940 8934 8933
f 8940 8935 8929 8934
f 8938 8937 8936 8935
f 8940 8939 8938 8935
f 8929 8930 8931 8932
f 8929 8932 8933 8934
f 8947 8948 8942 8941
f 8948 8949 8943 8942
f 8949 8950 8944 8943
f 8950 8951 8945 8944
f 8951 8952 8946 8945
f 8952 8947 8941 8946
f 8950 8949 8948 8947
f 8952 8951 8950 8947
f 8941 8942 8943 8944
f 8941 8944 8945 8946
f 8959 8960 8954 8953
f 8960 8961 8955 8954
f 8961 8962 8956 8955
f 8962 8963 8957 8956
f 8963 8964 8958 8957
f 8964 8959 8953 8958
f 8962 8961 8960 8959
f 8964 8963 8962 8959
f 8953 8954 8955 8956
f 8953 8956 8957 8958
f 8971 8972 8966 8965
f 8972 8973 8967 8966
f 8973 8974 8968 8967
f 8974 8975 8969 8968
f 8975 8976 8970 8969
f 8976 8971 8965 8970
f 8974 8973 8972 8971
f 8976 8975 8974 8971
f 8965 8966 8967 8968
f 8965 8968 8969 8970
f 8983 8984 8978 8977
f 8984 8985 8979 8978
f 8985 8986 8980 8979
f 8986 8987 8981 8980
f 8987 8988 8982 8981
f 8988 8983 8977 8982
f 8986 8985 8984 8983
f 8988 8987 8986 8983
f 8977 8978 8979 8980
f 8977 8980 8981 8982
f 8995 8996 8990 8989
f 8996 8997 8991 8990
f 8997 8998 8992 8991
f 8998 8999 8993 8992
f 8999 9000 8994 8993
f 9000 8995 8989 8994
f 8998 8997 8996 8995
f 9000 8999 8998 8995
f 8989 8990 8991 8992
f 8989 8992 8993 8994
f 9007 9008 9002 9001
f 9008 9009 9003 9002
f 9009 9010 9004 9003
f 9010 9011 9005 9004
f 9011 9012 9006 9005
f 9012 9007 9001 9006
f 9010 9009 9008 9007
f 9012 9011 9010 9007
f 9001 9002 9003 9004
f 9001 9004 9005 9006
f 9019 9020 9014 9013
f 9020 9021 9015 9014
f 9021 9022 9016 9015
f 9022 9023 9017 9016
f 9023 9024 9018 9017
f 9024 9019 9013 9018
f 9022 9021 9020 9019
f 9024 9023 9022 9019
f 9013 9014 9015 9016
f 9013 9016 9017 9018
f 9031 9032 9026 9025
f 9032 9033 9027 9026
f 9033 9034 9028 9027
f 9034 9035 9029 9028
f 9035 9036 9030 9029
f 9036 9031 9025 9030
f 9034 9033 9032 9031
f 9036 9035 9034 9031
f 9025 9026 9027 9028
f 9025 9028 9029 9030
f 9043 9044 9038 9037
f 9044 9045 9039 9038
f 9045 9046 9040 9039
f 9046 9047 9041 9040
f 9047 9048 9042 9041
f 9048 9043 9037 9042
f 9046 9045 9044 9043
f 9048 9047 9046 9043
f 9037 9038 9039 9040
f 9037 9040 9041 9042
f 9055 9056 9050 9049
f 9056 9057 9051 9050
f 9057 9058 9052 9051
f 9058 9059 9053 9052
f 9059 9060 9054 9053
f 9060 9055 9049 9054
f 9058 9057 9056 9055
f 9060 9059 9058 9055
f 9049 9050 9051 9052
f 9049 9052 9053 9054
f 9067 9068 9062 9061
f 9068 9069 9063 9062
f 9069 9070 9064 9063
f 9070 9071 9065 9064
f 9071 9072 9066 9065
f 9072 9067 9061 9066
f 9070 9069 9068 9067
f 9072 9071 9070 9067
f 9061 9062 9063 9064
f 9061 9064 9065 9066
f 9079 9080 9074 9073
f 9080 9081 9075 9074
f 9081 9082 9076 9075
f 9082 9083 9077 9076
f 9083 9084 9078 9077
f 9084 9079 9073 9078
f 9082 9081 9080 9079
f 9084 9083 9082 9079
f 9073 9074 9075 9076
f 9073 9076 9077 9078
f 9091 9092 9086 9085
f 9092 9093 9087 9086
f 9093 9094 9088 9087
f 9094 9095 9089 9088
f 9095 9096 9090 9089
f 9096 9091 9085 9090
f 9094 9093 9092 9091
f 9096 9095 9094 9091
f 9085 9086 9087 9088
f 9085 9088 9089 9090
f 9103 9104 9098 9097
f 9104 9105 9099 9098
f 9105 9106 9100 9099
f 9106 9107 9101 9100
f 9107 9108 9102 9101
f 9108 9103 9097 9102
f 9106 9105 9104 9103
f 9108 9107 9106 9103
f 9097 9098 9099 9100
f 9097 9100 9101 9102
f 9115 9116 9110 9109
f 9116 9117 9111 9110
f 9117 9118 9112 9111
f 9118 9119 9113 9112
f 9119 9120 9114 9113
f 9120 9115 9109 9114
f 9118 9117 9116 9115
f 9120 9119 9118 9115
f 9109 9110 9111 9112
f 9109 9112 9113 9114
f 9127 9128 9122 9121
f 9128 9129 9123 9122
f 9129 9130 9124 9123
f 9130 9131 9125 9124
f 9131 9132 9126 9125
f 9132 9127 9121 9126
f 9130 9129 9128 9127
f 9132 9131 9130 9127
f 9121 9122 9123 9124
f 9121 9124 9125 9126
f 9139 9140 9134 9133
f 9140 9141 9135 9134
f 9141 9142 9136 9135
f 9142 9143 9137 9136
f 9143 9144 9138 9137
f 9144 9139 9133 9138
f 9142 9141 9140 9139
f 9144 9143 9142 9139
f 9133 9134 9135 9136
f 9133 9136 9137 9138
f 9151 9152 9146 9145
f 9152 9153 9147 9146
f 9153 9154 9148 9147
f 9154 9155 9149 9148
f 9155 9156 9150 9149
f 9156 9151 9145 9150
f 9154 9153 9152 9151
f 9156 9155 9154 9151
f 9145 9146 9147 9148
f 9145 9148 9149 9150
f 9163 9164 9158 9157
f 9164 9165 9159 9158
f 9165 9166 9160 9159
f 9166 9167 9161 9160
f 9167 9168 9162 9161
f 9168 9163 9157 9162
f 9166 9165 9164 9163
f 9168 9167 9166 9163
f 9157 9158 9159 9160
f 9157 9160 9161 9162
f 9175 9176 9170 9169
f 9176 9177 9171 9170
f 9177 9178 9172 9171
f 9178 9179 9173 9172
f 9179 9180 9174 9173
f 9180 9175 9169 9174
f 9178 9177 9176 9175
f 9180 9179 9178 9175
f 9169 9170 9171 9172
f 9169 9172 9173 9174
f 9187 9188 9182 9181
f 9188 9189 9183 9182
f 9189 9190 9184 9183
f 9190 9191 9185 9184
f 9191 9192 9186 9185
f 9192 9187 9181 9186
f 9190 9189 9188 9187
f 9192 9191 9190 9187
f 9181 9182 9183 9184
f 9181 9184 9185 9186
f 9199 9200 9194 9193
f 9200 9201 9195 9194
f 9201 9202 9196 9195
f 9202 9203 9197 9196
f 9203 9204 9198 9197
f 9204 9199 9193 9198
f 9202 9201 9200 9199
f 9204 9203 9202 9199
f 9193 9194 9195 9196
f 9193 9196 9197 9198
f 9211 9212 9206 9205
f 9212 9213 9207 9206
f 9213 9214 9208 9207
f 9214 9215 9209 9208
f 9215 9216 9210 9209
f 9216 9211 9205 9210
f 9214 9213 9212 9211
f 9216 9215 9214 9211
f 9205 9206 9207 9208
f 9205 9208 9209 9210
f 9223 9224 9218 9217
f 9224 9225 9219 9218
f 9225 9226 9220 9219
f 9226 9227 9221 9220
f 9227 9228 9222 9221
f 9228 9223 9217 9222
f 9226 9225 9224 9223
f 9228 9227 9226 9223
f 9217 9218 9219 9220
f 9217 9220 9221 9222
f 9235 9236 9230 9229
f 9236 9237 9231 9230
f 9237 9238 9232 9231
f 9238 9239 9233 9232
f 9239 9240 9234 9233
f 9240 9235 9229 9234
f 9238 9237 9236 9235
f 9240 9239 9238 9235
f 9229 9230 9231 9232
f 9229 9232 9233 9234
f 9247 9248 9242 9241
f 9248 9249 9243 9242
f 9249 9250 9244 9243
f 9250 9251 9245 9244
f 9251 9252 9246 9245
f 9252 9247 9241 9246
f 9250 9249 9248 9247
f 9252 9251 9250 9247
f 9241 9242 9243 9244
f 9241 9244 9245 9246
f 9259 9260 9254 9253
f 9260 9261 9255 9254
f 9261 9262 9256 9255
f 9262 9263 9257 9256
f 9263 9264 9258 9257
f 9264 9259 9253 9258
f 9262 9261 9260 9259
f 9264 9263 9262 9259
f 9253 9254 9255 9256
f 9253 9256 9257 9258
f 9271 9272 9266 9265
f 9272 9273 9267 9266
f 9273 9274 9268 9267
f 9274 9275 9269 9268
f 9275 9276 9270 9269
f 9276 9271 9265 9270
f 9274 9273 9272 9271
f 9276 9275 9274 9271
f 9265 9266 9267 9268
f 9265 9268 9269 9270
f 9283 9284 9278 9277
f 9284 9285 9279 9278
f 9285 9286 9280 9279
f 9286 9287 9281 9280
f 9287 9288 9282 9281
f 9288 9283 9277 9282
f 9286 9285 9284 9283
f 9288 9287 9286 9283
f 9277 9278 9279 9280
f 9277 9280 9281 9282
f 9295 9296 9290 9289
f 9296 9297 9291 9290
f 9297 9298 9292 9291
f 9298 9299 9293 9292
f 9299 9300 9294 9293
f 9300 9295 9289 9294
f 9298 9297 9296 9295
f 9300 9299 9298 9295
f 9289 9290 9291 9292
f 9289 9292 9293 9294
f 9307 9308 9302 9301
f 9308 9309 9303 9302
f 9309 9310 9304 9303
f 9310 9311 9305 9304
f 9311 9312 9306 9305
f 9312 9307 9301 9306
f 9310 9309 9308 9307
f 9312 9311 9310 9307
f 9301 9302 9303 9304
f 9301 9304 9305 9306
f 9319 9320 9314 9313
f 9320 9321 9315 9314
f 9321 9322 9316 9315
f 9322 9323 9317 9316
f 9323 9324 9318 9317
f 9324 9319 9313 9318
f 9322 9321 9320 9319
f 9324 9323 9322 9319
f 9313 9314 9315 9316
f 9313 9316 9317 9318
f 9331 9332 9326 9325
f 9332 9333 9327 9326
f 9333 9334 9328 9327
f 9334 9335 9329 9328
f 9335 9336 9330 9329
f 9336 9331 9325 9330
f 9334 9333 9332 9331
f 9336 9335 9334 9331
f 9325 9326 9327 9328
f 9325 9328 9329 9330
f 9343 9344 9338 9337
f 9344 9345 9339 9338
f 9345 9346 9340 9339
f 9346 9347 9341 9340
f 9347 9348 9342 9341
f 9348 9343 9337 9342
f 9346 9345 9344 9343
f 9348 9347 9346 9343
f 9337 9338 9339 9340
f 9337 9340 9341 9342
f 9355 9356 9350 9349
f 9356 9357 9351 9350
f 9357 9358 9352 9351
f 9358 9359 9353 9352
f 9359 9360 9354 9353
f 9360 9355 9349 9354
f 9358 9357 9356 9355
f 9360 9359 9358 9355
f 9349 9350 9351 9352
f 9349 9352 9353 9354
f 9367 9368 9362 9361
f 9368 9369 9363 9362
f 9369 9370 9364 9363
f 9370 9371 9365 9364
f 9371 9372 9366 9365
f 9372 9367 9361 9366
f 9370 9369 9368 9367
f 9372 9371 9370 9367
f 9361 9362 9363 9364
f 9361 9364 9365 9366
f 9379 9380 9374 9373
f 9380 9381 9375 9374
f 9381 9382 9376 9375
f 9382 9383 9377 9376
f 9383 9384 9378 9377
f 9384 9379 9373 9378
f 9382 9381 9380 9379
f 9384 9383 9382 9379
f 9373 9374 9375 9376
f 9373 9376 9377 9378
f 9391 9392 9386 9385
f 9392 9393 9387 9386
f 9393 9394 9388 9387
f 9394 9395 9389 9388
f 9395 9396 9390 9389
f 9396 9391 9385 9390
f 9394 9393 9392 9391
f 9396 9395 9394 9391
f 9385 9386 9387 9388
f 9385 9388 9389 9390
f 9403 9404 9398 9397
f 9404 9405 9399 9398
f 9405 9406 9400 9399
f 9406 9407 9401 9400
f 9407 9408 9402 9401
f 9408 9403 9397 9402
f 9406 9405 9404 9403
f 9408 9407 9406 9403
f 9397 9398 9399 9400
f 9397 9400 9401 9402
f 9415 9416 9410 9409
f 9416 9417 9411 9410
f 9417 9418 9412 9411
f 9418 9419 9413 9412
f 9419 9420 9414 9413
f 9420 9415 9409 9414
f 9418 9417 9416 9415
f 9420 9419 9418 9415
f 9409 9410 9411 9412
f 9409 9412 9413 9414
f 9427 9428 9422 9421
f 9428 9429 9423 9422
f 9429 9430 9424 9423
f 9430 9431 9425 9424
f 9431 9432 9426 9425
f 9432 9427 9421 9426
f 9430 9429 9428 9427
f 9432 9431 9430 9427
f 9421 9422 9423 9424
f 9421 9424 9425 9426
f 9439 9440 9434 9433
f 9440 9441 9435 9434
f 9441 9442 9436 9435
f 9442 9443 9437 9436
f 9443 9444 9438 9437
f 9444 9439 9433 9438
f 9442 9441 9440 9439
f 9444 9443 9442 9439
f 9433 9434 9435 9436
f 9433 9436 9437 9438
f 9451 9452 9446 9445
f 9452 9453 9447 9446
f 9453 9454 9448 9447
f 9454 9455 9449 9448
f 9455 9456 9450 9449
f 9456 9451 9445 9450
f 9454 9453 9452 9451
f 9456 9455 9454 9451
f 9445 9446 9447 9448
f 9445 9448 9449 9450
f 9463 9464 9458 9457
f 9464 9465 9459 9458
f 9465 9466 9460 9459
f 9466 9467 9461 9460
f 9467 9468 9462 9461
f 9468 9463 9457 9462
f 9466 9465 9464 9463
f 9468 9467 9466 9463
f 9457 9458 9459 9460
f 9457 9460 9461 9462
f 9475 9476 9470 9469
f 9476 9477 9471 9470
f 9477 9478 9472 9471
f 9478 9479 9473 9472
f 9479 9480 9474 9473
f 9480 9475 9469 9474
f 9478 9477 9476 9475
f 9480 9479 9478 9475
f 9469 9470 9471 9472
f 9469 9472 9473 9474
f 9487 9488 9482 9481
f 9488 9489 9483 9482
f 9489 9490 9484 9483
f 9490 9491 9485 9484
f 9491 9492 9486 9485
f 9492 9487 9481 9486
f 9490 9489 9488 9487
f 9492 9491 9490 9487
f 9481 9482 9483 9484
f 9481 9484 9485 9486
f 9499 9500 9494 9493
f 9500 9501 9495 9494
f 9501 9502 9496 9495
f 9502 9503 9497 9496
f 9503 9504 9498 9497
f 9504 9499 9493 9498
f 9502 9501 9500 9499
f 9504 9503 9502 9499
f 9493 9494 9495 9496
f 9493 9496 9497 9498
f 9511 9512 9506 9505
f 9512 9513 9507 9506
f 9513 9514 9508 9507
f 9514 9515 9509 9508
f 9515 9516 9510 9509
f 9516 9511 9505 9510
f 9514 9513 9512 9511
f 9516 9515 9514 9511
f 9505 9506 9507 9508
f 9505 9508 9509 9510
f 9523 9524 9518 9517
f 9524 9525 9519 9518
f 9525 9526 9520 9519
f 9526 9527 9521 9520
f 9527 9528 9522 9521
f 9528 9523 9517 9522
f 9526 9525 9524 9523
f 9528 9527 9526 9523
f 9517 9518 9519 9520
f 9517 9520 9521 9522
f 9535 9536 9530 9529
f 9536 9537 9531 9530
f 9537 9538 9532 9531
f 9538 9539 9533 9532
f 9539 9540 9534 9533
f 9540 9535 9529 9534
f 9538 9537 9536 9535
f 9540 9539 9538 9535
f 9529 9530 9531 9532
f 9529 9532 9533 9534
f 9547 9548 9542 9541
f 9548 9549 9543 9542
f 9549 9550 9544 9543
f 9550 9551 9545 9544
f 9551 9552 9546 9545
f 9552 9547 9541 9546
f 9550 9549 9548 9547
f 9552 9551 9550 9547
f 9541 9542 9543 9544
f 9541 9544 9545 9546
f 9559 9560 9554 9553
f 9560 9561 9555 9554
f 9561 9562 9556 9555
f 9562 9563 9557 9556
f 9563 9564 9558 9557
f 9564 9559 9553 9558
f 9562 9561 9560 9559
f 9564 9563 9562 9559
f 9553 9554 9555 9556
f 9553 9556 9557 9558
f 9571 9572 9566 9565
f 9572 9573 9567 9566
f 9573 9574 9568 9567
f 9574 9575 9569 9568
f 9575 9576 9570 9569
f 9576 9571 9565 9570
f 9574 9573 9572 9571
f 9576 9575 9574 9571
f 9565 9566 9567 9568
f 9565 9568 9569 9570
f 9583 9584 9578 9577
f 9584 9585 9579 9578
f 9585 9586 9580 9579
f 9586 9587 9581 9580
f 9587 9588 9582 9581
f 9588 9583 9577 9582
f 9586 9585 9584 9583
f 9588 9587 9586 9583
f 9577 9578 9579 9580
f 9577 9580 9581 9582
f 9595 9596 9590 9589
f 9596 9597 9591 9590
f 9597 9598 9592 9591
f 9598 9599 9593 9592
f 9599 9600 9594 9593
f 9600 9595 9589 9594
f 9598 9597 9596 9595
f 9600 9599 9598 9595
f 9589 9590 9591 9592
f 9589 9592 9593 9594
f 9607 9608 9602 9601
f 9608 9609 9603 9602
f 9609 9610 9604 9603
f 9610 9611 9605 9604
f 9611 9612 9606 9605
f 9612 9607 9601 9606
f 9610 9609 9608 9607
f 9612 9611 9610 9607
f 9601 9602 9603 9604
f 9601 9604 9605 9606
f 9619 9620 9614 9613
f 9620 9621 9615 9614
f 9621 9622 9616 9615
f 9622 9623 9617 9616
f 9623 9624 9618 9617
f 9624 9619 9613 9618
f 9622 9621 9620 9619
f 9624 9623 9622 9619
f 9613 9614 9615 9616
f 9613 9616 9617 9618
f 9631 9632 9626 9625
f 9632 9633 9627 9626
f 9633 9634 9628 9627
f 9634 9635 9629 9628
f 9635 9636 9630 9629
f 9636 9631 9625 9630
f 9634 9633 9632 9631
f 9636 9635 9634 9631
f 9625 9626 9627 9628
f 9625 9628 9629 9630
f 9643 9644 9638 9637
f 9644 9645 9639 9638
f 9645 9646 9640 9639
f 9646 9647 9641 9640
f 9647 9648 9642 9641
f 9648 9643 9637 9642
f 9646 9645 9644 9643
f 9648 9647 9646 9643
f 9637 9638 9639 9640
f 9637 9640 9641 9642
f 9655 9656 9650 9649
f 9656 9657 9651 9650
f 9657 9658 9652 9651
f 9658 9659 9653 9652
f 9659 9660 9654 9653
f 9660 9655 9649 9654
f 9658 9657 9656 9655
f 9660 9659 9658 9655
f 9649 9650 9651 9652
f 9649 9652 9653 9654
f 9667 9668 9662 9661
f 9668 9669 9663 9662
f 9669 9670 9664 9663
f 9670 9671 9665 9664
f 9671 9672 9666 9665
f 9672 9667 9661 9666
f 9670 9669 9668 9667
f 9672 9671 9670 9667
f 9661 9662 9663 9664
f 9661 9664 9665 9666
f 9679 9680 9674 9673
f 9680 9681 9675 9674
f 9681 9682 9676 9675
f 9682 9683 9677 9676
f 9683 9684 9678 9677
f 9684 9679 9673 9678
f 9682 9681 9680 9679
f 9684 9683 9682 9679
f 9673 9674 9675 9676
f 9673 9676 9677 9678
f 9691 9692 9686 9685
f 9692 9693 9687 9686
f 9693 9694 9688 9687
f 9694 9695 9689 9688
f 9695 9696 9690 9689
f 9696 9691 9685 9690
f 9694 9693 9692 9691
f 9696 9695 9694 9691
f 9685 9686 9687 9688
f 9685 9688 9689 9690
f 9703 9704 9698 9697
f 9704 9705 9699 9698
f 9705 9706 9700 9699
f 9706 9707 9701 9700
f 9707 9708 9702 9701
f 9708 9703 9697 9702
f 9706 9705 9704 9703
f 9708 9707 9706 9703
f 9697 9698 9699 9700
f 9697 9700 9701 9702
f 9715 9716 9710 9709
f 9716 9717 9711 9710
f 9717 9718 9712 9711
f 9718 9719 9713 9712
f 9719 9720 9714 9713
f 9720 9715 9709 9714
f 9718 9717 9716 9715
f 9720 9719 9718 9715
f 9709 9710 9711 9712
f 9709 9712 9713 9714
f 9727 9728 9722 9721
f 9728 9729 9723 9722
f 9729 9730 9724 9723
f 9730 9731 9725 9724
f 9731 9732 9726 9725
f 9732 9727 9721 9726
f 9730 9729 9728 9727
f 9732 9731 9730 9727
f 9721 9722 9723 9724
f 9721 9724 9725 9726
f 9739 9740 9734 9733
f 9740 9741 9735 9734
f 9741 9742 9736 9735
f 9742 9743 9737 9736
f 9743 9744 9738 9737
f 9744 9739 9733 9738
f 9742 9741 9740 9739
f 9744 9743 9742 9739
f 9733 9734 9735 9736
f 9733 9736 9737 9738
f 9751 9752 9746 9745
f 9752 9753 9747 9746
f 9753 9754 9748 9747
f 9754 9755 9749 9748
f 9755 9756 9750 9749
f 9756 9751 9745 9750
f 9754 9753 9752 9751
f 9756 9755 9754 9751
f 9745 9746 9747 9748
f 9745 9748 9749 9750
f 9763 9764 9758 9757
f 9764 9765 9759 9758
f 9765 9766 9760 9759
f 9766 9767 9761 9760
f 9767 9768 9762 9761
f 9768 9763 9757 9762
f 9766 9765 9764 9763
f 9768 9767 9766 9763
f 9757 9758 9759 9760
f 9757 9760 9761 9762
f 9775 9776 9770 9769
f 9776 9777 9771 9770
f 9777 9778 9772 9771
f 9778 9779 9773 9772
f 9779 9780 9774 9773
f 9780 9775 9769 9774
f 9778 9777 9776 9775
f 9780 9779 9778 9775
f 9769 9770 9771 9772
f 9769 9772 9773 9774
f 9787 9788 9782 9781
f 9788 9789 9783 9782
f 9789 9790 9784 9783
f 9790 9791 9785 9784
f 9791 9792 9786 9785
f 9792 9787 9781 9786
f 9790 9789 9788 9787
f 9792 9791 9790 9787
f 9781 9782 9783 9784
f 9781 9784 9785 9786
f 9799 9800 9794 9793
f 9800 9801 9795 9794
f 9801 9802 9796 9795
f 9802 9803 9797 9796
f 9803 9804 9798 9797
f 9804 9799 9793 9798
f 9802 9801 9800 9799
f 9804 9803 9802 9799
f 9793 9794 9795 9796
f 9793 9796 9797 9798
f 9811 9812 9806 9805
f 9812 9813 9807 9806
f 9813 9814 9808 9807
f 9814 9815 9809 9808
f 9815 9816 9810 9809
f 9816 9811 9805 9810
f 9814 9813 9812 9811
f 9816 9815 9814 9811
f 9805 9806 9807 9808
f 9805 9808 9809 9810
f 9823 9824 9818 9817
f 9824 9825 9819 9818
f 9825 9826 9820 9819
f 9826 9827 9821 9820
f 9827 9828 9822 9821
f 9828 9823 9817 9822
f 9826 9825 9824 9823
f 9828 9827 9826 9823
f 9817 9818 9819 9820
f 9817 9820 9821 9822
f 9835 9836 9830 9829
f 9836 9837 9831 9830
f 9837 9838 9832 9831
f 9838 9839 9833 9832
f 9839 9840 9834 9833
f 9840 9835 9829 9834
f 9838 9837 9836 9835
f 9840 9839 9838 9835
f 9829 9830 9831 9832
f 9829 9832 9833 9834
f 9847 9848 9842 9841
f 9848 9849 9843 9842
f 9849 9850 9844 9843
f 9850 9851 9845 9844
f 9851 9852 9846 9845
f 9852 9847 9841 9846
f 9850 9849 9848 9847
f 9852 9851 9850 9847
f 9841 9842 9843 9844
f 9841 9844 9845 9846
f 9859 9860 9854 9853
f 9860 9861 9855 9854
f 9861 9862 9856 9855
f 9862 9863 9857 9856
f 9863 9864 9858 9857
f 9864 9859 9853 9858
f 9862 9861 9860 9859
f 9864 9863 9862 9859
f 9853 9854 9855 9856
f 9853 9856 9857 9858
f 9871 9872 9866 9865
f 9872 9873 9867 9866
f 9873 9874 9868 9867
f 9874 9875 9869 9868
f 9875 9876 9870 9869
f 9876 9871 9865 9870
f 9874 9873 9872 9871
f 9876 9875 9874 9871
f 9865 9866 9867 9868
f 9865 9868 9869 9870
f 9883 9884 9878 9877
f 9884 9885 9879 9878
f 9885 9886 9880 9879
f 9886 9887 9881 9880
f 9887 9888 9882 9881
f 9888 9883 9877 9882
f 9886 9885 9884 9883
f 9888 9887 9886 9883
f 9877 9878 9879 9880
f 9877 9880 9881 9882
f 9895 9896 9890 9889
f 9896 9897 9891 9890
f 9897 9898 9892 9891
f 9898 9899 9893 9892
f 9899 9900 9894 9893
f 9900 9895 9889 9894
f 9898 9897 9896 9895
f 9900 9899 9898 9895
f 9889 9890 9891 9892
f 9889 9892 9893 9894
f 9907 9908 9902 9901
f 9908 9909 9903 9902
f 9909 9910 9904 9903
f 9910 9911 9905 9904
f 9911 9912 9906 9905
f 9912 9907 9901 9906
f 9910 9909 9908 9907
f 9912 9911 9910 9907
f 9901 9902 9903 9904
f 9901 9904 9905 9906
f 9919 9920 9914 9913
f 9920 9921 9915 9914
f 9921 9922 9916 9915
f 9922 9923 9917 9916
f 9923 9924 9918 9917
f 9924 9919 9913 9918
f 9922 9921 9920 9919
f 9924 9923 9922 9919
f 9913 9914 9915 9916
f 9913 9916 9917 9918
f 9931 9932 9926 9925
f 9932 9933 9927 9926
f 9933 9934 9928 9927
f 9934 9935 9929 9928
f 9935 9936 9930 9929
f 9936 9931 9925 9930
f 9934 9933 9932 9931
f 9936 9935 9934 9931
f 9925 9926 9927 9928
f 9925 9928 9929 9930
f 9943 9944 9938 9937
f 9944 9945 9939 9938
f 9945 9946 9940 9939
f 9946 9947 9941 9940
f 9947 9948 9942 9941
f 9948 9943 9937 9942
f 9946 9945 9944 9943
f 9948 9947 9946 9943
f 9937 9938 9939 9940
f 9937 9940 9941 9942
f 9955 9956 9950 9949
f 9956 9957 9951 9950
f 9957 9958 9952 9951
f 9958 9959 9953 9952
f 9959 9960 9954 9953
f 9960 9955 9949 9954
f 9958 9957 9956 9955
f 9960 9959 9958 9955
f 9949 9950 9951 9952
f 9949 9952 9953 9954
f 9967 9968 9962 9961
f 9968 9969 9963 9962
f 9969 9970 9964 9963
f 9970 9971 9965 9964
f 9971 9972 9966 9965
f 9972 9967 9961 9966
f 9970 9969 9968 9967
f 9972 9971 9970 9967
f 9961 9962 9963 9964
f 9961 9964 9965 9966
f 9979 9980 9974 9973
f 9980 9981 9975 9974
f 9981 9982 9976 9975
f 9982 9983 9977 9976
f 9983 9984 9978 9977
f 9984 9979 9973 9978
f 9982 9981 9980 9979
f 9984 9983 9982 9979
f 9973 9974 9975 9976
f 9973 9976 9977 9978
f 9991 9992 9986 9985
f 9992 9993 9987 9986
f 9993 9994 9988 9987
f 9994 9995 9989 9988
f 9995 9996 9990 9989
f 9996 9991 9985 9990
f 9994 9993 9992 9991
f 9996 9995 9994 9991
f 9985 9986 9987 9988
f 9985 9988 9989 9990
f 10003 10004 9998 9997
f 10004 10005 9999 9998
f 10005 10006 10000 9999
f 10006 10007 10001 10000
f 10007 10008 10002 10001
f 10008 10003 9997 10002
f 10006 10005 10004 10003
f 10008 10007 10006 10003
f 9997 9998 9999 10000
f 9997 10000 10001 10002
f 10015 10016 10010 10009
f 10016 10017 10011 10010
f 10017 10018 10012 10011
f 10018 10019 10013 10012
f 10019 10020 10014 10013
f 10020 10015 10009 10014
f 10018 10017 10016 10015
f 10020 10019 10018 10015
f 10009 10010 10011 10012
f 10009 10012 10013 10014
f 10027 10028 10022 10021
f 10028 10029 10023 10022
f 10029 10030 10024 10023
f 10030 10031 10025 10024
f 10031 10032 10026 10025
f 10032 10027 10021 10026
f 10030 10029 10028 10027
f 10032 10031 10030 10027
f 10021 10022 10023 10024
f 10021 10024 10025 10026
f 10039 10040 10034 10033
f 10040 10041 10035 10034
f 10041 10042 10036 10035
f 10042 10043 10037 10036
f 10043 10044 10038 10037
f 10044 10039 10033 10038
f 10042 10041 10040 10039
f 10044 10043 10042 10039
f 10033 10034 10035 10036
f 10033 10036 10037 10038
f 10051 10052 10046 10045
f 10052 10053 10047 10046
f 10053 10054 10048 10047
f 10054 10055 10049 10048
f 10055 10056 10050 10049
f 10056 10051 10045 10050
f 10054 10053 10052 10051
f 10056 10055 10054 10051
f 10045 10046 10047 10048
f 10045 10048 10049 10050
f 10063 10064 10058 10057
f 10064 10065 10059 10058
f 10065 10066 10060 10059
f 10066 10067 10061 10060
f 10067 10068 10062 10061
f 10068 10063 10057 10062
f 10066 10065 10064 10063
f 10068 10067 10066 10063
f 10057 10058 10059 10060
f 10057 10060 10061 10062
f 10075 10076 10070 10069
f 10076 10077 10071 10070
f 10077 10078 10072 10071
f 10078 10079 10073 10072
f 10079 10080 10074 10073
f 10080 10075 10069 10074
f 10078 10077 10076 10075
f 10080 10079 10078 10075
f 10069 10070 10071 10072
f 10069 10072 10073 10074
f 10087 10088 10082 10081
f 10088 10089 10083 10082
f 10089 10090 10084 10083
f 10090 10091 10085 10084
f 10091 10092 10086 10085
f 10092 10087 10081 10086
f 10090 10089 10088 10087
f 10092 10091 10090 10087
f 10081 10082 10083 10084
f 10081 10084 10085 10086
f 10099 10100 10094 10093
f 10100 10101 10095 10094
f 10101 10102 10096 10095
f 10102 10103 10097 10096
f 10103 10104 10098 10097
f 10104 10099 10093 10098
f 10102 10101 10100 10099
f 10104 10103 10102 10099
f 10093 10094 10095 10096
f 10093 10096 10097 10098
f 10111 10112 10106 10105
f 10112 10113 10107 10106
f 10113 10114 10108 10107
f 10114 10115 10109 10108
f 10115 10116 10110 10109
f 10116 10111 10105 10110
f 10114 10113 10112 10111
f 10116 10115 10114 10111
f 10105 10106 10107 10108
f 10105 10108 10109 10110
f 10123 10124 10118 10117
f 10124 10125 10119 10118
f 10125 10126 10120 10119
f 10126 10127 10121 10120
f 10127 10128 10122 10121
f 10128 10123 10117 10122
f 10126 10125 10124 10123
f 10128 10127 10126 10123
f 10117 10118 10119 10120
f 10117 10120 10121 10122
f 10135 10136 10130 10129
f 10136 10137 10131 10130
f 10137 10138 10132 10131
f 10138 10139 10133 10132
f 10139 10140 10134 10133
f 10140 10135 10129 10134
f 10138 10137 10136 10135
f 10140 10139 10138 10135
f 10129 10130 10131 10132
f 10129 10132 10133 10134
f 10147 10148 10142 10141
f 10148 10149 10143 10142
f 10149 10150 10144 10143
f 10150 10151 10145 10144
f 10151 10152 10146 10145
f 10152 10147 10141 10146
f 10150 10149 10148 10147
f 10152 10151 10150 10147
f 10141 10142 10143 10144
f 10141 10144 10145 10146
f 10159 10160 10154 10153
f 10160 10161 10155 10154
f 10161 10162 10156 10155
f 10162 10163 10157 10156
f 10163 10164 10158 10157
f 10164 10159 10153 10158
f 10162 10161 10160 10159
f 10164 10163 10162 10159
f 10153 10154 10155 10156
f 10153 10156 10157 10158
f 10171 10172 10166 10165
f 10172 10173 10167 10166
f 10173 10174 10168 10167
f 10174 10175 10169 10168
f 10175 10176 10170 10169
f 10176 10171 10165 10170
f 10174 10173 10172 10171
f 10176 10175 10174 10171
f 10165 10166 10167 10168
f 10165 10168 10169 10170
f 10183 10184 10178 10177
f 10184 10185 10179 10178
f 10185 10186 10180 10179
f 10186 10187 10181 10180
f 10187 10188 10182 10181
f 10188 10183 10177 10182
f 10186 10185 10184 10183
f 10188 10187 10186 10183
f 10177 10178 10179 10180
f 10177 10180 10181 10182
f 10195 10196 10190 10189
f 10196 10197 10191 10190
f 10197 10198 10192 10191
f 10198 10199 10193 10192
f 10199 10200 10194 10193
f 10200 10195 10189 10194
f 10198 10197 10196 10195
f 10200 10199 10198 10195
f 10189 10190 10191 10192
f 10189 10192 10193 10194
f 10207 10208 10202 10201
f 10208 10209 10203 10202
f 10209 10210 10204 10203
f 10210 10211 10205 10204
f 10211 10212 10206 10205
f 10212 10207 10201 10206
f 10210 10209 10208 10207
f 10212 10211 10210 10207
f 10201 10202 10203 10204
f 10201 10204 10205 10206
f 10219 10220 10214 10213
f 10220 10221 10215 10214
f 10221 10222 10216 10215
f 10222 10223 10217 10216
f 10223 10224 10218 10217
f 10224 10219 10213 10218
f 10222 10221 10220 10219
f 10224 10223 10222 10219
f 10213 10214 10215 10216
f 10213 10216 10217 10218
f 10231 10232 10226 10225
f 10232 10233 10227 10226
f 10233 10234 10228 10227
f 10234 10235 10229 10228
f 10235 10236 10230 10229
f 10236 10231 10225 10230
f 10234 10233 10232 10231
f 10236 10235 10234 10231
f 10225 10226 10227 10228
f 10225 10228 10229 10230
f 10243 10244 10238 10237
f 10244 10245 10239 10238
f 10245 10246 10240 10239
f 10246 10247 10241 10240
f 10247 10248 10242 10241
f 10248 10243 10237 10242
f 10246 10245 10244 10243
f 10248 10247 10246 10243
f 10237 10238 10239 10240
f 10237 10240 10241 10242
f 10255 10256 10250 10249
f 10256 10257 10251 10250
f 10257 10258 10252 10251
f 10258 10259 10253 10252
f 10259 10260 10254 10253
f 10260 10255 10249 10254
f 10258 10257 10256 10255
f 10260 10259 10258 10255
f 10249 10250 10251 10252
f 10249 10252 10253 10254
f 10267 10268 10262 10261
f 10268 10269 10263 10262
f 10269 10270 10264 10263
f 10270 10271 10265 10264
f 10271 10272 10266 10265
f 10272 10267 10261 10266
f 10270 10269 10268 10267
f 10272 10271 10270 10267
f 10261 10262 10263 10264
f 10261 10264 10265 10266
f 10279 10280 10274 10273
f 10280 10281 10275 10274
f 10281 10282 10276 10275
f 10282 10283 10277 10276
f 10283 10284 10278 10277
f 10284 10279 10273 10278
f 10282 10281 10280 10279
f 10284 10283 10282 10279
f 10273 10274 10275 10276
f 10273 10276 10277 10278
f 10291 10292 10286 10285
f 10292 10293 10287 10286
f 10293 10294 10288 10287
f 10294 10295 10289 10288
f 10295 10296 10290 10289
f 10296 10291 10285 10290
f 10294 10293 10292 10291
f 10296 10295 10294 10291
f 10285 10286 10287 10288
f 10285 10288 10289 10290
f 10303 10304 10298 10297
f 10304 10305 10299 10298
f 10305 10306 10300 10299
f 10306 10307 10301 10300
f 10307 10308 10302 10301
f 10308 10303 10297 10302
f 10306 10305 10304 10303
f 10308 10307 10306 10303
f 10297 10298 10299 10300
f 10297 10300 10301 10302
f 10315 10316 10310 10309
f 10316 10317 10311 10310
f 10317 10318 10312 10311
f 10318 10319 10313 10312
f 10319 10320 10314 10313
f 10320 10315 10309 10314
f 10318 10317 10316 10315
f 10320 10319 10318 10315
f 10309 10310 10311 10312
f 10309 10312 10313 10314
f 10327 10328 10322 10321
f 10328 10329 10323 10322
f 10329 10330 10324 10323
f 10330 10331 10325 10324
f 10331 10332 10326 10325
f 10332 10327 10321 10326
f 10330 10329 10328 10327
f 10332 10331 10330 10327
f 10321 10322 10323 10324
f 10321 10324 10325 10326
f 10339 10340 10334 10333
f 10340 10341 10335 10334
f 10341 10342 10336 10335
f 10342 10343 10337 10336
f 10343 10344 10338 10337
f 10344 10339 10333 10338
f 10342 10341 10340 10339
f 10344 10343 10342 10339
f 10333 10334 10335 10336
f 10333 10336 10337 10338
f 10351 10352 10346 10345
f 10352 10353 10347 10346
f 10353 10354 10348 10347
f 10354 10355 10349 10348
f 10355 10356 10350 10349
f 10356 10351 10345 10350
f 10354 10353 10352 10351
f 10356 10355 10354 10351
f 10345 10346 10347 10348
f 10345 10348 10349 10350
f 10363 10364 10358 10357
f 10364 10365 10359 10358
f 10365 10366 10360 10359
f 10366 10367 10361 10360
f 10367 10368 10362 10361
f 10368 10363 10357 10362
f 10366 10365 10364 10363
f 10368 10367 10366 10363
f 10357 10358 10359 10360
f 10357 10360 10361 10362
f 10375 10376 10370 10369
f 10376 10377 10371 10370
f 10377 10378 10372 10371
f 10378 10379 10373 10372
f 10379 10380 10374 10373
f 10380 10375 10369 10374
f 10378 10377 10376 10375
f 10380 10379 10378 10375
f 10369 10370 10371 10372
f 10369 10372 10373 10374
f 10387 10388 10382 10381
f 10388 10389 10383 10382
f 10389 10390 10384 10383
f 10390 10391 10385 10384
f 10391 10392 10386 10385
f 10392 10387 10381 10386
f 10390 10389 10388 10387
f 10392 10391 10390 10387
f 10381 10382 10383 10384
f 10381 10384 10385 10386
f 10399 10400 10394 10393
f 10400 10401 10395 10394
f 10401 10402 10396 10395
f 10402 10403 10397 10396
f 10403 10404 10398 10397
f 10404 10399 10393 10398
f 10402 10401 10400 10399
f 10404 10403 10402 10399
f 10393 10394 10395 10396
f 10393 10396 10397 10398
f 10411 10412 10406 10405
f 10412 10413 10407 10406
f 10413 10414 10408 10407
f 10414 10415 10409 10408
f 10415 10416 10410 10409
f 10416 10411 10405 10410
f 10414 10413 10412 10411
f 10416 10415 10414 10411
f 10405 10406 10407 10408
f 10405 10408 10409 10410
f 10423 10424 10418 10417
f 10424 10425 10419 10418
f 10425 10426 10420 10419
f 10426 10427 10421 10420
f 10427 10428 10422 10421
f 10428 10423 10417 10422
f 10426 10425 10424 10423
f 10428 10427 10426 10423
f 10417 10418 10419 10420
f 10417 10420 10421 10422
f 10435 10436 10430 10429
f 10436 10437 10431 10430
f 10437 10438 10432 10431
f 10438 10439 10433 10432
f 10439 10440 10434 10433
f 10440 10435 10429 10434
f 10438 10437 10436 10435
f 10440 10439 10438 10435
f 10429 10430 10431 10432
f 10429 10432 10433 10434
f 10447 10448 10442 10441
f 10448 10449 10443 10442
f 10449 10450 10444 10443
f 10450 10451 10445 10444
f 10451 10452 10446 10445
f 10452 10447 10441 10446
f 10450 10449 10448 10447
f 10452 10451 10450 10447
f 10441 10442 10443 10444
f 10441 10444 10445 10446
f 10459 10460 10454 10453
f 10460 10461 10455 10454
f 10461 10462 10456 10455
f 10462 10463 10457 10456
f 10463 10464 10458 10457
f 10464 10459 10453 10458
f 10462 10461 10460 10459
f 10464 10463 10462 10459
f 10453 10454 10455 10456
f 10453 10456 10457 10458
f 10471 10472 10466 10465
f 10472 10473 10467 10466
f 10473 10474 10468 10467
f 10474 10475 10469 10468
f 10475 10476 10470 10469
f 10476 10471 10465 10470
f 10474 10473 10472 10471
f 10476 10475 10474 10471
f 10465 10466 10467 10468
f 10465 10468 10469 10470
f 10483 10484 10478 10477
f 10484 10485 10479 10478
f 10485 10486 10480 10479
f 10486 10487 10481 10480
f 10487 10488 10482 10481
f 10488 10483 10477 10482
f 10486 10485 10484 10483
f 10488 10487 10486 10483
f 10477 10478 10479 10480
f 10477 10480 10481 10482
f 10495 10496 10490 10489
f 10496 10497 10491 10490
f 10497 10498 10492 10491
f 10498 10499 10493 10492
f 10499 10500 10494 10493
f 10500 10495 10489 10494
f 10498 10497 10496 10495
f 10500 10499 10498 10495
f 10489 10490 10491 10492
f 10489 10492 10493 10494
f 10507 10508 10502 10501
f 10508 10509 10503 10502
f 10509 10510 10504 10503
f 10510 10511 10505 10504
f 10511 10512 10506 10505
f 10512 10507 10501 10506
f 10510 10509 10508 10507
f 10512 10511 10510 10507
f 10501 10502 10503 10504
f 10501 10504 10505 10506
f 10519 10520 10514 10513
f 10520 10521 10515 10514
f 10521 10522 10516 10515
f 10522 10523 10517 10516
f 10523 10524 10518 10517
f 10524 10519 10513 10518
f 10522 10521 10520 10519
f 10524 10523 10522 10519
f 10513 10514 10515 10516
f 10513 10516 10517 10518
f 10531 10532 10526 10525
f 10532 10533 10527 10526
f 10533 10534 10528 10527
f 10534 10535 10529 10528
f 10535 10536 10530 10529
f 10536 10531 10525 10530
f 10534 10533 10532 10531
f 10536 10535 10534 10531
f 10525 10526 10527 10528
f 10525 10528 10529 10530
f 10543 10544 10538 10537
f 10544 10545 10539 10538
f 10545 10546 10540 10539
f 10546 10547 10541 10540
f 10547 10548 10542 10541
f 10548 10543 10537 10542
f 10546 10545 10544 10543
f 10548 10547 10546 10543
f 10537 10538 10539 10540
f 10537 10540 10541 10542
f 10555 10556 10550 10549
f 10556 10557 10551 10550
f 10557 10558 10552 10551
f 10558 10559 10553 10552
f 10559 10560 10554 10553
f 10560 10555 10549 10554
f 10558 10557 10556 10555
f 10560 10559 10558 10555
f 10549 10550 10551 10552
f 10549 10552 10553 10554
f 10567 10568 10562 10561
f 10568 10569 10563 10562
f 10569 10570 10564 10563
f 10570 10571 10565 10564
f 10571 10572 10566 10565
f 10572 10567 10561 10566
f 10570 10569 10568 10567
f 10572 10571 10570 10567
f 10561 10562 10563 10564
f 10561 10564 10565 10566
f 10579 10580 10574 10573
f 10580 10581 10575 10574
f 10581 10582 10576 10575
f 10582 10583 10577 10576
f 10583 10584 10578 10577
f 10584 10579 10573 10578
f 10582 10581 10580 10579
f 10584 10583 10582 10579
f 10573 10574 10575 10576
f 10573 10576 10577 10578
f 10591 10592 10586 10585
f 10592 10593 10587 10586
f 10593 10594 10588 10587
f 10594 10595 10589 10588
f 10595 10596 10590 10589
f 10596 10591 10585 10590
f 10594 10593 10592 10591
f 10596 10595 10594 10591
f 10585 10586 10587 10588
f 10585 10588 10589 10590
f 10603 10604 10598 10597
f 10604 10605 10599 10598
f 10605 10606 10600 10599
f 10606 10607 10601 10600
f 10607 10608 10602 10601
f 10608 10603 10597 10602
f 10606 10605 10604 10603
f 10608 10607 10606 10603
f 10597 10598 10599 10600
f 10597 10600 10601 10602
f 10615 10616 10610 10609
f 10616 10617 10611 10610
f 10617 10618 10612 10611
f 10618 10619 10613 10612
f 10619 10620 10614 10613
f 10620 10615 10609 10614
f 10618 10617 10616 10615
f 10620 10619 10618 10615
f 10609 10610 10611 10612
f 10609 10612 10613 10614
f 10627 10628 10622 10621
f 10628 10629 10623 10622
f 10629 10630 10624 10623
f 10630 10631 10625 10624
f 10631 10632 10626 10625
f 10632 10627 10621 10626
f 10630 10629 10628 10627
f 10632 10631 10630 10627
f 10621 10622 10623 10624
f 10621 10624 10625 10626
f 10639 10640 10634 10633
f 10640 10641 10635 10634
f 10641 10642 10636 10635
f 10642 10643 10637 10636
f 10643 10644 10638 10637
f 10644 10639 10633 10638
f 10642 10641 10640 10639
f 10644 10643 10642 10639
f 10633 10634 10635 10636
f 10633 10636 10637 10638
f 10651 10652 10646 10645
f 10652 10653 10647 10646
f 10653 10654 10648 10647
f 10654 10655 10649 10648
f 10655 10656 10650 10649
f 10656 10651 10645 10650
f 10654 10653 10652 10651
f 10656 10655 10654 10651
f 10645 10646 10647 10648
f 10645 10648 10649 10650
f 10663 10664 10658 10657
f 10664 10665 10659 10658
f 10665 10666 10660 10659
f 10666 10667 10661 10660
f 10667 10668 10662 10661
f 10668 10663 10657 10662
f 10666 10665 10664 10663
f 10668 10667 10666 10663
f 10657 10658 10659 10660
f 10657 10660 10661 10662
f 10675 10676 10670 10669
f 10676 10677 10671 10670
f 10677 10678 10672 10671
f 10678 10679 10673 10672
f 10679 10680 10674 10673
f 10680 10675 10669 10674
f 10678 10677 10676 10675
f 10680 10679 10678 10675
f 10669 10670 10671 10672
f 10669 10672 10673 10674
f 10687 10688 10682 10681
f 10688 10689 10683 10682
f 10689 10690 10684 10683
f 10690 10691 10685 10684
f 10691 10692 10686 10685
f 10692 10687 10681 10686
f 10690 10689 10688 10687
f 10692 10691 10690 10687
f 10681 10682 10683 10684
f 10681 10684 10685 10686
f 10699 10700 10694 10693
f 10700 10701 10695 10694
f 10701 10702 10696 10695
f 10702 10703 10697 10696
f 10703 10704 10698 10697
f 10704 10699 10693 10698
f 10702 10701 10700 10699
f 10704 10703 10702 10699
f 10693 10694 10695 10696
f 10693 10696 10697 10698
f 10711 10712 10706 10705
f 10712 10713 10707 10706
f 10713 10714 10708 10707
f 10714 10715 10709 10708
f 10715 10716 10710 10709
f 10716 10711 10705 10710
f 10714 10713 10712 10711
f 10716 10715 10714 10711
f 10705 10706 10707 10708
f 10705 10708 10709 10710
f 10723 10724 10718 10717
f 10724 10725 10719 10718
f 10725 10726 10720 10719
f 10726 10727 10721 10720
f 10727 10728 10722 10721
f 10728 10723 10717 10722
f 10726 10725 10724 10723
f 10728 10727 10726 10723
f 10717 10718 10719 10720
f 10717 10720 10721 10722
f 10735 10736 10730 10729
f 10736 10737 10731 10730
f 10737 10738 10732 10731
f 10738 10739 10733 10732
f 10739 10740 10734 10733
f 10740 10735 10729 10734
f 10738 10737 10736 10735
f 10740 10739 10738 10735
f 10729 10730 10731 10732
f 10729 10732 10733 10734
f 10747 10748 10742 10741
f 10748 10749 10743 10742
f 10749 10750 10744 10743
f 10750 10751 10745 10744
f 10751 10752 10746 10745
f 10752 10747 10741 10746
f 10750 10749 10748 10747
f 10752 10751 10750 10747
f 10741 10742 10743 10744
f 10741 10744 10745 10746
f 10759 10760 10754 10753
f 10760 10761 10755 10754
f 10761 10762 10756 10755
f 10762 10763 10757 10756
f 10763 10764 10758 10757
f 10764 10759 10753 10758
f 10762 10761 10760 10759
f 10764 10763 10762 10759
f 10753 10754 10755 10756
f 10753 10756 10757 10758
f 10771 10772 10766 10765
f 10772 10773 10767 10766
f 10773 10774 10768 10767
f 10774 10775 10769 10768
f 10775 10776 10770 10769
f 10776 10771 10765 10770
f 10774 10773 10772 10771
f 10776 10775 10774 10771
f 10765 10766 10767 10768
f 10765 10768 10769 10770
f 10783 10784 10778 10777
f 10784 10785 10779 10778
f 10785 10786 10780 10779
f 10786 10787 10781 10780
f 10787 10788 10782 10781
f 10788 10783 10777 10782
f 10786 10785 10784 10783
f 10788 10787 10786 10783
f 10777 10778 10779 10780
f 10777 10780 10781 10782
f 10795 10796 10790 10789
f 10796 10797 10791 10790
f 10797 10798 10792 10791
f 10798 10799 10793 10792
f 10799 10800 10794 10793
f 10800 10795 10789 10794
f 10798 10797 10796 10795
f 10800 10799 10798 10795
f 10789 10790 10791 10792
f 10789 10792 10793 10794
f 10807 10808 10802 10801
f 10808 10809 10803 10802
f 10809 10810 10804 10803
f 10810 10811 10805 10804
f 10811 10812 10806 10805
f 10812 10807 10801 10806
f 10810 10809 10808 10807
f 10812 10811 10810 10807
f 10801 10802 10803 10804
f 10801 10804 10805 10806
f 10819 10820 10814 10813
f 10820 10821 10815 10814
f 10821 10822 10816 10815
f 10822 10823 10817 10816
f 10823 10824 10818 10817
f 10824 10819 10813 10818
f 10822 10821 10820 10819
f 10824 10823 10822 10819
f 10813 10814 10815 10816
f 10813 10816 10817 10818
f 10831 10832 10826 10825
f 10832 10833 10827 10826
f 10833 10834 10828 10827
f 10834 10835 10829 10828
f 10835 10836 10830 10829
f 10836 10831 10825 10830
f 10834 10833 10832 10831
f 10836 10835 10834 10831
f 10825 10826 10827 10828
f 10825 10828 10829 10830
f 10843 10844 10838 10837
f 10844 10845 10839 10838
f 10845 10846 10840 10839
f 10846 10847 10841 10840
f 10847 10848 10842 10841
f 10848 10843 10837 10842
f 10846 10845 10844 10843
f 10848 10847 10846 10843
f 10837 10838 10839 10840
f 10837 10840 10841 10842
f 10855 10856 10850 10849
f 10856 10857 10851 10850
f 10857 10858 10852 10851
f 10858 10859 10853 10852
f 10859 10860 10854 10853
f 10860 10855 10849 10854
f 10858 10857 10856 10855
f 10860 10859 10858 10855
f 10849 10850 10851 10852
f 10849 10852 10853 10854
f 10867 10868 10862 10861
f 10868 10869 10863 10862
f 10869 10870 10864 10863
f 10870 10871 10865 10864
f 10871 10872 10866 10865
f 10872 10867 10861 10866
f 10870 10869 10868 10867
f 10872 10871 10870 10867
f 10861 10862 10863 10864
f 10861 10864 10865 10866
f 10879 10880 10874 10873
f 10880 10881 10875 10874
f 10881 10882 10876 10875
f 10882 10883 10877 10876
f 10883 10884 10878 10877
f 10884 10879 10873 10878
f 10882 10881 10880 10879
f 10884 10883 10882 10879
f 10873 10874 10875 10876
f 10873 10876 10877 10878
f 10891 10892 10886 10885
f 10892 10893 10887 10886
f 10893 10894 10888 10887
f 10894 10895 10889 10888
f 10895 10896 10890 10889
f 10896 10891 10885 10890
f 10894 10893 10892 10891
f 10896 10895 10894 10891
f 10885 10886 10887 10888
f 10885 10888 10889 10890
f 10903 10904 10898 10897
f 10904 10905 10899 10898
f 10905 10906 10900 10899
f 10906 10907 10901 10900
f 10907 10908 10902 10901
f 10908 10903 10897 10902
f 10906 10905 10904 10903
f 10908 10907 10906 10903
f 10897 10898 10899 10900
f 10897 10900 10901 10902
f 10915 10916 10910 10909
f 10916 10917 10911 10910
f 10917 10918 10912 10911
f 10918 10919 10913 10912
f 10919 10920 10914 10913
f 10920 10915 10909 10914
f 10918 10917 10916 10915
f 10920 10919 10918 10915
f 10909 10910 10911 10912
f 10909 10912 10913 10914
f 10927 10928 10922 10921
f 10928 10929 10923 10922
f 10929 10930 10924 10923
f 10930 10931 10925 10924
f 10931 10932 10926 10925
f 10932 10927 10921 10926
f 10930 10929 10928 10927
f 10932 10931 10930 10927
f 10921 10922 10923 10924
f 10921 10924 10925 10926
f 10939 10940 10934 10933
f 10940 10941 10935 10934
f 10941 10942 10936 10935
f 10942 10943 10937 10936
f 10943 10944 10938 10937
f 10944 10939 10933 10938
f 10942 10941 10940 10939
f 10944 10943 10942 10939
f 10933 10934 10935 10936
f 10933 10936 10937 10938
f 10951 10952 10946 10945
f 10952 10953 10947 10946
f 10953 10954 10948 10947
f 10954 10955 10949 10948
f 10955 10956 10950 10949
f 10956 10951 10945 10950
f 10954 10953 10952 10951
f 10956 10955 10954 10951
f 10945 10946 10947 10948
f 10945 10948 10949 10950
f 10963 10964 10958 10957
f 10964 10965 10959 10958
f 10965 10966 10960 10959
f 10966 10967 10961 10960
f 10967 10968 10962 10961
f 10968 10963 10957 10962
f 10966 10965 10964 10963
f 10968 10967 10966 10963
f 10957 10958 10959 10960
f 10957 10960 10961 10962
f 10975 10976 10970 10969
f 10976 10977 10971 10970
f 10977 10978 10972 10971
f 10978 10979 10973 10972
f 10979 10980 10974 10973
f 10980 10975 10969 10974
f 10978 10977 10976 10975
f 10980 10979 10978 10975
f 10969 10970 10971 10972
f 10969 10972 10973 10974
f 10987 10988 10982 10981
f 10988 10989 10983 10982
f 10989 10990 10984 10983
f 10990 10991 10985 10984
f 10991 10992 10986 10985
f 10992 10987 10981 10986
f 10990 10989 10988 10987
f 10992 10991 10990 10987
f 10981 10982 10983 10984
f 10981 10984 10985 10986
f 10999 11000 10994 10993
f 11000 11001 10995 10994
f 11001 11002 10996 10995
f 11002 11003 10997 10996
f 11003 11004 10998 10997
f 11004 10999 10993 10998
f 11002 11001 11000 10999
f 11004 11003 11002 10999
f 10993 10994 10995 10996
f 10993 10996 10997 10998
f 11011 11012 11006 11005
f 11012 11013 11007 11006
f 11013 11014 11008 11007
f 11014 11015 11009 11008
f 11015 11016 11010 11009
f 11016 11011 11005 11010
f 11014 11013 11012 11011
f 11016 11015 11014 11011
f 11005 11006 11007 11008
f 11005 11008 11009 11010
f 11023 11024 11018 11017
f 11024 11025 11019 11018
f 11025 11026 11020 11019
f 11026 11027 11021 11020
f 11027 11028 11022 11021
f 11028 11023 11017 11022
f 11026 11025 11024 11023
f 11028 11027 11026 11023
f 11017 11018 11019 11020
f 11017 11020 11021 11022
f 11035 11036 11030 11029
f 11036 11037 11031 11030
f 11037 11038 11032 11031
f 11038 11039 11033 11032
f 11039 11040 11034 11033
f 11040 11035 11029 11034
f 11038 11037 11036 11035
f 11040 11039 11038 11035
f 11029 11030 11031 11032
f 11029 11032 11033 11034
f 11047 11048 11042 11041
f 11048 11049 11043 11042
f 11049 11050 11044 11043
f 11050 11051 11045 11044
f 11051 11052 11046 11045
f 11052 11047 11041 11046
f 11050 11049 11048 11047
f 11052 11051 11050 11047
f 11041 11042 11043 11044
f 11041 11044 11045 11046
f 11059 11060 11054 11053
f 11060 11061 11055 11054
f 11061 11062 11056 11055
f 11062 11063 11057 11056
f 11063 11064 11058 11057
f 11064 11059 11053 11058
f 11062 11061 11060 11059
f 11064 11063 11062 11059
f 11053 11054 11055 11056
f 11053 11056 11057 11058
f 11071 11072 11066 11065
f 11072 11073 11067 11066
f 11073 11074 11068 11067
f 11074 11075 11069 11068
f 11075 11076 11070 11069
f 11076 11071 11065 11070
f 11074 11073 11072 11071
f 11076 11075 11074 11071
f 11065 11066 11067 11068
f 11065 11068 11069 11070
f 11083 11084 11078 11077
f 11084 11085 11079 11078
f 11085 11086 11080 11079
f 11086 11087 11081 11080
f 11087 11088 11082 11081
f 11088 11083 11077 11082
f 11086 11085 11084 11083
f 11088 11087 11086 11083
f 11077 11078 11079 11080
f 11077 11080 11081 11082
f 11095 11096 11090 11089
f 11096 11097 11091 11090
f 11097 11098 11092 11091
f 11098 11099 11093 11092
f 11099 11100 11094 11093
f 11100 11095 11089 11094
f 11098 11097 11096 11095
f 11100 11099 11098 11095
f 11089 11090 11091 11092
f 11089 11092 11093 11094
f 11107 11108 11102 11101
f 11108 11109 11103 11102
f 11109 11110 11104 11103
f 11110 11111 11105 11104
f 11111 11112 11106 11105
f 11112 11107 11101 11106
f 11110 11109 11108 11107
f 11112 11111 11110 11107
f 11101 11102 11103 11104
f 11101 11104 11105 11106
f 11119 11120 11114 11113
f 11120 11121 11115 11114
f 11121 11122 11116 11115
f 11122 11123 11117 11116
f 11123 11124 11118 11117
f 11124 11119 11113 11118
f 11122 11121 11120 11119
f 11124 11123 11122 11119
f 11113 11114 11115 11116
f 11113 11116 11117 11118
f 11131 11132 11126 11125
f 11132 11133 11127 11126
f 11133 11134 11128 11127
f 11134 11135 11129 11128
f 11135 11136 11130 11129
f 11136 11131 11125 11130
f 11134 11133 11132 11131
f 11136 11135 11134 11131
f 11125 11126 11127 11128
f 11125 11128 11129 11130
f 11143 11144 11138 11137
f 11144 11145 11139 11138
f 11145 11146 11140 11139
f 11146 11147 11141 11140
f 11147 11148 11142 11141
f 11148 11143 11137 11142
f 11146 11145 11144 11143
f 11148 11147 11146 11143
f 11137 11138 11139 11140
f 11137 11140 11141 11142
f 11155 11156 11150 11149
f 11156 11157 11151 11150
f 11157 11158 11152 11151
f 11158 11159 11153 11152
f 11159 11160 11154 11153
f 11160 11155 11149 11154
f 11158 11157 11156 11155
f 11160 11159 11158 11155
f 11149 11150 11151 11152
f 11149 11152 11153 11154
f 11167 11168 11162 11161
f 11168 11169 11163 11162
f 11169 11170 11164 11163
f 11170 11171 11165 11164
f 11171 11172 11166 11165
f 11172 11167 11161 11166
f 11170 11169 11168 11167
f 11172 11171 11170 11167
f 11161 11162 11163 11164
f 11161 11164 11165 11166
f 11179 11180 11174 11173
f 11180 11181 11175 11174
f 11181 11182 11176 11175
f 11182 11183 11177 11176
f 11183 11184 11178 11177
f 11184 11179 11173 11178
f 11182 11181 11180 11179
f 11184 11183 11182 11179
f 11173 11174 11175 11176
f 11173 11176 11177 11178
f 11191 11192 11186 11185
f 11192 11193 11187 11186
f 11193 11194 11188 11187
f 11194 11195 11189 11188
f 11195 11196 11190 11189
f 11196 11191 11185 11190
f 11194 11193 11192 11191
f 11196 11195 11194 11191
f 11185 11186 11187 11188
f 11185 11188 11189 11190
f 11203 11204 11198 11197
f 11204 11205 11199 11198
f 11205 11206 11200 11199
f 11206 11207 11201 11200
f 11207 11208 11202 11201
f 11208 11203 11197 11202
f 11206 11205 11204 11203
f 11208 11207 11206 11203
f 11197 11198 11199 11200
f 11197 11200 11201 11202
f 11215 11216 11210 11209
f 11216 11217 11211 11210
f 11217 11218 11212 11211
f 11218 11219 11213 11212
f 11219 11220 11214 11213
f 11220 11215 11209 11214
f 11218 11217 11216 11215
f 11220 11219 11218 11215
f 11209 11210 11211 11212
f 11209 11212 11213 11214
f 11227 11228 11222 11221
f 11228 11229 11223 11222
f 11229 11230 11224 11223
f 11230 11231 11225 11224
f 11231 11232 11226 11225
f 11232 11227 11221 11226
f 11230 11229 11228 11227
f 11232 11231 11230 11227
f 11221 11222 11223 11224
f 11221 11224 11225 11226
f 11239 11240 11234 11233
f 11240 11241 11235 11234
f 11241 11242 11236 11235
f 11242 11243 11237 11236
f 11243 11244 11238 11237
f 11244 11239 11233 11238
f 11242 11241 11240 11239
f 11244 11243 11242 11239
f 11233 11234 11235 11236
f 11233 11236 11237 11238
f 11251 11252 11246 11245
f 11252 11253 11247 11246
f 11253 11254 11248 11247
f 11254 11255 11249 11248
f 11255 11256 11250 11249
f 11256 11251 11245 11250
f 11254 11253 11252 11251
f 11256 11255 11254 11251
f 11245 11246 11247 11248
f 11245 11248 11249 11250
f 11263 11264 11258 11257
f 11264 11265 11259 11258
f 11265 11266 11260 11259
f 11266 11267 11261 11260
f 11267 11268 11262 11261
f 11268 11263 11257 11262
f 11266 11265 11264 11263
f 11268 11267 11266 11263
f 11257 11258 11259 11260
f 11257 11260 11261 11262
f 11275 11276 11270 11269
f 11276 11277 11271 11270
f 11277 11278 11272 11271
f 11278 11279 11273 11272
f 11279 11280 11274 11273
f 11280 11275 11269 11274
f 11278 11277 11276 11275
f 11280 11279 11278 11275
f 11269 11270 11271 11272
f 11269 11272 11273 11274
f 11287 11288 11282 11281
f 11288 11289 11283 11282
f 11289 11290 11284 11283
f 11290 11291 11285 11284
f 11291 11292 11286 11285
f 11292 11287 11281 11286
f 11290 11289 11288 11287
f 11292 11291 11290 11287
f 11281 11282 11283 11284
f 11281 11284 11285 11286
f 11299 11300 11294 11293
f 11300 11301 11295 11294
f 11301 11302 11296 11295
f 11302 11303 11297 11296
f 11303 11304 11298 11297
f 11304 11299 11293 11298
f 11302 11301 11300 11299
f 11304 11303 11302 11299
f 11293 11294 11295 11296
f 11293 11296 11297 11298
f 11311 11312 11306 11305
f 11312 11313 11307 11306
f 11313 11314 11308 11307
f 11314 11315 11309 11308
f 11315 11316 11310 11309
f 11316 11311 11305 11310
f 11314 11313 11312 11311
f 11316 11315 11314 11311
f 11305 11306 11307 11308
f 11305 11308 11309 11310
f 11323 11324 11318 11317
f 11324 11325 11319 11318
f 11325 11326 11320 11319
f 11326 11327 11321 11320
f 11327 11328 11322 11321
f 11328 11323 11317 11322
f 11326 11325 11324 11323
f 11328 11327 11326 11323
f 11317 11318 11319 11320
f 11317 11320 11321 11322
f 11335 11336 11330 11329
f 11336 11337 11331 11330
f 11337 11338 11332 11331
f 11338 11339 11333 11332
f 11339 11340 11334 11333
f 11340 11335 11329 11334
f 11338 11337 11336 11335
f 11340 11339 11338 11335
f 11329 11330 11331 11332
f 11329 11332 11333 11334
f 11347 11348 11342 11341
f 11348 11349 11343 11342
f 11349 11350 11344 11343
f 11350 11351 11345 11344
f 11351 11352 11346 11345
f 11352 11347 11341 11346
f 11350 11349 11348 11347
f 11352 11351 11350 11347
f 11341 11342 11343 11344
f 11341 11344 11345 11346
f 11359 11360 11354 11353
f 11360 11361 11355 11354
f 11361 11362 11356 11355
f 11362 11363 11357 11356
f 11363 11364 11358 11357
f 11364 11359 11353 11358
f 11362 11361 11360 11359
f 11364 11363 11362 11359
f 11353 11354 11355 11356
f 11353 11356 11357 11358
f 11371 11372 11366 11365
f 11372 11373 11367 11366
f 11373 11374 11368 11367
f 11374 11375 11369 11368
f 11375 11376 11370 11369
f 11376 11371 11365 11370
f 11374 11373 11372 11371
f 11376 11375 11374 11371
f 11365 11366 11367 11368
f 11365 11368 11369 11370
f 11383 11384 11378 11377
f 11384 11385 11379 11378
f 11385 11386 11380 11379
f 11386 11387 11381 11380
f 11387 11388 11382 11381
f 11388 11383 11377 11382
f 11386 11385 11384 11383
f 11388 11387 11386 11383
f 11377 11378 11379 11380
f 11377 11380 11381 11382
f 11395 11396 11390 11389
f 11396 11397 11391 11390
f 11397 11398 11392 11391
f 11398 11399 11393 11392
f 11399 11400 11394 11393
f 11400 11395 11389 11394
f 11398 11397 11396 11395
f 11400 11399 11398 11395
f 11389 11390 11391 11392
f 11389 11392 11393 11394
f 11407 11408 11402 11401
f 11408 11409 11403 11402
f 11409 11410 11404 11403
f 11410 11411 11405 11404
f 11411 11412 11406 11405
f 11412 11407 11401 11406
f 11410 11409 11408 11407
f 11412 11411 11410 11407
f 11401 11402 11403 11404
f 11401 11404 11405 11406
f 11419 11420 11414 11413
f 11420 11421 11415 11414
f 11421 11422 11416 11415
f 11422 11423 11417 11416
f 11423 11424 11418 11417
f 11424 11419 11413 11418
f 11422 11421 11420 11419
f 11424 11423 11422 11419
f 11413 11414 11415 11416
f 11413 11416 11417 11418
f 11431 11432 11426 11425
f 11432 11433 11427 11426
f 11433 11434 11428 11427
f 11434 11435 11429 11428
f 11435 11436 11430 11429
f 11436 11431 11425 11430
f 11434 11433 11432 11431
f 11436 11435 11434 11431
f 11425 11426 11427 11428
f 11425 11428 11429 11430
f 11443 11444 11438 11437
f 11444 11445 11439 11438
f 11445 11446 11440 11439
f 11446 11447 11441 11440
f 11447 11448 11442 11441
f 11448 11443 11437 11442
f 11446 11445 11444 11443
f 11448 11447 11446 11443
f 11437 11438 11439 11440
f 11437 11440 11441 11442
f 11455 11456 11450 11449
f 11456 11457 11451 11450
f 11457 11458 11452 11451
f 11458 11459 11453 11452
f 11459 11460 11454 11453
f 11460 11455 11449 11454
f 11458 11457 11456 11455
f 11460 11459 11458 11455
f 11449 11450 11451 11452
f 11449 11452 11453 11454
f 11467 11468 11462 11461
f 11468 11469 11463 11462
f 11469 11470 11464 11463
f 11470 11471 11465 11464
f 11471 11472 11466 11465
f 11472 11467 11461 11466
f 11470 11469 11468 11467
f 11472 11471 11470 11467
f 11461 11462 11463 11464
f 11461 11464 11465 11466
f 11479 11480 11474 11473
f 11480 11481 11475 11474
f 11481 11482 11476 11475
f 11482 11483 11477 11476
f 11483 11484 11478 11477
f 11484 11479 11473 11478
f 11482 11481 11480 11479
f 11484 11483 11482 11479
f 11473 11474 11475 11476
f 11473 11476 11477 11478
f 11491 11492 11486 11485
f 11492 11493 11487 11486
f 11493 11494 11488 11487
f 11494 11495 11489 11488
f 11495 11496 11490 11489
f 11496 11491 11485 11490
f 11494 11493 11492 11491
f 11496 11495 11494 11491
f 11485 11486 11487 11488
f 11485 11488 11489 11490
f 11503 11504 11498 11497
f 11504 11505 11499 11498
f 11505 11506 11500 11499
f 11506 11507 11501 11500
f 11507 11508 11502 11501
f 11508 11503 11497 11502
f 11506 11505 11504 11503
f 11508 11507 11506 11503
f 11497 11498 11499 11500
f 11497 11500 11501 11502
f 11515 11516 11510 11509
f 11516 11517 11511 11510
f 11517 11518 11512 11511
f 11518 11519 11513 11512
f 11519 11520 11514 11513
f 11520 11515 11509 11514
f 11518 11517 11516 11515
f 11520 11519 11518 11515
f 11509 11510 11511 11512
f 11509 11512 11513 11514
f 11527 11528 11522 11521
f 11528 11529 11523 11522
f 11529 11530 11524 11523
f 11530 11531 11525 11524
f 11531 11532 11526 11525
f 11532 11527 11521 11526
f 11530 11529 11528 11527
f 11532 11531 11530 11527
f 11521 11522 11523 11524
f 11521 11524 11525 11526
f 11539 11540 11534 11533
f 11540 11541 11535 11534
f 11541 11542 11536 11535
f 11542 11543 11537 11536
f 11543 11544 11538 11537
f 11544 11539 11533 11538
f 11542 11541 11540 11539
f 11544 11543 11542 11539
f 11533 11534 11535 11536
f 11533 11536 11537 11538
f 11551 11552 11546 11545
f 11552 11553 11547 11546
f 11553 11554 11548 11547
f 11554 11555 11549 11548
f 11555 11556 11550 11549
f 11556 11551 11545 11550
f 11554 11553 11552 11551
f 11556 11555 11554 11551
f 11545 11546 11547 11548
f 11545 11548 11549 11550
f 11563 11564 11558 11557
f 11564 11565 11559 11558
f 11565 11566 11560 11559
f 11566 11567 11561 11560
f 11567 11568 11562 11561
f 11568 11563 11557 11562
f 11566 11565 11564 11563
f 11568 11567 11566 11563
f 11557 11558 11559 11560
f 11557 11560 11561 11562
f 11575 11576 11570 11569
f 11576 11577 11571 11570
f 11577 11578 11572 11571
f 11578 11579 11573 11572
f 11579 11580 11574 11573
f 11580 11575 11569 11574
f 11578 11577 11576 11575
f 11580 11579 11578 11575
f 11569 11570 11571 11572
f 11569 11572 11573 11574
f 11587 11588 11582 11581
f 11588 11589 11583 11582
f 11589 11590 11584 11583
f 11590 11591 11585 11584
f 11591 11592 11586 11585
f 11592 11587 11581 11586
f 11590 11589 11588 11587
f 11592 11591 11590 11587
f 11581 11582 11583 11584
f 11581 11584 11585 11586
f 11599 11600 11594 11593
f 11600 11601 11595 11594
f 11601 11602 11596 11595
f 11602 11603 11597 11596
f 11603 11604 11598 11597
f 11604 11599 11593 11598
f 11602 11601 11600 11599
f 11604 11603 11602 11599
f 11593 11594 11595 11596
f 11593 11596 11597 11598
f 11611 11612 11606 11605
f 11612 11613 11607 11606
f 11613 11614 11608 11607
f 11614 11615 11609 11608
f 11615 11616 11610 11609
f 11616 11611 11605 11610
f 11614 11613 11612 11611
f 11616 11615 11614 11611
f 11605 11606 11607 11608
f 11605 11608 11609 11610
f 11623 11624 11618 11617
f 11624 11625 11619 11618
f 11625 11626 11620 11619
f 11626 11627 11621 11620
f 11627 11628 11622 11621
f 11628 11623 11617 11622
f 11626 11625 11624 11623
f 11628 11627 11626 11623
f 11617 11618 11619 11620
f 11617 11620 11621 11622
f 11635 11636 11630 11629
f 11636 11637 11631 11630
f 11637 11638 11632 11631
f 11638 11639 11633 11632
f 11639 11640 11634 11633
f 11640 11635 11629 11634
f 11638 11637 11636 11635
f 11640 11639 11638 11635
f 11629 11630 11631 11632
f 11629 11632 11633 11634
f 11647 11648 11642 11641
f 11648 11649 11643 11642
f 11649 11650 11644 11643
f 11650 11651 11645 11644
f 11651 11652 11646 11645
f 11652 11647 11641 11646
f 11650 11649 11648 11647
f 11652 11651 11650 11647
f 11641 11642 11643 11644
f 11641 11644 11645 11646
f 11659 11660 11654 11653
f 11660 11661 11655 11654
f 11661 11662 11656 11655
f 11662 11663 11657 11656
f 11663 11664 11658 11657
f 11664 11659 11653 11658
f 11662 11661 11660 11659
f 11664 11663 11662 11659
f 11653 11654 11655 11656
f 11653 11656 11657 11658
f 11671 11672 11666 11665
f 11672 11673 11667 11666
f 11673 11674 11668 11667
f 11674 11675 11669 11668
f 11675 11676 11670 11669
f 11676 11671 11665 11670
f 11674 11673 11672 11671
f 11676 11675 11674 11671
f 11665 11666 11667 11668
f 11665 11668 11669 11670
f 11683 11684 11678 11677
f 11684 11685 11679 11678
f 11685 11686 11680 11679
f 11686 11687 11681 11680
f 11687 11688 11682 11681
f 11688 11683 11677 11682
f 11686 11685 11684 11683
f 11688 11687 11686 11683
f 11677 11678 11679 11680
f 11677 11680 11681 11682
f 11695 11696 11690 11689
f 11696 11697 11691 11690
f 11697 11698 11692 11691
f 11698 11699 11693 11692
f 11699 11700 11694 11693
f 11700 11695 11689 11694
f 11698 11697 11696 11695
f 11700 11699 11698 11695
f 11689 11690 11691 11692
f 11689 11692 11693 11694
f 11707 11708 11702 11701
f 11708 11709 11703 11702
f 11709 11710 11704 11703
f 11710 11711 11705 11704
f 11711 11712 11706 11705
f 11712 11707 11701 11706
f 11710 11709 11708 11707
f 11712 11711 11710 11707
f 11701 11702 11703 11704
f 11701 11704 11705 11706
f 11719 11720 11714 11713
f 11720 11721 11715 11714
f 11721 11722 11716 11715
f 11722 11723 11717 11716
f 11723 11724 11718 11717
f 11724 11719 11713 11718
f 11722 11721 11720 11719
f 11724 11723 11722 11719
f 11713 11714 11715 11716
f 11713 11716 11717 11718
f 11731 11732 11726 11725
f 11732 11733 11727 11726
f 11733 11734 11728 11727
f 11734 11735 11729 11728
f 11735 11736 11730 11729
f 11736 11731 11725 11730
f 11734 11733 11732 11731
f 11736 11735 11734 11731
f 11725 11726 11727 11728
f 11725 11728 11729 11730
f 11743 11744 11738 11737
f 11744 11745 11739 11738
f 11745 11746 11740 11739
f 11746 11747 11741 11740
f 11747 11748 11742 11741
f 11748 11743 11737 11742
f 11746 11745 11744 11743
f 11748 11747 11746 11743
f 11737 11738 11739 11740
f 11737 11740 11741 11742
f 11755 11756 11750 11749
f 11756 11757 11751 11750
f 11757 11758 11752 11751
f 11758 11759 11753 11752
f 11759 11760 11754 11753
f 11760 11755 11749 11754
f 11758 11757 11756 11755
f 11760 11759 11758 11755
f 11749 11750 11751 11752
f 11749 11752 11753 11754
f 11767 11768 11762 11761
f 11768 11769 11763 11762
f 11769 11770 11764 11763
f 11770 11771 11765 11764
f 11771 11772 11766 11765
f 11772 11767 11761 11766
f 11770 11769 11768 11767
f 11772 11771 11770 11767
f 11761 11762 11763 11764
f 11761 11764 11765 11766
f 11779 11780 11774 11773
f 11780 11781 11775 11774
f 11781 11782 11776 11775
f 11782 11783 11777 11776
f 11783 11784 11778 11777
f 11784 11779 11773 11778
f 11782 11781 11780 11779
f 11784 11783 11782 11779
f 11773 11774 11775 11776
f 11773 11776 11777 11778
f 11791 11792 11786 11785
f 11792 11793 11787 11786
f 11793 11794 11788 11787
f 11794 11795 11789 11788
f 11795 11796 11790 11789
f 11796 11791 11785 11790
f 11794 11793 11792 11791
f 11796 11795 11794 11791
f 11785 11786 11787 11788
f 11785 11788 11789 11790
f 11803 11804 11798 11797
f 11804 11805 11799 11798
f 11805 11806 11800 11799
f 11806 11807 11801 11800
f 11807 11808 11802 11801
f 11808 11803 11797 11802
f 11806 11805 11804 11803
f 11808 11807 11806 11803
f 11797 11798 11799 11800
f 11797 11800 11801 11802
f 11815 11816 11810 11809
f 11816 11817 11811 11810
f 11817 11818 11812 11811
f 11818 11819 11813 11812
f 11819 11820 11814 11813
f 11820 11815 11809 11814
f 11818 11817 11816 11815
f 11820 11819 11818 11815
f 11809 11810 11811 11812
f 11809 11812 11813 11814
f 11827 11828 11822 11821
f 11828 11829 11823 11822
f 11829 11830 11824 11823
f 11830 11831 11825 11824
f 11831 11832 11826 11825
f 11832 11827 11821 11826
f 11830 11829 11828 11827
f 11832 11831 11830 11827
f 11821 11822 11823 11824
f 11821 11824 11825 11826
f 11839 11840 11834 11833
f 11840 11841 11835 11834
f 11841 11842 11836 11835
f 11842 11843 11837 11836
f 11843 11844 11838 11837
f 11844 11839 11833 11838
f 11842 11841 11840 11839
f 11844 11843 11842 11839
f 11833 11834 11835 11836
f 11833 11836 11837 11838
f 11851 11852 11846 11845
f 11852 11853 11847 11846
f 11853 11854 11848 11847
f 11854 11855 11849 11848
f 11855 11856 11850 11849
f 11856 11851 11845 11850
f 11854 11853 11852 11851
f 11856 11855 11854 11851
f 11845 11846 11847 11848
f 11845 11848 11849 11850
f 11863 11864 11858 11857
f 11864 11865 11859 11858
f 11865 11866 11860 11859
f 11866 11867 11861 11860
f 11867 11868 11862 11861
f 11868 11863 11857 11862
f 11866 11865 11864 11863
f 11868 11867 11866 11863
f 11857 11858 11859 11860
f 11857 11860 11861 11862
f 11875 11876 11870 11869
f 11876 11877 11871 11870
f 11877 11878 11872 11871
f 11878 11879 11873 11872
f 11879 11880 11874 11873
f 11880 11875 11869 11874
f 11878 11877 11876 11875
f 11880 11879 11878 11875
f 11869 11870 11871 11872
f 11869 11872 11873 11874
f 11887 11888 11882 11881
f 11888 11889 11883 11882
f 11889 11890 11884 11883
f 11890 11891 11885 11884
f 11891 11892 11886 11885
f 11892 11887 11881 11886
f 11890 11889 11888 11887
f 11892 11891 11890 11887
f 11881 11882 11883 11884
f 11881 11884 11885 11886
f 11899 11900 11894 11893
f 11900 11901 11895 11894
f 11901 11902 11896 11895
f 11902 11903 11897 11896
f 11903 11904 11898 11897
f 11904 11899 11893 11898
f 11902 11901 11900 11899
f 11904 11903 11902 11899
f 11893 11894 11895 11896
f 11893 11896 11897 11898
f 11911 11912 11906 11905
f 11912 11913 11907 11906
f 11913 11914 11908 11907
f 11914 11915 11909 11908
f 11915 11916 11910 11909
f 11916 11911 11905 11910
f 11914 11913 11912 11911
f 11916 11915 11914 11911
f 11905 11906 11907 11908
f 11905 11908 11909 11910
f 11923 11924 11918 11917
f 11924 11925 11919 11918
f 11925 11926 11920 11919
f 11926 11927 11921 11920
f 11927 11928 11922 11921
f 11928 11923 11917 11922
f 11926 11925 11924 11923
f 11928 11927 11926 11923
f 11917 11918 11919 11920
f 11917 11920 11921 11922
f 11935 11936 11930 11929
f 11936 11937 11931 11930
f 11937 11938 11932 11931
f 11938 11939 11933 11932
f 11939 11940 11934 11933
f 11940 11935 11929 11934
f 11938 11937 11936 11935
f 11940 11939 11938 11935
f 11929 11930 11931 11932
f 11929 11932 11933 11934
f 11947 11948 11942 11941
f 11948 11949 11943 11942
f 11949 11950 11944 11943
f 11950 11951 11945 11944
f 11951 11952 11946 11945
f 11952 11947 11941 11946
f 11950 11949 11948 11947
f 11952 11951 11950 11947
f 11941 11942 11943 11944
f 11941 11944 11945 11946
f 11959 11960 11954 11953
f 11960 11961 11955 11954
f 11961 11962 11956 11955
f 11962 11963 11957 11956
f 11963 11964 11958 11957
f 11964 11959 11953 11958
f 11962 11961 11960 11959
f 11964 11963 11962 11959
f 11953 11954 11955 11956
f 11953 11956 11957 11958
f 11971 11972 11966 11965
f 11972 11973 11967 11966
f 11973 11974 11968 11967
f 11974 11975 11969 11968
f 11975 11976 11970 11969
f 11976 11971 11965 11970
f 11974 11973 11972 11971
f 11976 11975 11974 11971
f 11965 11966 11967 11968
f 11965 11968 11969 11970
f 11983 11984 11978 11977
f 11984 11985 11979 11978
f 11985 11986 11980 11979
f 11986 11987 11981 11980
f 11987 11988 11982 11981
f 11988 11983 11977 11982
f 11986 11985 11984 11983
f 11988 11987 11986 11983
f 11977 11978 11979 11980
f 11977 11980 11981 11982
f 11995 11996 11990 11989
f 11996 11997 11991 11990
f 11997 11998 11992 11991
f 11998 11999 11993 11992
f 11999 12000 11994 11993
f 12000 11995 11989 11994
f 11998 11997 11996 11995
f 12000 11999 11998 11995
f 11989 11990 11991 11992
f 11989 11992 11993 11994
f 12007 12008 12002 12001
f 12008 12009 12003 12002
f 12009 12010 12004 12003
f 12010 12011 12005 12004
f 12011 12012 12006 12005
f 12012 12007 12001 12006
f 12010 12009 12008 12007
f 12012 12011 12010 12007
f 12001 12002 12003 12004
f 12001 12004 12005 12006
f 12019 12020 12014 12013
f 12020 12021 12015 12014
f 12021 12022 12016 12015
f 12022 12023 12017 12016
f 12023 12024 12018 12017
f 12024 12019 12013 12018
f 12022 12021 12020 12019
f 12024 12023 12022 12019
f 12013 12014 12015 12016
f 12013 12016 12017 12018
f 12031 12032 12026 12025
f 12032 12033 12027 12026
f 12033 12034 12028 12027
f 12034 12035 12029 12028
f 12035 12036 12030 12029
f 12036 12031 12025 12030
f 12034 12033 12032 12031
f 12036 12035 12034 12031
f 12025 12026 12027 12028
f 12025 12028 12029 12030
f 12043 12044 12038 12037
f 12044 12045 12039 12038
f 12045 12046 12040 12039
f 12046 12047 12041 12040
f 12047 12048 12042 12041
f 12048 12043 12037 12042
f 12046 12045 12044 12043
f 12048 12047 12046 12043
f 12037 12038 12039 12040
f 12037 12040 12041 12042
f 12055 12056 12050 12049
f 12056 12057 12051 12050
f 12057 12058 12052 12051
f 12058 12059 12053 12052
f 12059 12060 12054 12053
f 12060 12055 12049 12054
f 12058 12057 12056 12055
f 12060 12059 12058 12055
f 12049 12050 12051 12052
f 12049 12052 12053 12054
f 12067 12068 12062 12061
f 12068 12069 12063 12062
f 12069 12070 12064 12063
f 12070 12071 12065 12064
f 12071 12072 12066 12065
f 12072 12067 12061 12066
f 12070 12069 12068 12067
f 12072 12071 12070 12067
f 12061 12062 12063 12064
f 12061 12064 12065 12066
f 12079 12080 12074 12073
f 12080 12081 12075 12074
f 12081 12082 12076 12075
f 12082 12083 12077 12076
f 12083 12084 12078 12077
f 12084 12079 12073 12078
f 12082 12081 12080 12079
f 12084 12083 12082 12079
f 12073 12074 12075 12076
f 12073 12076 12077 12078
f 12091 12092 12086 12085
f 12092 12093 12087 12086
f 12093 12094 12088 12087
f 12094 12095 12089 12088
f 12095 12096 12090 12089
f 12096 12091 12085 12090
f 12094 12093 12092 12091
f 12096 12095 12094 12091
f 12085 12086 12087 12088
f 12085 12088 12089 12090
f 12103 12104 12098 12097
f 12104 12105 12099 12098
f 12105 12106 12100 12099
f 12106 12107 12101 12100
f 12107 12108 12102 12101
f 12108 12103 12097 12102
f 12106 12105 12104 12103
f 12108 12107 12106 12103
f 12097 12098 12099 12100
f 12097 12100 12101 12102
f 12115 12116 12110 12109
f 12116 12117 12111 12110
f 12117 12118 12112 12111
f 12118 12119 12113 12112
f 12119 12120 12114 12113
f 12120 12115 12109 12114
f 12118 12117 12116 12115
f 12120 12119 12118 12115
f 12109 12110 12111 12112
f 12109 12112 12113 12114
f 12127 12128 12122 12121
f 12128 12129 12123 12122
f 12129 12130 12124 12123
f 12130 12131 12125 12124
f 12131 12132 12126 12125
f 12132 12127 12121 12126
f 12130 12129 12128 12127
f 12132 12131 12130 12127
f 12121 12122 12123 12124
f 12121 12124 12125 12126
f 12139 12140 12134 12133
f 12140 12141 12135 12134
f 12141 12142 12136 12135
f 12142 12143 12137 12136
f 12143 12144 12138 12137
f 12144 12139 12133 12138
f 12142 12141 12140 12139
f 12144 12143 12142 12139
f 12133 12134 12135 12136
f 12133 12136 12137 12138
f 12151 12152 12146 12145
f 12152 12153 12147 12146
f 12153 12154 12148 12147
f 12154 12155 12149 12148
f 12155 12156 12150 12149
f 12156 12151 12145 12150
f 12154 12153 12152 12151
f 12156 12155 12154 12151
f 12145 12146 12147 12148
f 12145 12148 12149 12150
f 12163 12164 12158 12157
f 12164 12165 12159 12158
f 12165 12166 12160 12159
f 12166 12167 12161 12160
f 12167 12168 12162 12161
f 12168 12163 12157 12162
f 12166 12165 12164 12163
f 12168 12167 12166 12163
f 12157 12158 12159 12160
f 12157 12160 12161 12162
f 12175 12176 12170 12169
f 12176 12177 12171 12170
f 12177 12178 12172 12171
f 12178 12179 12173 12172
f 12179 12180 12174 12173
f 12180 12175 12169 12174
f 12178 12177 12176 12175
f 12180 12179 12178 12175
f 12169 12170 12171 12172
f 12169 12172 12173 12174
f 12187 12188 12182 12181
f 12188 12189 12183 12182
f 12189 12190 12184 12183
f 12190 12191 12185 12184
f 12191 12192 12186 12185
f 12192 12187 12181 12186
f 12190 12189 12188 12187
f 12192 12191 12190 12187
f 12181 12182 12183 12184
f 12181 12184 12185 12186
f 12199 12200 12194 12193
f 12200 12201 12195 12194
f 12201 12202 12196 12195
f 12202 12203 12197 12196
f 12203 12204 12198 12197
f 12204 12199 12193 12198
f 12202 12201 12200 12199
f 12204 12203 12202 12199
f 12193 12194 12195 12196
f 12193 12196 12197 12198
f 12211 12212 12206 12205
f 12212 12213 12207 12206
f 12213 12214 12208 12207
f 12214 12215 12209 12208
f 12215 12216 12210 12209
f 12216 12211 12205 12210
f 12214 12213 12212 12211
f 12216 12215 12214 12211
f 12205 12206 12207 12208
f 12205 12208 12209 12210
f 12223 12224 12218 12217
f 12224 12225 12219 12218
f 12225 12226 12220 12219
f 12226 12227 12221 12220
f 12227 12228 12222 12221
f 12228 12223 12217 12222
f 12226 12225 12224 12223
f 12228 12227 12226 12223
f 12217 12218 12219 12220
f 12217 12220 12221 12222
f 12235 12236 12230 12229
f 12236 12237 12231 12230
f 12237 12238 12232 12231
f 12238 12239 12233 12232
f 12239 12240 12234 12233
f 12240 12235 12229 12234
f 12238 12237 12236 12235
f 12240 12239 12238 12235
f 12229 12230 12231 12232
f 12229 12232 12233 12234
f 12247 12248 12242 12241
f 12248 12249 12243 12242
f 12249 12250 12244 12243
f 12250 12251 12245 12244
f 12251 12252 12246 12245
f 12252 12247 12241 12246
f 12250 12249 12248 12247
f 12252 12251 12250 12247
f 12241 12242 12243 12244
f 12241 12244 12245 12246
f 12259 12260 12254 12253
f 12260 12261 12255 12254
f 12261 12262 12256 12255
f 12262 12263 12257 12256
f 12263 12264 12258 12257
f 12264 12259 12253 12258
f 12262 12261 12260 12259
f 12264 12263 12262 12259
f 12253 12254 12255 12256
f 12253 12256 12257 12258
f 12271 12272 12266 12265
f 12272 12273 12267 12266
f 12273 12274 12268 12267
f 12274 12275 12269 12268
f 12275 12276 12270 12269
f 12276 12271 12265 12270
f 12274 12273 12272 12271
f 12276 12275 12274 12271
f 12265 12266 12267 12268
f 12265 12268 12269 12270
f 12283 12284 12278 12277
f 12284 12285 12279 12278
f 12285 12286 12280 12279
f 12286 12287 12281 12280
f 12287 12288 12282 12281
f 12288 12283 12277 12282
f 12286 12285 12284 12283
f 12288 12287 12286 12283
f 12277 12278 12279 12280
f 12277 12280 12281 12282
f 12295 12296 12290 12289
f 12296 12297 12291 12290
f 12297 12298 12292 12291
f 12298 12299 12293 12292
f 12299 12300 12294 12293
f 12300 12295 12289 12294
f 12298 12297 12296 12295
f 12300 12299 12298 12295
f 12289 12290 12291 12292
f 12289 12292 12293 12294
f 12307 12308 12302 12301
f 12308 12309 12303 12302
f 12309 12310 12304 12303
f 12310 12311 12305 12304
f 12311 12312 12306 12305
f 12312 12307 12301 12306
f 12310 12309 12308 12307
f 12312 12311 12310 12307
f 12301 12302 12303 12304
f 12301 12304 12305 12306
f 12319 12320 12314 12313
f 12320 12321 12315 12314
f 12321 12322 12316 12315
f 12322 12323 12317 12316
f 12323 12324 12318 12317
f 12324 12319 12313 12318
f 12322 12321 12320 12319
f 12324 12323 12322 12319
f 12313 12314 12315 12316
f 12313 12316 12317 12318
f 12331 12332 12326 12325
f 12332 12333 12327 12326
f 12333 12334 12328 12327
f 12334 12335 12329 12328
f 12335 12336 12330 12329
f 12336 12331 12325 12330
f 12334 12333 12332 12331
f 12336 12335 12334 12331
f 12325 12326 12327 12328
f 12325 12328 12329 12330
f 12343 12344 12338 12337
f 12344 12345 12339 12338
f 12345 12346 12340 12339
f 12346 12347 12341 12340
f 12347 12348 12342 12341
f 12348 12343 12337 12342
f 12346 12345 12344 12343
f 12348 12347 12346 12343
f 12337 12338 12339 12340
f 12337 12340 12341 12342
f 12355 12356 12350 12349
f 12356 12357 12351 12350
f 12357 12358 12352 12351
f 12358 12359 12353 12352
f 12359 12360 12354 12353
f 12360 12355 12349 12354
f 12358 12357 12356 12355
f 12360 12359 12358 12355
f 12349 12350 12351 12352
f 12349 12352 12353 12354
f 12367 12368 12362 12361
f 12368 12369 12363 12362
f 12369 12370 12364 12363
f 12370 12371 12365 12364
f 12371 12372 12366 12365
f 12372 12367 12361 12366
f 12370 12369 12368 12367
f 12372 12371 12370 12367
f 12361 12362 12363 12364
f 12361 12364 12365 12366
f 12379 12380 12374 12373
f 12380 12381 12375 12374
f 12381 12382 12376 12375
f 12382 12383 12377 12376
f 12383 12384 12378 12377
f 12384 12379 12373 12378
f 12382 12381 12380 12379
f 12384 12383 12382 12379
f 12373 12374 12375 12376
f 12373 12376 12377 12378
f 12391 12392 12386 12385
f 12392 12393 12387 12386
f 12393 12394 12388 12387
f 12394 12395 12389 12388
f 12395 12396 12390 12389
f 12396 12391 12385 12390
f 12394 12393 12392 12391
f 12396 12395 12394 12391
f 12385 12386 12387 12388
f 12385 12388 12389 12390
f 12403 12404 12398 12397
f 12404 12405 12399 12398
f 12405 12406 12400 12399
f 12406 12407 12401 12400
f 12407 12408 12402 12401
f 12408 12403 12397 12402
f 12406 12405 12404 12403
f 12408 12407 12406 12403
f 12397 12398 12399 12400
f 12397 12400 12401 12402
f 12415 12416 12410 12409
f 12416 12417 12411 12410
f 12417 12418 12412 12411
f 12418 12419 12413 12412
f 12419 12420 12414 12413
f 12420 12415 12409 12414
f 12418 12417 12416 12415
f 12420 12419 12418 12415
f 12409 12410 12411 12412
f 12409 12412 12413 12414
f 12427 12428 12422 12421
f 12428 12429 12423 12422
f 12429 12430 12424 12423
f 12430 12431 12425 12424
f 12431 12432 12426 12425
f 12432 12427 12421 12426
f 12430 12429 12428 12427
f 12432 12431 12430 12427
f 12421 12422 12423 12424
f 12421 12424 12425 12426
f 12439 12440 12434 12433
f 12440 12441 12435 12434
f 12441 12442 12436 12435
f 12442 12443 12437 12436
f 12443 12444 12438 12437
f 12444 12439 12433 12438
f 12442 12441 12440 12439
f 12444 12443 12442 12439
f 12433 12434 12435 12436
f 12433 12436 12437 12438
f 12451 12452 12446 12445
f 12452 12453 12447 12446
f 12453 12454 12448 12447
f 12454 12455 12449 12448
f 12455 12456 12450 12449
f 12456 12451 12445 12450
f 12454 12453 12452 12451
f 12456 12455 12454 12451
f 12445 12446 12447 12448
f 12445 12448 12449 12450
f 12463 12464 12458 12457
f 12464 12465 12459 12458
f 12465 12466 12460 12459
f 12466 12467 12461 12460
f 12467 12468 12462 12461
f 12468 12463 12457 12462
f 12466 12465 12464 12463
f 12468 12467 12466 12463
f 12457 12458 12459 12460
f 12457 12460 12461 12462
f 12475 12476 12470 12469
f 12476 12477 12471 12470
f 12477 12478 12472 12471
f 12478 12479 12473 12472
f 12479 12480 12474 12473
f 12480 12475 12469 12474
f 12478 12477 12476 12475
f 12480 12479 12478 12475
f 12469 12470 12471 12472
f 12469 12472 12473 12474
f 12487 12488 12482 12481
f 12488 12489 12483 12482
f 12489 12490 12484 12483
f 12490 12491 12485 12484
f 12491 12492 12486 12485
f 12492 12487 12481 12486
f 12490 12489 12488 12487
f 12492 12491 12490 12487
f 12481 12482 12483 12484
f 12481 12484 12485 12486
f 12499 12500 12494 12493
f 12500 12501 12495 12494
f 12501 12502 12496 12495
f 12502 12503 12497 12496
f 12503 12504 12498 12497
f 12504 12499 12493 12498
f 12502 12501 12500 12499
f 12504 12503 12502 12499
f 12493 12494 12495 12496
f 12493 12496 12497 12498
f 12511 12512 12506 12505
f 12512 12513 12507 12506
f 12513 12514 12508 12507
f 12514 12515 12509 12508
f 12515 12516 12510 12509
f 12516 12511 12505 12510
f 12514 12513 12512 12511
f 12516 12515 12514 12511
f 12505 12506 12507 12508
f 12505 12508 12509 12510
f 12523 12524 12518 12517
f 12524 12525 12519 12518
f 12525 12526 12520 12519
f 12526 12527 12521 12520
f 12527 12528 12522 12521
f 12528 12523 12517 12522
f 12526 12525 12524 12523
f 12528 12527 12526 12523
f 12517 12518 12519 12520
f 12517 12520 12521 12522
f 12535 12536 12530 12529
f 12536 12537 12531 12530
f 12537 12538 12532 12531
f 12538 12539 12533 12532
f 12539 12540 12534 12533
f 12540 12535 12529 12534
f 12538 12537 12536 12535
f 12540 12539 12538 12535
f 12529 12530 12531 12532
f 12529 12532 12533 12534
f 12547 12548 12542 12541
f 12548 12549 12543 12542
f 12549 12550 12544 12543
f 12550 12551 12545 12544
f 12551 12552 12546 12545
f 12552 12547 12541 12546
f 12550 12549 12548 12547
f 12552 12551 12550 12547
f 12541 12542 12543 12544
f 12541 12544 12545 12546
f 12559 12560 12554 12553
f 12560 12561 12555 12554
f 12561 12562 12556 12555
f 12562 12563 12557 12556
f 12563 12564 12558 12557
f 12564 12559 12553 12558
f 12562 12561 12560 12559
f 12564 12563 12562 12559
f 12553 12554 12555 12556
f 12553 12556 12557 12558
f 12571 12572 12566 12565
f 12572 12573 12567 12566
f 12573 12574 12568 12567
f 12574 12575 12569 12568
f 12575 12576 12570 12569
f 12576 12571 12565 12570
f 12574 12573 12572 12571
f 12576 12575 12574 12571
f 12565 12566 12567 12568
f 12565 12568 12569 12570
f 12583 12584 12578 12577
f 12584 12585 12579 12578
f 12585 12586 12580 12579
f 12586 12587 12581 12580
f 12587 12588 12582 12581
f 12588 12583 12577 12582
f 12586 12585 12584 12583
f 12588 12587 12586 12583
f 12577 12578 12579 12580
f 12577 12580 12581 12582
f 12595 12596 12590 12589
f 12596 12597 12591 12590
f 12597 12598 12592 12591
f 12598 12599 12593 12592
f 12599 12600 12594 12593
f 12600 12595 12589 12594
f 12598 12597 12596 12595
f 12600 12599 12598 12595
f 12589 12590 12591 12592
f 12589 12592 12593 12594
f 12607 12608 12602 12601
f 12608 12609 12603 12602
f 12609 12610 12604 12603
f 12610 12611 12605 12604
f 12611 12612 12606 12605
f 12612 12607 12601 12606
f 12610 12609 12608 12607
f 12612 12611 12610 12607
f 12601 12602 12603 12604
f 12601 12604 12605 12606
f 12619 12620 12614 12613
f 12620 12621 12615 12614
f 12621 12622 12616 12615
f 12622 12623 12617 12616
f 12623 12624 12618 12617
f 12624 12619 12613 12618
f 12622 12621 12620 12619
f 12624 12623 12622 12619
f 12613 12614 12615 12616
f 12613 12616 12617 12618
f 12631 12632 12626 12625
f 12632 12633 12627 12626
f 12633 12634 12628 12627
f 12634 12635 12629 12628
f 12635 12636 12630 12629
f 12636 12631 12625 12630
f 12634 12633 12632 12631
f 12636 12635 12634 12631
f 12625 12626 12627 12628
f 12625 12628 12629 12630
f 12643 12644 12638 12637
f 12644 12645 12639 12638
f 12645 12646 12640 12639
f 12646 12647 12641 12640
f 12647 12648 12642 12641
f 12648 12643 12637 12642
f 12646 12645 12644 12643
f 12648 12647 12646 12643
f 12637 12638 12639 12640
f 12637 12640 12641 12642
f 12655 12656 12650 12649
f 12656 12657 12651 12650
f 12657 12658 12652 12651
f 12658 12659 12653 12652
f 12659 12660 12654 12653
f 12660 12655 12649 12654
f 12658 12657 12656 12655
f 12660 12659 12658 12655
f 12649 12650 12651 12652
f 12649 12652 12653 12654
f 12667 12668 12662 12661
f 12668 12669 12663 12662
f 12669 12670 12664 12663
f 12670 12671 12665 12664
f 12671 12672 12666 12665
f 12672 12667 12661 12666
f 12670 12669 12668 12667
f 12672 12671 12670 12667
f 12661 12662 12663 12664
f 12661 12664 12665 12666
f 12679 12680 12674 12673
f 12680 12681 12675 12674
f 12681 12682 12676 12675
f 12682 12683 12677 12676
f 12683 12684 12678 12677
f 12684 12679 12673 12678
f 12682 12681 12680 12679
f 12684 12683 12682 12679
f 12673 12674 12675 12676
f 12673 12676 12677 12678
f 12691 12692 12686 12685
f 12692 12693 12687 12686
f 12693 12694 12688 12687
f 12694 12695 12689 12688
f 12695 12696 12690 12689
f 12696 12691 12685 12690
f 12694 12693 12692 12691
f 12696 12695 12694 12691
f 12685 12686 12687 12688
f 12685 12688 12689 12690
f 12703 12704 12698 12697
f 12704 12705 12699 12698
f 12705 12706 12700 12699
f 12706 12707 12701 12700
f 12707 12708 12702 12701
f 12708 12703 12697 12702
f 12706 12705 12704 12703
f 12708 12707 12706 12703
f 12697 12698 12699 12700
f 12697 12700 12701 12702
f 12715 12716 12710 12709
f 12716 12717 12711 12710
f 12717 12718 12712 12711
f 12718 12719 12713 12712
f 12719 12720 12714 12713
f 12720 12715 12709 12714
f 12718 12717 12716 12715
f 12720 12719 12718 12715
f 12709 12710 12711 12712
f 12709 12712 12713 12714
f 12727 12728 12722 12721
f 12728 12729 12723 12722
f 12729 12730 12724 12723
f 12730 12731 12725 12724
f 12731 12732 12726 12725
f 12732 12727 12721 12726
f 12730 12729 12728 12727
f 12732 12731 12730 12727
f 12721 12722 12723 12724
f 12721 12724 12725 12726
f 12739 12740 12734 12733
f 12740 12741 12735 12734
f 12741 12742 12736 12735
f 12742 12743 12737 12736
f 12743 12744 12738 12737
f 12744 12739 12733 12738
f 12742 12741 12740 12739
f 12744 12743 12742 12739
f 12733 12734 12735 12736
f 12733 12736 12737 12738
f 12751 12752 12746 12745
f 12752 12753 12747 12746
f 12753 12754 12748 12747
f 12754 12755 12749 12748
f 12755 12756 12750 12749
f 12756 12751 12745 12750
f 12754 12753 12752 12751
f 12756 12755 12754 12751
f 12745 12746 12747 12748
f 12745 12748 12749 12750
f 12763 12764 12758 12757
f 12764 12765 12759 12758
f 12765 12766 12760 12759
f 12766 12767 12761 12760
f 12767 12768 12762 12761
f 12768 12763 12757 12762
f 12766 12765 12764 12763
f 12768 12767 12766 12763
f 12757 12758 12759 12760
f 12757 12760 12761 12762
f 12775 12776 12770 12769
f 12776 12777 12771 12770
f 12777 12778 12772 12771
f 12778 12779 12773 12772
f 12779 12780 12774 12773
f 12780 12775 12769 12774
f 12778 12777 12776 12775
f 12780 12779 12778 12775
f 12769 12770 12771 12772
f 12769 12772 12773 12774
f 12787 12788 12782 12781
f 12788 12789 12783 12782
f 12789 12790 12784 12783
f 12790 12791 12785 12784
f 12791 12792 12786 12785
f 12792 12787 12781 12786
f 12790 12789 12788 12787
f 12792 12791 12790 12787
f 12781 12782 12783 12784
f 12781 12784 12785 12786
f 12799 12800 12794 12793
f 12800 12801 12795 12794
f 12801 12802 12796 12795
f 12802 12803 12797 12796
f 12803 12804 12798 12797
f 12804 12799 12793 12798
f 12802 12801 12800 12799
f 12804 12803 12802 12799
f 12793 12794 12795 12796
f 12793 12796 12797 12798
f 12811 12812 12806 12805
f 12812 12813 12807 12806
f 12813 12814 12808 12807
f 12814 12815 12809 12808
f 12815 12816 12810 12809
f 12816 12811 12805 12810
f 12814 12813 12812 12811
f 12816 12815 12814 12811
f 12805 12806 12807 12808
f 12805 12808 12809 12810
f 12823 12824 12818 12817
f 12824 12825 12819 12818
f 12825 12826 12820 12819
f 12826 12827 12821 12820
f 12827 12828 12822 12821
f 12828 12823 12817 12822
f 12826 12825 12824 12823
f 12828 12827 12826 12823
f 12817 12818 12819 12820
f 12817 12820 12821 12822
f 12835 12836 12830 12829
f 12836 12837 12831 12830
f 12837 12838 12832 12831
f 12838 12839 12833 12832
f 12839 12840 12834 12833
f 12840 12835 12829 12834
f 12838 12837 12836 12835
f 12840 12839 12838 12835
f 12829 12830 12831 12832
f 12829 12832 12833 12834
f 12847 12848 12842 12841
f 12848 12849 12843 12842
f 12849 12850 12844 12843
f 12850 12851 12845 12844
f 12851 12852 12846 12845
f 12852 12847 12841 12846
f 12850 12849 12848 12847
f 12852 12851 12850 12847
f 12841 12842 12843 12844
f 12841 12844 12845 12846
f 12859 12860 12854 12853
f 12860 12861 12855 12854
f 12861 12862 12856 12855
f 12862 12863 12857 12856
f 12863 12864 12858 12857
f 12864 12859 12853 12858
f 12862 12861 12860 12859
f 12864 12863 12862 12859
f 12853 12854 12855 12856
f 12853 12856 12857 12858
f 12871 12872 12866 12865
f 12872 12873 12867 12866
f 12873 12874 12868 12867
f 12874 12875 12869 12868
f 12875 12876 12870 12869
f 12876 12871 12865 12870
f 12874 12873 12872 12871
f 12876 12875 12874 12871
f 12865 12866 12867 12868
f 12865 12868 12869 12870
f 12883 12884 12878 12877
f 12884 12885 12879 12878
f 12885 12886 12880 12879
f 12886 12887 12881 12880
f 12887 12888 12882 12881
f 12888 12883 12877 12882
f 12886 12885 12884 12883
f 12888 12887 12886 12883
f 12877 12878 12879 12880
f 12877 12880 12881 12882
f 12895 12896 12890 12889
f 12896 12897 12891 12890
f 12897 12898 12892 12891
f 12898 12899 12893 12892
f 12899 12900 12894 12893
f 12900 12895 12889 12894
f 12898 12897 12896 12895
f 12900 12899 12898 12895
f 12889 12890 12891 12892
f 12889 12892 12893 12894
f 12907 12908 12902 12901
f 12908 12909 12903 12902
f 12909 12910 12904 12903
f 12910 12911 12905 12904
f 12911 12912 12906 12905
f 12912 12907 12901 12906
f 12910 12909 12908 12907
f 12912 12911 12910 12907
f 12901 12902 12903 12904
f 12901 12904 12905 12906
f 12919 12920 12914 12913
f 12920 12921 12915 12914
f 12921 12922 12916 12915
f 12922 12923 12917 12916
f 12923 12924 12918 12917
f 12924 12919 12913 12918
f 12922 12921 12920 12919
f 12924 12923 12922 12919
f 12913 12914 12915 12916
f 12913 12916 12917 12918
f 12931 12932 12926 12925
f 12932 12933 12927 12926
f 12933 12934 12928 12927
f 12934 12935 12929 12928
f 12935 12936 12930 12929
f 12936 12931 12925 12930
f 12934 12933 12932 12931
f 12936 12935 12934 12931
f 12925 12926 12927 12928
f 12925 12928 12929 12930
f 12943 12944 12938 12937
f 12944 12945 12939 12938
f 12945 12946 12940 12939
f 12946 12947 12941 12940
f 12947 12948 12942 12941
f 12948 12943 12937 12942
f 12946 12945 12944 12943
f 12948 12947 12946 12943
f 12937 12938 12939 12940
f 12937 12940 12941 12942
f 12955 12956 12950 12949
f 12956 12957 12951 12950
f 12957 12958 12952 12951
f 12958 12959 12953 12952
f 12959 12960 12954 12953
f 12960 12955 12949 12954
f 12958 12957 12956 12955
f 12960 12959 12958 12955
f 12949 12950 12951 12952
f 12949 12952 12953 12954
f 12967 12968 12962 12961
f 12968 12969 12963 12962
f 12969 12970 12964 12963
f 12970 12971 12965 12964
f 12971 12972 12966 12965
f 12972 12967 12961 12966
f 12970 12969 12968 12967
f 12972 12971 12970 12967
f 12961 12962 12963 12964
f 12961 12964 12965 12966
f 12979 12980 12974 12973
f 12980 12981 12975 12974
f 12981 12982 12976 12975
f 12982 12983 12977 12976
f 12983 12984 12978 12977
f 12984 12979 12973 12978
f 12982 12981 12980 12979
f 12984 12983 12982 12979
f 12973 12974 12975 12976
f 12973 12976 12977 12978
f 12991 12992 12986 12985
f 12992 12993 12987 12986
f 12993 12994 12988 12987
f 12994 12995 12989 12988
f 12995 12996 12990 12989
f 12996 12991 12985 12990
f 12994 12993 12992 12991
f 12996 12995 12994 12991
f 12985 12986 12987 12988
f 12985 12988 12989 12990
f 13003 13004 12998 12997
f 13004 13005 12999 12998
f 13005 13006 13000 12999
f 13006 13007 13001 13000
f 13007 13008 13002 13001
f 13008 13003 12997 13002
f 13006 13005 13004 13003
f 13008 13007 13006 13003
f 12997 12998 12999 13000
f 12997 13000 13001 13002
f 13015 13016 13010 13009
f 13016 13017 13011 13010
f 13017 13018 13012 13011
f 13018 13019 13013 13012
f 13019 13020 13014 13013
f 13020 13015 13009 13014
f 13018 13017 13016 13015
f 13020 13019 13018 13015
f 13009 13010 13011 13012
f 13009 13012 13013 13014
f 13027 13028 13022 13021
f 13028 13029 13023 13022
f 13029 13030 13024 13023
f 13030 13031 13025 13024
f 13031 13032 13026 13025
f 13032 13027 13021 13026
f 13030 13029 13028 13027
f 13032 13031 13030 13027
f 13021 13022 13023 13024
f 13021 13024 13025 13026
f 13039 13040 13034 13033
f 13040 13041 13035 13034
f 13041 13042 13036 13035
f 13042 13043 13037 13036
f 13043 13044 13038 13037
f 13044 13039 13033 13038
f 13042 13041 13040 13039
f 13044 13043 13042 13039
f 13033 13034 13035 13036
f 13033 13036 13037 13038
f 13051 13052 13046 13045
f 13052 13053 13047 13046
f 13053 13054 13048 13047
f 13054 13055 13049 13048
f 13055 13056 13050 13049
f 13056 13051 13045 13050
f 13054 13053 13052 13051
f 13056 13055 13054 13051
f 13045 13046 13047 13048
f 13045 13048 13049 13050
f 13063 13064 13058 13057
f 13064 13065 13059 13058
f 13065 13066 13060 13059
f 13066 13067 13061 13060
f 13067 13068 13062 13061
f 13068 13063 13057 13062
f 13066 13065 13064 13063
f 13068 13067 13066 13063
f 13057 13058 13059 13060
f 13057 13060 13061 13062
f 13075 13076 13070 13069
f 13076 13077 13071 13070
f 13077 13078 13072 13071
f 13078 13079 13073 13072
f 13079 13080 13074 13073
f 13080 13075 13069 13074
f 13078 13077 13076 13075
f 13080 13079 13078 13075
f 13069 13070 13071 13072
f 13069 13072 13073 13074
f 13087 13088 13082 13081
f 13088 13089 13083 13082
f 13089 13090 13084 13083
f 13090 13091 13085 13084
f 13091 13092 13086 13085
f 13092 13087 13081 13086
f 13090 13089 13088 13087
f 13092 13091 13090 13087
f 13081 13082 13083 13084
f 13081 13084 13085 13086
f 13099 13100 13094 13093
f 13100 13101 13095 13094
f 13101 13102 13096 13095
f 13102 13103 13097 13096
f 13103 13104 13098 13097
f 13104 13099 13093 13098
f 13102 13101 13100 13099
f 13104 13103 13102 13099
f 13093 13094 13095 13096
f 13093 13096 13097 13098
f 13111 13112 13106 13105
f 13112 13113 13107 13106
f 13113 13114 13108 13107
f 13114 13115 13109 13108
f 13115 13116 13110 13109
f 13116 13111 13105 13110
f 13114 13113 13112 13111
f 13116 13115 13114 13111
f 13105 13106 13107 13108
f 13105 13108 13109 13110
f 13123 13124 13118 13117
f 13124 13125 13119 13118
f 13125 13126 13120 13119
f 13126 13127 13121 13120
f 13127 13128 13122 13121
f 13128 13123 13117 13122
f 13126 13125 13124 13123
f 13128 13127 13126 13123
f 13117 13118 13119 13120
f 13117 13120 13121 13122
f 13135 13136 13130 13129
f 13136 13137 13131 13130
f 13137 13138 13132 13131
f 13138 13139 13133 13132
f 13139 13140 13134 13133
f 13140 13135 13129 13134
f 13138 13137 13136 13135
f 13140 13139 13138 13135
f 13129 13130 13131 13132
f 13129 13132 13133 13134
f 13147 13148 13142 13141
f 13148 13149 13143 13142
f 13149 13150 13144 13143
f 13150 13151 13145 13144
f 13151 13152 13146 13145
f 13152 13147 13141 13146
f 13150 13149 13148 13147
f 13152 13151 13150 13147
f 13141 13142 13143 13144
f 13141 13144 13145 13146
f 13159 13160 13154 13153
f 13160 13161 13155 13154
f 13161 13162 13156 13155
f 13162 13163 13157 13156
f 13163 13164 13158 13157
f 13164 13159 13153 13158
f 13162 13161 13160 13159
f 13164 13163 13162 13159
f 13153 13154 13155 13156
f 13153 13156 13157 13158
f 13171 13172 13166 13165
f 13172 13173 13167 13166
f 13173 13174 13168 13167
f 13174 13175 13169 13168
f 13175 13176 13170 13169
f 13176 13171 13165 13170
f 13174 13173 13172 13171
f 13176 13175 13174 13171
f 13165 13166 13167 13168
f 13165 13168 13169 13170
f 13183 13184 13178 13177
f 13184 13185 13179 13178
f 13185 13186 13180 13179
f 13186 13187 13181 13180
f 13187 13188 13182 13181
f 13188 13183 13177 13182
f 13186 13185 13184 13183
f 13188 13187 13186 13183
f 13177 13178 13179 13180
f 13177 13180 13181 13182
f 13195 13196 13190 13189
f 13196 13197 13191 13190
f 13197 13198 13192 13191
f 13198 13199 13193 13192
f 13199 13200 13194 13193
f 13200 13195 13189 13194
f 13198 13197 13196 13195
f 13200 13199 13198 13195
f 13189 13190 13191 13192
f 13189 13192 13193 13194
f 13207 13208 13202 13201
f 13208 13209 13203 13202
f 13209 13210 13204 13203
f 13210 13211 13205 13204
f 13211 13212 13206 13205
f 13212 13207 13201 13206
f 13210 13209 13208 13207
f 13212 13211 13210 13207
f 13201 13202 13203 13204
f 13201 13204 13205 13206
f 13219 13220 13214 13213
f 13220 13221 13215 13214
f 13221 13222 13216 13215
f 13222 13223 13217 13216
f 13223 13224 13218 13217
f 13224 13219 13213 13218
f 13222 13221 13220 13219
f 13224 13223 13222 13219
f 13213 13214 13215 13216
f 13213 13216 13217 13218
f 13231 13232 13226 13225
f 13232 13233 13227 13226
f 13233 13234 13228 13227
f 13234 13235 13229 13228
f 13235 13236 13230 13229
f 13236 13231 13225 13230
f 13234 13233 13232 13231
f 13236 13235 13234 13231
f 13225 13226 13227 13228
f 13225 13228 13229 13230
f 13243 13244 13238 13237
f 13244 13245 13239 13238
f 13245 13246 13240 13239
f 13246 13247 13241 13240
f 13247 13248 13242 13241
f 13248 13243 13237 13242
f 13246 13245 13244 13243
f 13248 13247 13246 13243
f 13237 13238 13239 13240
f 13237 13240 13241 13242
f 13255 13256 13250 13249
f 13256 13257 13251 13250
f 13257 13258 13252 13251
f 13258 13259 13253 13252
f 13259 13260 13254 13253
f 13260 13255 13249 13254
f 13258 13257 13256 13255
f 13260 13259 13258 13255
f 13249 13250 13251 13252
f 13249 13252 13253 13254
f 13267 13268 13262 13261
f 13268 13269 13263 13262
f 13269 13270 13264 13263
f 13270 13271 13265 13264
f 13271 13272 13266 13265
f 13272 13267 13261 13266
f 13270 13269 13268 13267
f 13272 13271 13270 13267
f 13261 13262 13263 13264
f 13261 13264 13265 13266
f 13279 13280 13274 13273
f 13280 13281 13275 13274
f 13281 13282 13276 13275
f 13282 13283 13277 13276
f 13283 13284 13278 13277
f 13284 13279 13273 13278
f 13282 13281 13280 13279
f 13284 13283 13282 13279
f 13273 13274 13275 13276
f 13273 13276 13277 13278
f 13291 13292 13286 13285
f 13292 13293 13287 13286
f 13293 13294 13288 13287
f 13294 13295 13289 13288
f 13295 13296 13290 13289
f 13296 13291 13285 13290
f 13294 13293 13292 13291
f 13296 13295 13294 13291
f 13285 13286 13287 13288
f 13285 13288 13289 13290
f 13303 13304 13298 13297
f 13304 13305 13299 13298
f 13305 13306 13300 13299
f 13306 13307 13301 13300
f 13307 13308 13302 13301
f 13308 13303 13297 13302
f 13306 13305 13304 13303
f 13308 13307 13306 13303
f 13297 13298 13299 13300
f 13297 13300 13301 13302
f 13315 13316 13310 13309
f 13316 13317 13311 13310
f 13317 13318 13312 13311
f 13318 13319 13313 13312
f 13319 13320 13314 13313
f 13320 13315 13309 13314
f 13318 13317 13316 13315
f 13320 13319 13318 13315
f 13309 13310 13311 13312
f 13309 13312 13313 13314
f 13327 13328 13322 13321
f 13328 13329 13323 13322
f 13329 13330 13324 13323
f 13330 13331 13325 13324
f 13331 13332 13326 13325
f 13332 13327 13321 13326
f 13330 13329 13328 13327
f 13332 13331 13330 13327
f 13321 13322 13323 13324
f 13321 13324 13325 13326
f 13339 13340 13334 13333
f 13340 13341 13335 13334
f 13341 13342 13336 13335
f 13342 13343 13337 13336
f 13343 13344 13338 13337
f 13344 13339 13333 13338
f 13342 13341 13340 13339
f 13344 13343 13342 13339
f 13333 13334 13335 13336
f 13333 13336 13337 13338
f 13351 13352 13346 13345
f 13352 13353 13347 13346
f 13353 13354 13348 13347
f 13354 13355 13349 13348
f 13355 13356 13350 13349
f 13356 13351 13345 13350
f 13354 13353 13352 13351
f 13356 13355 13354 13351
f 13345 13346 13347 13348
f 13345 13348 13349 13350
f 13363 13364 13358 13357
f 13364 13365 13359 13358
f 13365 13366 13360 13359
f 13366 13367 13361 13360
f 13367 13368 13362 13361
f 13368 13363 13357 13362
f 13366 13365 13364 13363
f 13368 13367 13366 13363
f 13357 13358 13359 13360
f 13357 13360 13361 13362
f 13375 13376 13370 13369
f 13376 13377 13371 13370
f 13377 13378 13372 13371
f 13378 13379 13373 13372
f 13379 13380 13374 13373
f 13380 13375 13369 13374
f 13378 13377 13376 13375
f 13380 13379 13378 13375
f 13369 13370 13371 13372
f 13369 13372 13373 13374
f 13387 13388 13382 13381
f 13388 13389 13383 13382
f 13389 13390 13384 13383
f 13390 13391 13385 13384
f 13391 13392 13386 13385
f 13392 13387 13381 13386
f 13390 13389 13388 13387
f 13392 13391 13390 13387
f 13381 13382 13383 13384
f 13381 13384 13385 13386
f 13399 13400 13394 13393
f 13400 13401 13395 13394
f 13401 13402 13396 13395
f 13402 13403 13397 13396
f 13403 13404 13398 13397
f 13404 13399 13393 13398
f 13402 13401 13400 13399
f 13404 13403 13402 13399
f 13393 13394 13395 13396
f 13393 13396 13397 13398
f 13411 13412 13406 13405
f 13412 13413 13407 13406
f 13413 13414 13408 13407
f 13414 13415 13409 13408
f 13415 13416 13410 13409
f 13416 13411 13405 13410
f 13414 13413 13412 13411
f 13416 13415 13414 13411
f 13405 13406 13407 13408
f 13405 13408 13409 13410
f 13423 13424 13418 13417
f 13424 13425 13419 13418
f 13425 13426 13420 13419
f 13426 13427 13421 13420
f 13427 13428 13422 13421
f 13428 13423 13417 13422
f 13426 13425 13424 13423
f 13428 13427 13426 13423
f 13417 13418 13419 13420
f 13417 13420 13421 13422
f 13435 13436 13430 13429
f 13436 13437 13431 13430
f 13437 13438 13432 13431
f 13438 13439 13433 13432
f 13439 13440 13434 13433
f 13440 13435 13429 13434
f 13438 13437 13436 13435
f 13440 13439 13438 13435
f 13429 13430 13431 13432
f 13429 13432 13433 13434
f 13447 13448 13442 13441
f 13448 13449 13443 13442
f 13449 13450 13444 13443
f 13450 13451 13445 13444
f 13451 13452 13446 13445
f 13452 13447 13441 13446
f 13450 13449 13448 13447
f 13452 13451 13450 13447
f 13441 13442 13443 13444
f 13441 13444 13445 13446
f 13459 13460 13454 13453
f 13460 13461 13455 13454
f 13461 13462 13456 13455
f 13462 13463 13457 13456
f 13463 13464 13458 13457
f 13464 13459 13453 13458
f 13462 13461 13460 13459
f 13464 13463 13462 13459
f 13453 13454 13455 13456
f 13453 13456 13457 13458
f 13471 13472 13466 13465
f 13472 13473 13467 13466
f 13473 13474 13468 13467
f 13474 13475 13469 13468
f 13475 13476 13470 13469
f 13476 13471 13465 13470
f 13474 13473 13472 13471
f 13476 13475 13474 13471
f 13465 13466 13467 13468
f 13465 13468 13469 13470
f 13483 13484 13478 13477
f 13484 13485 13479 13478
f 13485 13486 13480 13479
f 13486 13487 13481 13480
f 13487 13488 13482 13481
f 13488 13483 13477 13482
f 13486 13485 13484 13483
f 13488 13487 13486 13483
f 13477 13478 13479 13480
f 13477 13480 13481 13482
f 13495 13496 13490 13489
f 13496 13497 13491 13490
f 13497 13498 13492 13491
f 13498 13499 13493 13492
f 13499 13500 13494 13493
f 13500 13495 13489 13494
f 13498 13497 13496 13495
f 13500 13499 13498 13495
f 13489 13490 13491 13492
f 13489 13492 13493 13494
f 13507 13508 13502 13501
f 13508 13509 13503 13502
f 13509 13510 13504 13503
f 13510 13511 13505 13504
f 13511 13512 13506 13505
f 13512 13507 13501 13506
f 13510 13509 13508 13507
f 13512 13511 13510 13507
f 13501 13502 13503 13504
f 13501 13504 13505 13506
f 13519 13520 13514 13513
f 13520 13521 13515 13514
f 13521 13522 13516 13515
f 13522 13523 13517 13516
f 13523 13524 13518 13517
f 13524 13519 13513 13518
f 13522 13521 13520 13519
f 13524 13523 13522 13519
f 13513 13514 13515 13516
f 13513 13516 13517 13518
f 13531 13532 13526 13525
f 13532 13533 13527 13526
f 13533 13534 13528 13527
f 13534 13535 13529 13528
f 13535 13536 13530 13529
f 13536 13531 13525 13530
f 13534 13533 13532 13531
f 13536 13535 13534 13531
f 13525 13526 13527 13528
f 13525 13528 13529 13530
f 13543 13544 13538 13537
f 13544 13545 13539 13538
f 13545 13546 13540 13539
f 13546 13547 13541 13540
f 13547 13548 13542 13541
f 13548 13543 13537 13542
f 13546 13545 13544 13543
f 13548 13547 13546 13543
f 13537 13538 13539 13540
f 13537 13540 13541 13542
f 13555 13556 13550 13549
f 13556 13557 13551 13550
f 13557 13558 13552 13551
f 13558 13559 13553 13552
f 13559 13560 13554 13553
f 13560 13555 13549 13554
f 13558 13557 13556 13555
f 13560 13559 13558 13555
f 13549 13550 13551 13552
f 13549 13552 13553 13554
f 13567 13568 13562 13561
f 13568 13569 13563 13562
f 13569 13570 13564 13563
f 13570 13571 13565 13564
f 13571 13572 13566 13565
f 13572 13567 13561 13566
f 13570 13569 13568 13567
f 13572 13571 13570 13567
f 13561 13562 13563 13564
f 13561 13564 13565 13566
f 13579 13580 13574 13573
f 13580 13581 13575 13574
f 13581 13582 13576 13575
f 13582 13583 13577 13576
f 13583 13584 13578 13577
f 13584 13579 13573 13578
f 13582 13581 13580 13579
f 13584 13583 13582 13579
f 13573 13574 13575 13576
f 13573 13576 13577 13578
f 13591 13592 13586 13585
f 13592 13593 13587 13586
f 13593 13594 13588 13587
f 13594 13595 13589 13588
f 13595 13596 13590 13589
f 13596 13591 13585 13590
f 13594 13593 13592 13591
f 13596 13595 13594 13591
f 13585 13586 13587 13588
f 13585 13588 13589 13590
f 13603 13604 13598 13597
f 13604 13605 13599 13598
f 13605 13606 13600 13599
f 13606 13607 13601 13600
f 13607 13608 13602 13601
f 13608 13603 13597 13602
f 13606 13605 13604 13603
f 13608 13607 13606 13603
f 13597 13598 13599 13600
f 13597 13600 13601 13602
f 13615 13616 13610 13609
f 13616 13617 13611 13610
f 13617 13618 13612 13611
f 13618 13619 13613 13612
f 13619 13620 13614 13613
f 13620 13615 13609 13614
f 13618 13617 13616 13615
f 13620 13619 13618 13615
f 13609 13610 13611 13612
f 13609 13612 13613 13614
f 13627 13628 13622 13621
f 13628 13629 13623 13622
f 13629 13630 13624 13623
f 13630 13631 13625 13624
f 13631 13632 13626 13625
f 13632 13627 13621 13626
f 13630 13629 13628 13627
f 13632 13631 13630 13627
f 13621 13622 13623 13624
f 13621 13624 13625 13626
f 13639 13640 13634 13633
f 13640 13641 13635 13634
f 13641 13642 13636 13635
f 13642 13643 13637 13636
f 13643 13644 13638 13637
f 13644 13639 13633 13638
f 13642 13641 13640 13639
f 13644 13643 13642 13639
f 13633 13634 13635 13636
f 13633 13636 13637 13638
f 13651 13652 13646 13645
f 13652 13653 13647 13646
f 13653 13654 13648 13647
f 13654 13655 13649 13648
f 13655 13656 13650 13649
f 13656 13651 13645 13650
f 13654 13653 13652 13651
f 13656 13655 13654 13651
f 13645 13646 13647 13648
f 13645 13648 13649 13650
f 13663 13664 13658 13657
f 13664 13665 13659 13658
f 13665 13666 13660 13659
f 13666 13667 13661 13660
f 13667 13668 13662 13661
f 13668 13663 13657 13662
f 13666 13665 13664 13663
f 13668 13667 13666 13663
f 13657 13658 13659 13660
f 13657 13660 13661 13662
f 13675 13676 13670 13669
f 13676 13677 13671 13670
f 13677 13678 13672 13671
f 13678 13679 13673 13672
f 13679 13680 13674 13673
f 13680 13675 13669 13674
f 13678 13677 13676 13675
f 13680 13679 13678 13675
f 13669 13670 13671 13672
f 13669 13672 13673 13674
f 13687 13688 13682 13681
f 13688 13689 13683 13682
f 13689 13690 13684 13683
f 13690 13691 13685 13684
f 13691 13692 13686 13685
f 13692 13687 13681 13686
f 13690 13689 13688 13687
f 13692 13691 13690 13687
f 13681 13682 13683 13684
f 13681 13684 13685 13686
f 13699 13700 13694 13693
f 13700 13701 13695 13694
f 13701 13702 13696 13695
f 13702 13703 13697 13696
f 13703 13704 13698 13697
f 13704 13699 13693 13698
f 13702 13701 13700 13699
f 13704 13703 13702 13699
f 13693 13694 13695 13696
f 13693 13696 13697 13698
f 13711 13712 13706 13705
f 13712 13713 13707 13706
f 13713 13714 13708 13707
f 13714 13715 13709 13708
f 13715 13716 13710 13709
f 13716 13711 13705 13710
f 13714 13713 13712 13711
f 13716 13715 13714 13711
f 13705 13706 13707 13708
f 13705 13708 13709 13710
f 13723 13724 13718 13717
f 13724 13725 13719 13718
f 13725 13726 13720 13719
f 13726 13727 13721 13720
f 13727 13728 13722 13721
f 13728 13723 13717 13722
f 13726 13725 13724 13723
f 13728 13727 13726 13723
f 13717 13718 13719 13720
f 13717 13720 13721 13722
f 13735 13736 13730 13729
f 13736 13737 13731 13730
f 13737 13738 13732 13731
f 13738 13739 13733 13732
f 13739 13740 13734 13733
f 13740 13735 13729 13734
f 13738 13737 13736 13735
f 13740 13739 13738 13735
f 13729 13730 13731 13732
f 13729 13732 13733 13734
f 13747 13748 13742 13741
f 13748 13749 13743 13742
f 13749 13750 13744 13743
f 13750 13751 13745 13744
f 13751 13752 13746 13745
f 13752 13747 13741 13746
f 13750 13749 13748 13747
f 13752 13751 13750 13747
f 13741 13742 13743 13744
f 13741 13744 13745 13746
f 13759 13760 13754 13753
f 13760 13761 13755 13754
f 13761 13762 13756 13755
f 13762 13763 13757 13756
f 13763 13764 13758 13757
f 13764 13759 13753 13758
f 13762 13761 13760 13759
f 13764 13763 13762 13759
f 13753 13754 13755 13756
f 13753 13756 13757 13758
f 13771 13772 13766 13765
f 13772 13773 13767 13766
f 13773 13774 13768 13767
f 13774 13775 13769 13768
f 13775 13776 13770 13769
f 13776 13771 13765 13770
f 13774 13773 13772 13771
f 13776 13775 13774 13771
f 13765 13766 13767 13768
f 13765 13768 13769 13770
f 13783 13784 13778 13777
f 13784 13785 13779 13778
f 13785 13786 13780 13779
f 13786 13787 13781 13780
f 13787 13788 13782 13781
f 13788 13783 13777 13782
f 13786 13785 13784 13783
f 13788 13787 13786 13783
f 13777 13778 13779 13780
f 13777 13780 13781 13782
f 13795 13796 13790 13789
f 13796 13797 13791 13790
f 13797 13798 13792 13791
f 13798 13799 13793 13792
f 13799 13800 13794 13793
f 13800 13795 13789 13794
f 13798 13797 13796 13795
f 13800 13799 13798 13795
f 13789 13790 13791 13792
f 13789 13792 13793 13794
f 13807 13808 13802 13801
f 13808 13809 13803 13802
f 13809 13810 13804 13803
f 13810 13811 13805 13804
f 13811 13812 13806 13805
f 13812 13807 13801 13806
f 13810 13809 13808 13807
f 13812 13811 13810 13807
f 13801 13802 13803 13804
f 13801 13804 13805 13806
f 13819 13820 13814 13813
f 13820 13821 13815 13814
f 13821 13822 13816 13815
f 13822 13823 13817 13816
f 13823 13824 13818 13817
f 13824 13819 13813 13818
f 13822 13821 13820 13819
f 13824 13823 13822 13819
f 13813 13814 13815 13816
f 13813 13816 13817 13818
f 13831 13832 13826 13825
f 13832 13833 13827 13826
f 13833 13834 13828 13827
f 13834 13835 13829 13828
f 13835 13836 13830 13829
f 13836 13831 13825 13830
f 13834 13833 13832 13831
f 13836 13835 13834 13831
f 13825 13826 13827 13828
f 13825 13828 13829 13830
f 13843 13844 13838 13837
f 13844 13845 13839 13838
f 13845 13846 13840 13839
f 13846 13847 13841 13840
f 13847 13848 13842 13841
f 13848 13843 13837 13842
f 13846 13845 13844 13843
f 13848 13847 13846 13843
f 13837 13838 13839 13840
f 13837 13840 13841 13842
f 13855 13856 13850 13849
f 13856 13857 13851 13850
f 13857 13858 13852 13851
f 13858 13859 13853 13852
f 13859 13860 13854 13853
f 13860 13855 13849 13854
f 13858 13857 13856 13855
f 13860 13859 13858 13855
f 13849 13850 13851 13852
f 13849 13852 13853 13854
f 13867 13868 13862 13861
f 13868 13869 13863 13862
f 13869 13870 13864 13863
f 13870 13871 13865 13864
f 13871 13872 13866 13865
f 13872 13867 13861 13866
f 13870 13869 13868 13867
f 13872 13871 13870 13867
f 13861 13862 13863 13864
f 13861 13864 13865 13866
f 13879 13880 13874 13873
f 13880 13881 13875 13874
f 13881 13882 13876 13875
f 13882 13883 13877 13876
f 13883 13884 13878 13877
f 13884 13879 13873 13878
f 13882 13881 13880 13879
f 13884 13883 13882 13879
f 13873 13874 13875 13876
f 13873 13876 13877 13878
f 13891 13892 13886 13885
f 13892 13893 13887 13886
f 13893 13894 13888 13887
f 13894 13895 13889 13888
f 13895 13896 13890 13889
f 13896 13891 13885 13890
f 13894 13893 13892 13891
f 13896 13895 13894 13891
f 13885 13886 13887 13888
f 13885 13888 13889 13890
f 13903 13904 13898 13897
f 13904 13905 13899 13898
f 13905 13906 13900 13899
f 13906 13907 13901 13900
f 13907 13908 13902 13901
f 13908 13903 13897 13902
f 13906 13905 13904 13903
f 13908 13907 13906 13903
f 13897 13898 13899 13900
f 13897 13900 13901 13902
f 13915 13916 13910 13909
f 13916 13917 13911 13910
f 13917 13918 13912 13911
f 13918 13919 13913 13912
f 13919 13920 13914 13913
f 13920 13915 13909 13914
f 13918 13917 13916 13915
f 13920 13919 13918 13915
f 13909 13910 13911 13912
f 13909 13912 13913 13914
f 13927 13928 13922 13921
f 13928 13929 13923 13922
f 13929 13930 13924 13923
f 13930 13931 13925 13924
f 13931 13932 13926 13925
f 13932 13927 13921 13926
f 13930 13929 13928 13927
f 13932 13931 13930 13927
f 13921 13922 13923 13924
f 13921 13924 13925 13926
f 13939 13940 13934 13933
f 13940 13941 13935 13934
f 13941 13942 13936 13935
f 13942 13943 13937 13936
f 13943 13944 13938 13937
f 13944 13939 13933 13938
f 13942 13941 13940 13939
f 13944 13943 13942 13939
f 13933 13934 13935 13936
f 13933 13936 13937 13938
f 13951 13952 13946 13945
f 13952 13953 13947 13946
f 13953 13954 13948 13947
f 13954 13955 13949 13948
f 13955 13956 13950 13949
f 13956 13951 13945 13950
f 13954 13953 13952 13951
f 13956 13955 13954 13951
f 13945 13946 13947 13948
f 13945 13948 13949 13950
f 13963 13964 13958 13957
f 13964 13965 13959 13958
f 13965 13966 13960 13959
f 13966 13967 13961 13960
f 13967 13968 13962 13961
f 13968 13963 13957 13962
f 13966 13965 13964 13963
f 13968 13967 13966 13963
f 13957 13958 13959 13960
f 13957 13960 13961 13962
f 13975 13976 13970 13969
f 13976 13977 13971 13970
f 13977 13978 13972 13971
f 13978 13979 13973 13972
f 13979 13980 13974 13973
f 13980 13975 13969 13974
f 13978 13977 13976 13975
f 13980 13979 13978 13975
f 13969 13970 13971 13972
f 13969 13972 13973 13974
f 13987 13988 13982 13981
f 13988 13989 13983 13982
f 13989 13990 13984 13983
f 13990 13991 13985 13984
f 13991 13992 13986 13985
f 13992 13987 13981 13986
f 13990 13989 13988 13987
f 13992 13991 13990 13987
f 13981 13982 13983 13984
f 13981 13984 13985 13986
f 13999 14000 13994 13993
f 14000 14001 13995 13994
f 14001 14002 13996 13995
f 14002 14003 13997 13996
f 14003 14004 13998 13997
f 14004 13999 13993 13998
f 14002 14001 14000 13999
f 14004 14003 14002 13999
f 13993 13994 13995 13996
f 13993 13996 13997 13998
f 14011 14012 14006 14005
f 14012 14013 14007 14006
f 14013 14014 14008 14007
f 14014 14015 14009 14008
f 14015 14016 14010 14009
f 14016 14011 14005 14010
f 14014 14013 14012 14011
f 14016 14015 14014 14011
f 14005 14006 14007 14008
f 14005 14008 14009 14010
f 14023 14024 14018 14017
f 14024 14025 14019 14018
f 14025 14026 14020 14019
f 14026 14027 14021 14020
f 14027 14028 14022 14021
f 14028 14023 14017 14022
f 14026 14025 14024 14023
f 14028 14027 14026 14023
f 14017 14018 14019 14020
f 14017 14020 14021 14022
f 14035 14036 14030 14029
f 14036 14037 14031 14030
f 14037 14038 14032 14031
f 14038 14039 14033 14032
f 14039 14040 14034 14033
f 14040 14035 14029 14034
f 14038 14037 14036 14035
f 14040 14039 14038 14035
f 14029 14030 14031 14032
f 14029 14032 14033 14034
f 14047 14048 14042 14041
f 14048 14049 14043 14042
f 14049 14050 14044 14043
f 14050 14051 14045 14044
f 14051 14052 14046 14045
f 14052 14047 14041 14046
f 14050 14049 14048 14047
f 14052 14051 14050 14047
f 14041 14042 14043 14044
f 14041 14044 14045 14046
f 14059 14060 14054 14053
f 14060 14061 14055 14054
f 14061 14062 14056 14055
f 14062 14063 14057 14056
f 14063 14064 14058 14057
f 14064 14059 14053 14058
f 14062 14061 14060 14059
f 14064 14063 14062 14059
f 14053 14054 14055 14056
f 14053 14056 14057 14058
f 14071 14072 14066 14065
f 14072 14073 14067 14066
f 14073 14074 14068 14067
f 14074 14075 14069 14068
f 14075 14076 14070 14069
f 14076 14071 14065 14070
f 14074 14073 14072 14071
f 14076 14075 14074 14071
f 14065 14066 14067 14068
f 14065 14068 14069 14070
f 14083 14084 14078 14077
f 14084 14085 14079 14078
f 14085 14086 14080 14079
f 14086 14087 14081 14080
f 14087 14088 14082 14081
f 14088 14083 14077 14082
f 14086 14085 14084 14083
f 14088 14087 14086 14083
f 14077 14078 14079 14080
f 14077 14080 14081 14082
f 14095 14096 14090 14089
f 14096 14097 14091 14090
f 14097 14098 14092 14091
f 14098 14099 14093 14092
f 14099 14100 14094 14093
f 14100 14095 14089 14094
f 14098 14097 14096 14095
f 14100 14099 14098 14095
f 14089 14090 14091 14092
f 14089 14092 14093 14094
f 14107 14108 14102 14101
f 14108 14109 14103 14102
f 14109 14110 14104 14103
f 14110 14111 14105 14104
f 14111 14112 14106 14105
f 14112 14107 14101 14106
f 14110 14109 14108 14107
f 14112 14111 14110 14107
f 14101 14102 14103 14104
f 14101 14104 14105 14106
f 14119 14120 14114 14113
f 14120 14121 14115 14114
f 14121 14122 14116 14115
f 14122 14123 14117 14116
f 14123 14124 14118 14117
f 14124 14119 14113 14118
f 14122 14121 14120 14119
f 14124 14123 14122 14119
f 14113 14114 14115 14116
f 14113 14116 14117 14118
f 14131 14132 14126 14125
f 14132 14133 14127 14126
f 14133 14134 14128 14127
f 14134 14135 14129 14128
f 14135 14136 14130 14129
f 14136 14131 14125 14130
f 14134 14133 14132 14131
f 14136 14135 14134 14131
f 14125 14126 14127 14128
f 14125 14128 14129 14130
f 14143 14144 14138 14137
f 14144 14145 14139 14138
f 14145 14146 14140 14139
f 14146 14147 14141 14140
f 14147 14148 14142 14141
f 14148 14143 14137 14142
f 14146 14145 14144 14143
f 14148 14147 14146 14143
f 14137 14138 14139 14140
f 14137 14140 14141 14142
f 14155 14156 14150 14149
f 14156 14157 14151 14150
f 14157 14158 14152 14151
f 14158 14159 14153 14152
f 14159 14160 14154 14153
f 14160 14155 14149 14154
f 14158 14157 14156 14155
f 14160 14159 14158 14155
f 14149 14150 14151 14152
f 14149 14152 14153 14154
f 14167 14168 14162 14161
f 14168 14169 14163 14162
f 14169 14170 14164 14163
f 14170 14171 14165 14164
f 14171 14172 14166 14165
f 14172 14167 14161 14166
f 14170 14169 14168 14167
f 14172 14171 14170 14167
f 14161 14162 14163 14164
f 14161 14164 14165 14166
f 14179 14180 14174 14173
f 14180 14181 14175 14174
f 14181 14182 14176 14175
f 14182 14183 14177 14176
f 14183 14184 14178 14177
f 14184 14179 14173 14178
f 14182 14181 14180 14179
f 14184 14183 14182 14179
f 14173 14174 14175 14176
f 14173 14176 14177 14178
f 14191 14192 14186 14185
f 14192 14193 14187 14186
f 14193 14194 14188 14187
f 14194 14195 14189 14188
f 14195 14196 14190 14189
f 14196 14191 14185 14190
f 14194 14193 14192 14191
f 14196 14195 14194 14191
f 14185 14186 14187 14188
f 14185 14188 14189 14190
f 14203 14204 14198 14197
f 14204 14205 14199 14198
f 14205 14206 14200 14199
f 14206 14207 14201 14200
f 14207 14208 14202 14201
f 14208 14203 14197 14202
f 14206 14205 14204 14203
f 14208 14207 14206 14203
f 14197 14198 14199 14200
f 14197 14200 14201 14202
f 14215 14216 14210 14209
f 14216 14217 14211 14210
f 14217 14218 14212 14211
f 14218 14219 14213 14212
f 14219 14220 14214 14213
f 14220 14215 14209 14214
f 14218 14217 14216 14215
f 14220 14219 14218 14215
f 14209 14210 14211 14212
f 14209 14212 14213 14214
f 14227 14228 14222 14221
f 14228 14229 14223 14222
f 14229 14230 14224 14223
f 14230 14231 14225 14224
f 14231 14232 14226 14225
f 14232 14227 14221 14226
f 14230 14229 14228 14227
f 14232 14231 14230 14227
f 14221 14222 14223 14224
f 14221 14224 14225 14226
f 14239 14240 14234 14233
f 14240 14241 14235 14234
f 14241 14242 14236 14235
f 14242 14243 14237 14236
f 14243 14244 14238 14237
f 14244 14239 14233 14238
f 14242 14241 14240 14239
f 14244 14243 14242 14239
f 14233 14234 14235 14236
f 14233 14236 14237 14238
f 14251 14252 14246 14245
f 14252 14253 14247 14246
f 14253 14254 14248 14247
f 14254 14255 14249 14248
f 14255 14256 14250 14249
f 14256 14251 14245 14250
f 14254 14253 14252 14251
f 14256 14255 14254 14251
f 14245 14246 14247 14248
f 14245 14248 14249 14250
f 14263 14264 14258 14257
f 14264 14265 14259 14258
f 14265 14266 14260 14259
f 14266 14267 14261 14260
f 14267 14268 14262 14261
f 14268 14263 14257 14262
f 14266 14265 14264 14263
f 14268 14267 14266 14263
f 14257 14258 14259 14260
f 14257 14260 14261 14262
f 14275 14276 14270 14269
f 14276 14277 14271 14270
f 14277 14278 14272 14271
f 14278 14279 14273 14272
f 14279 14280 14274 14273
f 14280 14275 14269 14274
f 14278 14277 14276 14275
f 14280 14279 14278 14275
f 14269 14270 14271 14272
f 14269 14272 14273 14274
f 14287 14288 14282 14281
f 14288 14289 14283 14282
f 14289 14290 14284 14283
f 14290 14291 14285 14284
f 14291 14292 14286 14285
f 14292 14287 14281 14286
f 14290 14289 14288 14287
f 14292 14291 14290 14287
f 14281 14282 14283 14284
f 14281 14284 14285 14286
f 14299 14300 14294 14293
f 14300 14301 14295 14294
f 14301 14302 14296 14295
f 14302 14303 14297 14296
f 14303 14304 14298 14297
f 14304 14299 14293 14298
f 14302 14301 14300 14299
f 14304 14303 14302 14299
f 14293 14294 14295 14296
f 14293 14296 14297 14298
f 14311 14312 14306 14305
f 14312 14313 14307 14306
f 14313 14314 14308 14307
f 14314 14315 14309 14308
f 14315 14316 14310 14309
f 14316 14311 14305 14310
f 14314 14313 14312 14311
f 14316 14315 14314 14311
f 14305 14306 14307 14308
f 14305 14308 14309 14310
f 14323 14324 14318 14317
f 14324 14325 14319 14318
f 14325 14326 14320 14319
f 14326 14327 14321 14320
f 14327 14328 14322 14321
f 14328 14323 14317 14322
f 14326 14325 14324 14323
f 14328 14327 14326 14323
f 14317 14318 14319 14320
f 14317 14320 14321 14322
f 14335 14336 14330 14329
f 14336 14337 14331 14330
f 14337 14338 14332 14331
f 14338 14339 14333 14332
f 14339 14340 14334 14333
f 14340 14335 14329 14334
f 14338 14337 14336 14335
f 14340 14339 14338 14335
f 14329 14330 14331 14332
f 14329 14332 14333 14334
f 14347 14348 14342 14341
f 14348 14349 14343 14342
f 14349 14350 14344 14343
f 14350 14351 14345 14344
f 14351 14352 14346 14345
f 14352 14347 14341 14346
f 14350 14349 14348 14347
f 14352 14351 14350 14347
f 14341 14342 14343 14344
f 14341 14344 14345 14346
f 14359 14360 14354 14353
f 14360 14361 14355 14354
f 14361 14362 14356 14355
f 14362 14363 14357 14356
f 14363 14364 14358 14357
f 14364 14359 14353 14358
f 14362 14361 14360 14359
f 14364 14363 14362 14359
f 14353 14354 14355 14356
f 14353 14356 14357 14358
f 14371 14372 14366 14365
f 14372 14373 14367 14366
f 14373 14374 14368 14367
f 14374 14375 14369 14368
f 14375 14376 14370 14369
f 14376 14371 14365 14370
f 14374 14373 14372 14371
f 14376 14375 14374 14371
f 14365 14366 14367 14368
f 14365 14368 14369 14370
f 14383 14384 14378 14377
f 14384 14385 14379 14378
f 14385 14386 14380 14379
f 14386 14387 14381 14380
f 14387 14388 14382 14381
f 14388 14383 14377 14382
f 14386 14385 14384 14383
f 14388 14387 14386 14383
f 14377 14378 14379 14380
f 14377 14380 14381 14382
f 14395 14396 14390 14389
f 14396 14397 14391 14390
f 14397 14398 14392 14391
f 14398 14399 14393 14392
f 14399 14400 14394 14393
f 14400 14395 14389 14394
f 14398 14397 14396 14395
f 14400 14399 14398 14395
f 14389 14390 14391 14392
f 14389 14392 14393 14394
f 14407 14408 14402 14401
f 14408 14409 14403 14402
f 14409 14410 14404 14403
f 14410 14411 14405 14404
f 14411 14412 14406 14405
f 14412 14407 14401 14406
f 14410 14409 14408 14407
f 14412 14411 14410 14407
f 14401 14402 14403 14404
f 14401 14404 14405 14406
f 14419 14420 14414 14413
f 14420 14421 14415 14414
f 14421 14422 14416 14415
f 14422 14423 14417 14416
f 14423 14424 14418 14417
f 14424 14419 14413 14418
f 14422 14421 14420 14419
f 14424 14423 14422 14419
f 14413 14414 14415 14416
f 14413 14416 14417 14418
f 14431 14432 14426 14425
f 14432 14433 14427 14426
f 14433 14434 14428 14427
f 14434 14435 14429 14428
f 14435 14436 14430 14429
f 14436 14431 14425 14430
f 14434 14433 14432 14431
f 14436 14435 14434 14431
f 14425 14426 14427 14428
f 14425 14428 14429 14430
f 14443 14444 14438 14437
f 14444 14445 14439 14438
f 14445 14446 14440 14439
f 14446 14447 14441 14440
f 14447 14448 14442 14441
f 14448 14443 14437 14442
f 14446 14445 14444 14443
f 14448 14447 14446 14443
f 14437 14438 14439 14440
f 14437 14440 14441 14442
f 14455 14456 14450 14449
f 14456 14457 14451 14450
f 14457 14458 14452 14451
f 14458 14459 14453 14452
f 14459 14460 14454 14453
f 14460 14455 14449 14454
f 14458 14457 14456 14455
f 14460 14459 14458 14455
f 14449 14450 14451 14452
f 14449 14452 14453 14454
f 14467 14468 14462 14461
f 14468 14469 14463 14462
f 14469 14470 14464 14463
f 14470 14471 14465 14464
f 14471 14472 14466 14465
f 14472 14467 14461 14466
f 14470 14469 14468 14467
f 14472 14471 14470 14467
f 14461 14462 14463 14464
f 14461 14464 14465 14466
f 14479 14480 14474 14473
f 14480 14481 14475 14474
f 14481 14482 14476 14475
f 14482 14483 14477 14476
f 14483 14484 14478 14477
f 14484 14479 14473 14478
f 14482 14481 14480 14479
f 14484 14483 14482 14479
f 14473 14474 14475 14476
f 14473 14476 14477 14478
f 14491 14492 14486 14485
f 14492 14493 14487 14486
f 14493 14494 14488 14487
f 14494 14495 14489 14488
f 14495 14496 14490 14489
f 14496 14491 14485 14490
f 14494 14493 14492 14491
f 14496 14495 14494 14491
f 14485 14486 14487 14488
f 14485 14488 14489 14490
f 14503 14504 14498 14497
f 14504 14505 14499 14498
f 14505 14506 14500 14499
f 14506 14507 14501 14500
f 14507 14508 14502 14501
f 14508 14503 14497 14502
f 14506 14505 14504 14503
f 14508 14507 14506 14503
f 14497 14498 14499 14500
f 14497 14500 14501 14502
f 14515 14516 14510 14509
f 14516 14517 14511 14510
f 14517 14518 14512 14511
f 14518 14519 14513 14512
f 14519 14520 14514 14513
f 14520 14515 14509 14514
f 14518 14517 14516 14515
f 14520 14519 14518 14515
f 14509 14510 14511 14512
f 14509 14512 14513 14514
f 14527 14528 14522 14521
f 14528 14529 14523 14522
f 14529 14530 14524 14523
f 14530 14531 14525 14524
f 14531 14532 14526 14525
f 14532 14527 14521 14526
f 14530 14529 14528 14527
f 14532 14531 14530 14527
f 14521 14522 14523 14524
f 14521 14524 14525 14526
f 14539 14540 14534 14533
f 14540 14541 14535 14534
f 14541 14542 14536 14535
f 14542 14543 14537 14536
f 14543 14544 14538 14537
f 14544 14539 14533 14538
f 14542 14541 14540 14539
f 14544 14543 14542 14539
f 14533 14534 14535 14536
f 14533 14536 14537 14538
f 14551 14552 14546 14545
f 14552 14553 14547 14546
f 14553 14554 14548 14547
f 14554 14555 14549 14548
f 14555 14556 14550 14549
f 14556 14551 14545 14550
f 14554 14553 14552 14551
f 14556 14555 14554 14551
f 14545 14546 14547 14548
f 14545 14548 14549 14550
f 14563 14564 14558 14557
f 14564 14565 14559 14558
f 14565 14566 14560 14559
f 14566 14567 14561 14560
f 14567 14568 14562 14561
f 14568 14563 14557 14562
f 14566 14565 14564 14563
f 14568 14567 14566 14563
f 14557 14558 14559 14560
f 14557 14560 14561 14562
f 14575 14576 14570 14569
f 14576 14577 14571 14570
f 14577 14578 14572 14571
f 14578 14579 14573 14572
f 14579 14580 14574 14573
f 14580 14575 14569 14574
f 14578 14577 14576 14575
f 14580 14579 14578 14575
f 14569 14570 14571 14572
f 14569 14572 14573 14574
f 14587 14588 14582 14581
f 14588 14589 14583 14582
f 14589 14590 14584 14583
f 14590 14591 14585 14584
f 14591 14592 14586 14585
f 14592 14587 14581 14586
f 14590 14589 14588 14587
f 14592 14591 14590 14587
f 14581 14582 14583 14584
f 14581 14584 14585 14586
f 14599 14600 14594 14593
f 14600 14601 14595 14594
f 14601 14602 14596 14595
f 14602 14603 14597 14596
f 14603 14604 14598 14597
f 14604 14599 14593 14598
f 14602 14601 14600 14599
f 14604 14603 14602 14599
f 14593 14594 14595 14596
f 14593 14596 14597 14598
f 14611 14612 14606 14605
f 14612 14613 14607 14606
f 14613 14614 14608 14607
f 14614 14615 14609 14608
f 14615 14616 14610 14609
f 14616 14611 14605 14610
f 14614 14613 14612 14611
f 14616 14615 14614 14611
f 14605 14606 14607 14608
f 14605 14608 14609 14610
f 14623 14624 14618 14617
f 14624 14625 14619 14618
f 14625 14626 14620 14619
f 14626 14627 14621 14620
f 14627 14628 14622 14621
f 14628 14623 14617 14622
f 14626 14625 14624 14623
f 14628 14627 14626 14623
f 14617 14618 14619 14620
f 14617 14620 14621 14622
f 14635 14636 14630 14629
f 14636 14637 14631 14630
f 14637 14638 14632 14631
f 14638 14639 14633 14632
f 14639 14640 14634 14633
f 14640 14635 14629 14634
f 14638 14637 14636 14635
f 14640 14639 14638 14635
f 14629 14630 14631 14632
f 14629 14632 14633 14634
f 14647 14648 14642 14641
f 14648 14649 14643 14642
f 14649 14650 14644 14643
f 14650 14651 14645 14644
f 14651 14652 14646 14645
f 14652 14647 14641 14646
f 14650 14649 14648 14647
f 14652 14651 14650 14647
f 14641 14642 14643 14644
f 14641 14644 14645 14646
f 14659 14660 14654 14653
f 14660 14661 14655 14654
f 14661 14662 14656 14655
f 14662 14663 14657 14656
f 14663 14664 14658 14657
f 14664 14659 14653 14658
f 14662 14661 14660 14659
f 14664 14663 14662 14659
f 14653 14654 14655 14656
f 14653 14656 14657 14658
f 14671 14672 14666 14665
f 14672 14673 14667 14666
f 14673 14674 14668 14667
f 14674 14675 14669 14668
f 14675 14676 14670 14669
f 14676 14671 14665 14670
f 14674 14673 14672 14671
f 14676 14675 14674 14671
f 14665 14666 14667 14668
f 14665 14668 14669 14670
f 14683 14684 14678 14677
f 14684 14685 14679 14678
f 14685 14686 14680 14679
f 14686 14687 14681 14680
f 14687 14688 14682 14681
f 14688 14683 14677 14682
f 14686 14685 14684 14683
f 14688 14687 14686 14683
f 14677 14678 14679 14680
f 14677 14680 14681 14682
f 14695 14696 14690 14689
f 14696 14697 14691 14690
f 14697 14698 14692 14691
f 14698 14699 14693 14692
f 14699 14700 14694 14693
f 14700 14695 14689 14694
f 14698 14697 14696 14695
f 14700 14699 14698 14695
f 14689 14690 14691 14692
f 14689 14692 14693 14694
f 14707 14708 14702 14701
f 14708 14709 14703 14702
f 14709 14710 14704 14703
f 14710 14711 14705 14704
f 14711 14712 14706 14705
f 14712 14707 14701 14706
f 14710 14709 14708 14707
f 14712 14711 14710 14707
f 14701 14702 14703 14704
f 14701 14704 14705 14706
f 14719 14720 14714 14713
f 14720 14721 14715 14714
f 14721 14722 14716 14715
f 14722 14723 14717 14716
f 14723 14724 14718 14717
f 14724 14719 14713 14718
f 14722 14721 14720 14719
f 14724 14723 14722 14719
f 14713 14714 14715 14716
f 14713 14716 14717 14718
f 14731 14732 14726 14725
f 14732 14733 14727 14726
f 14733 14734 14728 14727
f 14734 14735 14729 14728
f 14735 14736 14730 14729
f 14736 14731 14725 14730
f 14734 14733 14732 14731
f 14736 14735 14734 14731
f 14725 14726 14727 14728
f 14725 14728 14729 14730
f 14743 14744 14738 14737
f 14744 14745 14739 14738
f 14745 14746 14740 14739
f 14746 14747 14741 14740
f 14747 14748 14742 14741
f 14748 14743 14737 14742
f 14746 14745 14744 14743
f 14748 14747 14746 14743
f 14737 14738 14739 14740
f 14737 14740 14741 14742
f 14755 14756 14750 14749
f 14756 14757 14751 14750
f 14757 14758 14752 14751
f 14758 14759 14753 14752
f 14759 14760 14754 14753
f 14760 14755 14749 14754
f 14758 14757 14756 14755
f 14760 14759 14758 14755
f 14749 14750 14751 14752
f 14749 14752 14753 14754
f 14767 14768 14762 14761
f 14768 14769 14763 14762
f 14769 14770 14764 14763
f 14770 14771 14765 14764
f 14771 14772 14766 14765
f 14772 14767 14761 14766
f 14770 14769 14768 14767
f 14772 14771 14770 14767
f 14761 14762 14763 14764
f 14761 14764 14765 14766
f 14779 14780 14774 14773
f 14780 14781 14775 14774
f 14781 14782 14776 14775
f 14782 14783 14777 14776
f 14783 14784 14778 14777
f 14784 14779 14773 14778
f 14782 14781 14780 14779
f 14784 14783 14782 14779
f 14773 14774 14775 14776
f 14773 14776 14777 14778
f 14791 14792 14786 14785
f 14792 14793 14787 14786
f 14793 14794 14788 14787
f 14794 14795 14789 14788
f 14795 14796 14790 14789
f 14796 14791 14785 14790
f 14794 14793 14792 14791
f 14796 14795 14794 14791
f 14785 14786 14787 14788
f 14785 14788 14789 14790
f 14803 14804 14798 14797
f 14804 14805 14799 14798
f 14805 14806 14800 14799
f 14806 14807 14801 14800
f 14807 14808 14802 14801
f 14808 14803 14797 14802
f 14806 14805 14804 14803
f 14808 14807 14806 14803
f 14797 14798 14799 14800
f 14797 14800 14801 14802
f 14815 14816 14810 14809
f 14816 14817 14811 14810
f 14817 14818 14812 14811
f 14818 14819 14813 14812
f 14819 14820 14814 14813
f 14820 14815 14809 14814
f 14818 14817 14816 14815
f 14820 14819 14818 14815
f 14809 14810 14811 14812
f 14809 14812 14813 14814
f 14827 14828 14822 14821
f 14828 14829 14823 14822
f 14829 14830 14824 14823
f 14830 14831 14825 14824
f 14831 14832 14826 14825
f 14832 14827 14821 14826
f 14830 14829 14828 14827
f 14832 14831 14830 14827
f 14821 14822 14823 14824
f 14821 14824 14825 14826
f 14839 14840 14834 14833
f 14840 14841 14835 14834
f 14841 14842 14836 14835
f 14842 14843 14837 14836
f 14843 14844 14838 14837
f 14844 14839 14833 14838
f 14842 14841 14840 14839
f 14844 14843 14842 14839
f 14833 14834 14835 14836
f 14833 14836 14837 14838
f 14851 14852 14846 14845
f 14852 14853 14847 14846
f 14853 14854 14848 14847
f 14854 14855 14849 14848
f 14855 14856 14850 14849
f 14856 14851 14845 14850
f 14854 14853 14852 14851
f 14856 14855 14854 14851
f 14845 14846 14847 14848
f 14845 14848 14849 14850
f 14863 14864 14858 14857
f 14864 14865 14859 14858
f 14865 14866 14860 14859
f 14866 14867 14861 14860
f 14867 14868 14862 14861
f 14868 14863 14857 14862
f 14866 14865 14864 14863
f 14868 14867 14866 14863
f 14857 14858 14859 14860
f 14857 14860 14861 14862
f 14875 14876 14870 14869
f 14876 14877 14871 14870
f 14877 14878 14872 14871
f 14878 14879 14873 14872
f 14879 14880 14874 14873
f 14880 14875 14869 14874
f 14878 14877 14876 14875
f 14880 14879 14878 14875
f 14869 14870 14871 14872
f 14869 14872 14873 14874
f 14887 14888 14882 14881
f 14888 14889 14883 14882
f 14889 14890 14884 14883
f 14890 14891 14885 14884
f 14891 14892 14886 14885
f 14892 14887 14881 14886
f 14890 14889 14888 14887
f 14892 14891 14890 14887
f 14881 14882 14883 14884
f 14881 14884 14885 14886
f 14899 14900 14894 14893
f 14900 14901 14895 14894
f 14901 14902 14896 14895
f 14902 14903 14897 14896
f 14903 14904 14898 14897
f 14904 14899 14893 14898
f 14902 14901 14900 14899
f 14904 14903 14902 14899
f 14893 14894 14895 14896
f 14893 14896 14897 14898
f 14911 14912 14906 14905
f 14912 14913 14907 14906
f 14913 14914 14908 14907
f 14914 14915 14909 14908
f 14915 14916 14910 14909
f 14916 14911 14905 14910
f 14914 14913 14912 14911
f 14916 14915 14914 14911
f 14905 14906 14907 14908
f 14905 14908 14909 14910
f 14923 14924 14918 14917
f 14924 14925 14919 14918
f 14925 14926 14920 14919
f 14926 14927 14921 14920
f 14927 14928 14922 14921
f 14928 14923 14917 14922
f 14926 14925 14924 14923
f 14928 14927 14926 14923
f 14917 14918 14919 14920
f 14917 14920 14921 14922
f 14935 14936 14930 14929
f 14936 14937 14931 14930
f 14937 14938 14932 14931
f 14938 14939 14933 14932
f 14939 14940 14934 14933
f 14940 14935 14929 14934
f 14938 14937 14936 14935
f 14940 14939 14938 14935
f 14929 14930 14931 14932
f 14929 14932 14933 14934
f 14947 14948 14942 14941
f 14948 14949 14943 14942
f 14949 14950 14944 14943
f 14950 14951 14945 14944
f 14951 14952 14946 14945
f 14952 14947 14941 14946
f 14950 14949 14948 14947
f 14952 14951 14950 14947
f 14941 14942 14943 14944
f 14941 14944 14945 14946
f 14959 14960 14954 14953
f 14960 14961 14955 14954
f 14961 14962 14956 14955
f 14962 14963 14957 14956
f 14963 14964 14958 14957
f 14964 14959 14953 14958
f 14962 14961 14960 14959
f 14964 14963 14962 14959
f 14953 14954 14955 14956
f 14953 14956 14957 14958
f 14971 14972 14966 14965
f 14972 14973 14967 14966
f 14973 14974 14968 14967
f 14974 14975 14969 14968
f 14975 14976 14970 14969
f 14976 14971 14965 14970
f 14974 14973 14972 14971
f 14976 14975 14974 14971
f 14965 14966 14967 14968
f 14965 14968 14969 14970
f 14983 14984 14978 14977
f 14984 14985 14979 14978
f 14985 14986 14980 14979
f 14986 14987 14981 14980
f 14987 14988 14982 14981
f 14988 14983 14977 14982
f 14986 14985 14984 14983
f 14988 14987 14986 14983
f 14977 14978 14979 14980
f 14977 14980 14981 14982
f 14995 14996 14990 14989
f 14996 14997 14991 14990
f 14997 14998 14992 14991
f 14998 14999 14993 14992
f 14999 15000 14994 14993
f 15000 14995 14989 14994
f 14998 14997 14996 14995
f 15000 14999 14998 14995
f 14989 14990 14991 14992
f 14989 14992 14993 14994
f 15007 15008 15002 15001
f 15008 15009 15003 15002
f 15009 15010 15004 15003
f 15010 15011 15005 15004
f 15011 15012 15006 15005
f 15012 15007 15001 15006
f 15010 15009 15008 15007
f 15012 15011 15010 15007
f 15001 15002 15003 15004
f 15001 15004 15005 15006
f 15019 15020 15014 15013
f 15020 15021 15015 15014
f 15021 15022 15016 15015
f 15022 15023 15017 15016
f 15023 15024 15018 15017
f 15024 15019 15013 15018
f 15022 15021 15020 15019
f 15024 15023 15022 15019
f 15013 15014 15015 15016
f 15013 15016 15017 15018
f 15031 15032 15026 15025
f 15032 15033 15027 15026
f 15033 15034 15028 15027
f 15034 15035 15029 15028
f 15035 15036 15030 15029
f 15036 15031 15025 15030
f 15034 15033 15032 15031
f 15036 15035 15034 15031
f 15025 15026 15027 15028
f 15025 15028 15029 15030
f 15043 15044 15038 15037
f 15044 15045 15039 15038
f 15045 15046 15040 15039
f 15046 15047 15041 15040
f 15047 15048 15042 15041
f 15048 15043 15037 15042
f 15046 15045 15044 15043
f 15048 15047 15046 15043
f 15037 15038 15039 15040
f 15037 15040 15041 15042
f 15055 15056 15050 15049
f 15056 15057 15051 15050
f 15057 15058 15052 15051
f 15058 15059 15053 15052
f 15059 15060 15054 15053
f 15060 15055 15049 15054
f 15058 15057 15056 15055
f 15060 15059 15058 15055
f 15049 15050 15051 15052
f 15049 15052 15053 15054
f 15067 15068 15062 15061
f 15068 15069 15063 15062
f 15069 15070 15064 15063
f 15070 15071 15065 15064
f 15071 15072 15066 15065
f 15072 15067 15061 15066
f 15070 15069 15068 15067
f 15072 15071 15070 15067
f 15061 15062 15063 15064
f 15061 15064 15065 15066
f 15079 15080 15074 15073
f 15080 15081 15075 15074
f 15081 15082 15076 15075
f 15082 15083 15077 15076
f 15083 15084 15078 15077
f 15084 15079 15073 15078
f 15082 15081 15080 15079
f 15084 15083 15082 15079
f 15073 15074 15075 15076
f 15073 15076 15077 15078
f 15091 15092 15086 15085
f 15092 15093 15087 15086
f 15093 15094 15088 15087
f 15094 15095 15089 15088
f 15095 15096 15090 15089
f 15096 15091 15085 15090
f 15094 15093 15092 15091
f 15096 15095 15094 15091
f 15085 15086 15087 15088
f 15085 15088 15089 15090
f 15103 15104 15098 15097
f 15104 15105 15099 15098
f 15105 15106 15100 15099
f 15106 15107 15101 15100
f 15107 15108 15102 15101
f 15108 15103 15097 15102
f 15106 15105 15104 15103
f 15108 15107 15106 15103
f 15097 15098 15099 15100
f 15097 15100 15101 15102
f 15115 15116 15110 15109
f 15116 15117 15111 15110
f 15117 15118 15112 15111
f 15118 15119 15113 15112
f 15119 15120 15114 15113
f 15120 15115 15109 15114
f 15118 15117 15116 15115
f 15120 15119 15118 15115
f 15109 15110 15111 15112
f 15109 15112 15113 15114
f 15127 15128 15122 15121
f 15128 15129 15123 15122
f 15129 15130 15124 15123
f 15130 15131 15125 15124
f 15131 15132 15126 15125
f 15132 15127 15121 15126
f 15130 15129 15128 15127
f 15132 15131 15130 15127
f 15121 15122 15123 15124
f 15121 15124 15125 15126
f 15139 15140 15134 15133
f 15140 15141 15135 15134
f 15141 15142 15136 15135
f 15142 15143 15137 15136
f 15143 15144 15138 15137
f 15144 15139 15133 15138
f 15142 15141 15140 15139
f 15144 15143 15142 15139
f 15133 15134 15135 15136
f 15133 15136 15137 15138
f 15151 15152 15146 15145
f 15152 15153 15147 15146
f 15153 15154 15148 15147
f 15154 15155 15149 15148
f 15155 15156 15150 15149
f 15156 15151 15145 15150
f 15154 15153 15152 15151
f 15156 15155 15154 15151
f 15145 15146 15147 15148
f 15145 15148 15149 15150
f 15163 15164 15158 15157
f 15164 15165 15159 15158
f 15165 15166 15160 15159
f 15166 15167 15161 15160
f 15167 15168 15162 15161
f 15168 15163 15157 15162
f 15166 15165 15164 15163
f 15168 15167 15166 15163
f 15157 15158 15159 15160
f 15157 15160 15161 15162
f 15175 15176 15170 15169
f 15176 15177 15171 15170
f 15177 15178 15172 15171
f 15178 15179 15173 15172
f 15179 15180 15174 15173
f 15180 15175 15169 15174
f 15178 15177 15176 15175
f 15180 15179 15178 15175
f 15169 15170 15171 15172
f 15169 15172 15173 15174
f 15187 15188 15182 15181
f 15188 15189 15183 15182
f 15189 15190 15184 15183
f 15190 15191 15185 15184
f 15191 15192 15186 15185
f 15192 15187 15181 15186
f 15190 15189 15188 15187
f 15192 15191 15190 15187
f 15181 15182 15183 15184
f 15181 15184 15185 15186
f 15199 15200 15194 15193
f 15200 15201 15195 15194
f 15201 15202 15196 15195
f 15202 15203 15197 15196
f 15203 15204 15198 15197
f 15204 15199 15193 15198
f 15202 15201 15200 15199
f 15204 15203 15202 15199
f 15193 15194 15195 15196
f 15193 15196 15197 15198
f 15211 15212 15206 15205
f 15212 15213 15207 15206
f 15213 15214 15208 15207
f 15214 15215 15209 15208
f 15215 15216 15210 15209
f 15216 15211 15205 15210
f 15214 15213 15212 15211
f 15216 15215 15214 15211
f 15205 15206 15207 15208
f 15205 15208 15209 15210
f 15223 15224 15218 15217
f 15224 15225 15219 15218
f 15225 15226 15220 15219
f 15226 15227 15221 15220
f 15227 15228 15222 15221
f 15228 15223 15217 15222
f 15226 15225 15224 15223
f 15228 15227 15226 15223
f 15217 15218 15219 15220
f 15217 15220 15221 15222
f 15235 15236 15230 15229
f 15236 15237 15231 15230
f 15237 15238 15232 15231
f 15238 15239 15233 15232
f 15239 15240 15234 15233
f 15240 15235 15229 15234
f 15238 15237 15236 15235
f 15240 15239 15238 15235
f 15229 15230 15231 15232
f 15229 15232 15233 15234
f 15247 15248 15242 15241
f 15248 15249 15243 15242
f 15249 15250 15244 15243
f 15250 15251 15245 15244
f 15251 15252 15246 15245
f 15252 15247 15241 15246
f 15250 15249 15248 15247
f 15252 15251 15250 15247
f 15241 15242 15243 15244
f 15241 15244 15245 15246
f 15259 15260 15254 15253
f 15260 15261 15255 15254
f 15261 15262 15256 15255
f 15262 15263 15257 15256
f 15263 15264 15258 15257
f 15264 15259 15253 15258
f 15262 15261 15260 15259
f 15264 15263 15262 15259
f 15253 15254 15255 15256
f 15253 15256 15257 15258
f 15271 15272 15266 15265
f 15272 15273 15267 15266
f 15273 15274 15268 15267
f 15274 15275 15269 15268
f 15275 15276 15270 15269
f 15276 15271 15265 15270
f 15274 15273 15272 15271
f 15276 15275 15274 15271
f 15265 15266 15267 15268
f 15265 15268 15269 15270
f 15283 15284 15278 15277
f 15284 15285 15279 15278
f 15285 15286 15280 15279
f 15286 15287 15281 15280
f 15287 15288 15282 15281
f 15288 15283 15277 15282
f 15286 15285 15284 15283
f 15288 15287 15286 15283
f 15277 15278 15279 15280
f 15277 15280 15281 15282
f 15295 15296 15290 15289
f 15296 15297 15291 15290
f 15297 15298 15292 15291
f 15298 15299 15293 15292
f 15299 15300 15294 15293
f 15300 15295 15289 15294
f 15298 15297 15296 15295
f 15300 15299 15298 15295
f 15289 15290 15291 15292
f 15289 15292 15293 15294
f 15307 15308 15302 15301
f 15308 15309 15303 15302
f 15309 15310 15304 15303
f 15310 15311 15305 15304
f 15311 15312 15306 15305
f 15312 15307 15301 15306
f 15310 15309 15308 15307
f 15312 15311 15310 15307
f 15301 15302 15303 15304
f 15301 15304 15305 15306
f 15319 15320 15314 15313
f 15320 15321 15315 15314
f 15321 15322 15316 15315
f 15322 15323 15317 15316
f 15323 15324 15318 15317
f 15324 15319 15313 15318
f 15322 15321 15320 15319
f 15324 15323 15322 15319
f 15313 15314 15315 15316
f 15313 15316 15317 15318
f 15331 15332 15326 15325
f 15332 15333 15327 15326
f 15333 15334 15328 15327
f 15334 15335 15329 15328
f 15335 15336 15330 15329
f 15336 15331 15325 15330
f 15334 15333 15332 15331
f 15336 15335 15334 15331
f 15325 15326 15327 15328
f 15325 15328 15329 15330
f 15343 15344 15338 15337
f 15344 15345 15339 15338
f 15345 15346 15340 15339
f 15346 15347 15341 15340
f 15347 15348 15342 15341
f 15348 15343 15337 15342
f 15346 15345 15344 15343
f 15348 15347 15346 15343
f 15337 15338 15339 15340
f 15337 15340 15341 15342
f 15355 15356 15350 15349
f 15356 15357 15351 15350
f 15357 15358 15352 15351
f 15358 15359 15353 15352
f 15359 15360 15354 15353
f 15360 15355 15349 15354
f 15358 15357 15356 15355
f 15360 15359 15358 15355
f 15349 15350 15351 15352
f 15349 15352 15353 15354
f 15367 15368 15362 15361
f 15368 15369 15363 15362
f 15369 15370 15364 15363
f 15370 15371 15365 15364
f 15371 15372 15366 15365
f 15372 15367 15361 15366
f 15370 15369 15368 15367
f 15372 15371 15370 15367
f 15361 15362 15363 15364
f 15361 15364 15365 15366
f 15379 15380 15374 15373
f 15380 15381 15375 15374
f 15381 15382 15376 15375
f 15382 15383 15377 15376
f 15383 15384 15378 15377
f 15384 15379 15373 15378
f 15382 15381 15380 15379
f 15384 15383 15382 15379
f 15373 15374 15375 15376
f 15373 15376 15377 15378
f 15391 15392 15386 15385
f 15392 15393 15387 15386
f 15393 15394 15388 15387
f 15394 15395 15389 15388
f 15395 15396 15390 15389
f 15396 15391 15385 15390
f 15394 15393 15392 15391
f 15396 15395 15394 15391
f 15385 15386 15387 15388
f 15385 15388 15389 15390
f 15403 15404 15398 15397
f 15404 15405 15399 15398
f 15405 15406 15400 15399
f 15406 15407 15401 15400
f 15407 15408 15402 15401
f 15408 15403 15397 15402
f 15406 15405 15404 15403
f 15408 15407 15406 15403
f 15397 15398 15399 15400
f 15397 15400 15401 15402
f 15415 15416 15410 15409
f 15416 15417 15411 15410
f 15417 15418 15412 15411
f 15418 15419 15413 15412
f 15419 15420 15414 15413
f 15420 15415 15409 15414
f 15418 15417 15416 15415
f 15420 15419 15418 15415
f 15409 15410 15411 15412
f 15409 15412 15413 15414
f 15427 15428 15422 15421
f 15428 15429 15423 15422
f 15429 15430 15424 15423
f 15430 15431 15425 15424
f 15431 15432 15426 15425
f 15432 15427 15421 15426
f 15430 15429 15428 15427
f 15432 15431 15430 15427
f 15421 15422 15423 15424
f 15421 15424 15425 15426
f 15439 15440 15434 15433
f 15440 15441 15435 15434
f 15441 15442 15436 15435
f 15442 15443 15437 15436
f 15443 15444 15438 15437
f 15444 15439 15433 15438
f 15442 15441 15440 15439
f 15444 15443 15442 15439
f 15433 15434 15435 15436
f 15433 15436 15437 15438
f 15451 15452 15446 15445
f 15452 15453 15447 15446
f 15453 15454 15448 15447
f 15454 15455 15449 15448
f 15455 15456 15450 15449
f 15456 15451 15445 15450
f 15454 15453 15452 15451
f 15456 15455 15454 15451
f 15445 15446 15447 15448
f 15445 15448 15449 15450
f 15463 15464 15458 15457
f 15464 15465 15459 15458
f 15465 15466 15460 15459
f 15466 15467 15461 15460
f 15467 15468 15462 15461
f 15468 15463 15457 15462
f 15466 15465 15464 15463
f 15468 15467 15466 15463
f 15457 15458 15459 15460
f 15457 15460 15461 15462
f 15475 15476 15470 15469
f 15476 15477 15471 15470
f 15477 15478 15472 15471
f 15478 15479 15473 15472
f 15479 15480 15474 15473
f 15480 15475 15469 15474
f 15478 15477 15476 15475
f 15480 15479 15478 15475
f 15469 15470 15471 15472
f 15469 15472 15473 15474
f 15487 15488 15482 15481
f 15488 15489 15483 15482
f 15489 15490 15484 15483
f 15490 15491 15485 15484
f 15491 15492 15486 15485
f 15492 15487 15481 15486
f 15490 15489 15488 15487
f 15492 15491 15490 15487
f 15481 15482 15483 15484
f 15481 15484 15485 15486
f 15499 15500 15494 15493
f 15500 15501 15495 15494
f 15501 15502 15496 15495
f 15502 15503 15497 15496
f 15503 15504 15498 15497
f 15504 15499 15493 15498
f 15502 15501 15500 15499
f 15504 15503 15502 15499
f 15493 15494 15495 15496
f 15493 15496 15497 15498
f 15511 15512 15506 15505
f 15512 15513 15507 15506
f 15513 15514 15508 15507
f 15514 15515 15509 15508
f 15515 15516 15510 15509
f 15516 15511 15505 15510
f 15514 15513 15512 15511
f 15516 15515 15514 15511
f 15505 15506 15507 15508
f 15505 15508 15509 15510
f 15523 15524 15518 15517
f 15524 15525 15519 15518
f 15525 15526 15520 15519
f 15526 15527 15521 15520
f 15527 15528 15522 15521
f 15528 15523 15517 15522
f 15526 15525 15524 15523
f 15528 15527 15526 15523
f 15517 15518 15519 15520
f 15517 15520 15521 15522
f 15535 15536 15530 15529
f 15536 15537 15531 15530
f 15537 15538 15532 15531
f 15538 15539 15533 15532
f 15539 15540 15534 15533
f 15540 15535 15529 15534
f 15538 15537 15536 15535
f 15540 15539 15538 15535
f 15529 15530 15531 15532
f 15529 15532 15533 15534
f 15547 15548 15542 15541
f 15548 15549 15543 15542
f 15549 15550 15544 15543
f 15550 15551 15545 15544
f 15551 15552 15546 15545
f 15552 15547 15541 15546
f 15550 15549 15548 15547
f 15552 15551 15550 15547
f 15541 15542 15543 15544
f 15541 15544 15545 15546
f 15559 15560 15554 15553
f 15560 15561 15555 15554
f 15561 15562 15556 15555
f 15562 15563 15557 15556
f 15563 15564 15558 15557
f 15564 15559 15553 15558
f 15562 15561 15560 15559
f 15564 15563 15562 15559
f 15553 15554 15555 15556
f 15553 15556 15557 15558
f 15571 15572 15566 15565
f 15572 15573 15567 15566
f 15573 15574 15568 15567
f 15574 15575 15569 15568
f 15575 15576 15570 15569
f 15576 15571 15565 15570
f 15574 15573 15572 15571
f 15576 15575 15574 15571
f 15565 15566 15567 15568
f 15565 15568 15569 15570
f 15583 15584 15578 15577
f 15584 15585 15579 15578
f 15585 15586 15580 15579
f 15586 15587 15581 15580
f 15587 15588 15582 15581
f 15588 15583 15577 15582
f 15586 15585 15584 15583
f 15588 15587 15586 15583
f 15577 15578 15579 15580
f 15577 15580 15581 15582
f 15595 15596 15590 15589
f 15596 15597 15591 15590
f 15597 15598 15592 15591
f 15598 15599 15593 15592
f 15599 15600 15594 15593
f 15600 15595 15589 15594
f 15598 15597 15596 15595
f 15600 15599 15598 15595
f 15589 15590 15591 15592
f 15589 15592 15593 15594
f 15607 15608 15602 15601
f 15608 15609 15603 15602
f 15609 15610 15604 15603
f 15610 15611 15605 15604
f 15611 15612 15606 15605
f 15612 15607 15601 15606
f 15610 15609 15608 15607
f 15612 15611 15610 15607
f 15601 15602 15603 15604
f 15601 15604 15605 15606
f 15619 15620 15614 15613
f 15620 15621 15615 15614
f 15621 15622 15616 15615
f 15622 15623 15617 15616
f 15623 15624 15618 15617
f 15624 15619 15613 15618
f 15622 15621 15620 15619
f 15624 15623 15622 15619
f 15613 15614 15615 15616
f 15613 15616 15617 15618
f 15631 15632 15626 15625
f 15632 15633 15627 15626
f 15633 15634 15628 15627
f 15634 15635 15629 15628
f 15635 15636 15630 15629
f 15636 15631 15625 15630
f 15634 15633 15632 15631
f 15636 15635 15634 15631
f 15625 15626 15627 15628
f 15625 15628 15629 15630
f 15643 15644 15638 15637
f 15644 15645 15639 15638
f 15645 15646 15640 15639
f 15646 15647 15641 15640
f 15647 15648 15642 15641
f 15648 15643 15637 15642
f 15646 15645 15644 15643
f 15648 15647 15646 15643
f 15637 15638 15639 15640
f 15637 15640 15641 15642
f 15655 15656 15650 15649
f 15656 15657 15651 15650
f 15657 15658 15652 15651
f 15658 15659 15653 15652
f 15659 15660 15654 15653
f 15660 15655 15649 15654
f 15658 15657 15656 15655
f 15660 15659 15658 15655
f 15649 15650 15651 15652
f 15649 15652 15653 15654
f 15667 15668 15662 15661
f 15668 15669 15663 15662
f 15669 15670 15664 15663
f 15670 15671 15665 15664
f 15671 15672 15666 15665
f 15672 15667 15661 15666
f 15670 15669 15668 15667
f 15672 15671 15670 15667
f 15661 15662 15663 15664
f 15661 15664 15665 15666
f 15679 15680 15674 15673
f 15680 15681 15675 15674
f 15681 15682 15676 15675
f 15682 15683 15677 15676
f 15683 15684 15678 15677
f 15684 15679 15673 15678
f 15682 15681 15680 15679
f 15684 15683 15682 15679
f 15673 15674 15675 15676
f 15673 15676 15677 15678
f 15691 15692 15686 15685
f 15692 15693 15687 15686
f 15693 15694 15688 15687
f 15694 15695 15689 15688
f 15695 15696 15690 15689
f 15696 15691 15685 15690
f 15694 15693 15692 15691
f 15696 15695 15694 15691
f 15685 15686 15687 15688
f 15685 15688 15689 15690
f 15703 15704 15698 15697
f 15704 15705 15699 15698
f 15705 15706 15700 15699
f 15706 15707 15701 15700
f 15707 15708 15702 15701
f 15708 15703 15697 15702
f 15706 15705 15704 15703
f 15708 15707 15706 15703
f 15697 15698 15699 15700
f 15697 15700 15701 15702
f 15715 15716 15710 15709
f 15716 15717 15711 15710
f 15717 15718 15712 15711
f 15718 15719 15713 15712
f 15719 15720 15714 15713
f 15720 15715 15709 15714
f 15718 15717 15716 15715
f 15720 15719 15718 15715
f 15709 15710 15711 15712
f 15709 15712 15713 15714
f 15727 15728 15722 15721
f 15728 15729 15723 15722
f 15729 15730 15724 15723
f 15730 15731 15725 15724
f 15731 15732 15726 15725
f 15732 15727 15721 15726
f 15730 15729 15728 15727
f 15732 15731 15730 15727
f 15721 15722 15723 15724
f 15721 15724 15725 15726
f 15739 15740 15734 15733
f 15740 15741 15735 15734
f 15741 15742 15736 15735
f 15742 15743 15737 15736
f 15743 15744 15738 15737
f 15744 15739 15733 15738
f 15742 15741 15740 15739
f 15744 15743 15742 15739
f 15733 15734 15735 15736
f 15733 15736 15737 15738
f 15751 15752 15746 15745
f 15752 15753 15747 15746
f 15753 15754 15748 15747
f 15754 15755 15749 15748
f 15755 15756 15750 15749
f 15756 15751 15745 15750
f 15754 15753 15752 15751
f 15756 15755 15754 15751
f 15745 15746 15747 15748
f 15745 15748 15749 15750
f 15763 15764 15758 15757
f 15764 15765 15759 15758
f 15765 15766 15760 15759
f 15766 15767 15761 15760
f 15767 15768 15762 15761
f 15768 15763 15757 15762
f 15766 15765 15764 15763
f 15768 15767 15766 15763
f 15757 15758 15759 15760
f 15757 15760 15761 15762
f 15775 15776 15770 15769
f 15776 15777 15771 15770
f 15777 15778 15772 15771
f 15778 15779 15773 15772
f 15779 15780 15774 15773
f 15780 15775 15769 15774
f 15778 15777 15776 15775
f 15780 15779 15778 15775
f 15769 15770 15771 15772
f 15769 15772 15773 15774
f 15787 15788 15782 15781
f 15788 15789 15783 15782
f 15789 15790 15784 15783
f 15790 15791 15785 15784
f 15791 15792 15786 15785
f 15792 15787 15781 15786
f 15790 15789 15788 15787
f 15792 15791 15790 15787
f 15781 15782 15783 15784
f 15781 15784 15785 15786
f 15799 15800 15794 15793
f 15800 15801 15795 15794
f 15801 15802 15796 15795
f 15802 15803 15797 15796
f 15803 15804 15798 15797
f 15804 15799 15793 15798
f 15802 15801 15800 15799
f 15804 15803 15802 15799
f 15793 15794 15795 15796
f 15793 15796 15797 15798
f 15811 15812 15806 15805
f 15812 15813 15807 15806
f 15813 15814 15808 15807
f 15814 15815 15809 15808
f 15815 15816 15810 15809
f 15816 15811 15805 15810
f 15814 15813 15812 15811
f 15816 15815 15814 15811
f 15805 15806 15807 15808
f 15805 15808 15809 15810
f 15823 15824 15818 15817
f 15824 15825 15819 15818
f 15825 15826 15820 15819
f 15826 15827 15821 15820
f 15827 15828 15822 15821
f 15828 15823 15817 15822
f 15826 15825 15824 15823
f 15828 15827 15826 15823
f 15817 15818 15819 15820
f 15817 15820 15821 15822
f 15835 15836 15830 15829
f 15836 15837 15831 15830
f 15837 15838 15832 15831
f 15838 15839 15833 15832
f 15839 15840 15834 15833
f 15840 15835 15829 15834
f 15838 15837 15836 15835
f 15840 15839 15838 15835
f 15829 15830 15831 15832
f 15829 15832 15833 15834
f 15847 15848 15842 15841
f 15848 15849 15843 15842
f 15849 15850 15844 15843
f 15850 15851 15845 15844
f 15851 15852 15846 15845
f 15852 15847 15841 15846
f 15850 15849 15848 15847
f 15852 15851 15850 15847
f 15841 15842 15843 15844
f 15841 15844 15845 15846
f 15859 15860 15854 15853
f 15860 15861 15855 15854
f 15861 15862 15856 15855
f 15862 15863 15857 15856
f 15863 15864 15858 15857
f 15864 15859 15853 15858
f 15862 15861 15860 15859
f 15864 15863 15862 15859
f 15853 15854 15855 15856
f 15853 15856 15857 15858
f 15871 15872 15866 15865
f 15872 15873 15867 15866
f 15873 15874 15868 15867
f 15874 15875 15869 15868
f 15875 15876 15870 15869
f 15876 15871 15865 15870
f 15874 15873 15872 15871
f 15876 15875 15874 15871
f 15865 15866 15867 15868
f 15865 15868 15869 15870
f 15883 15884 15878 15877
f 15884 15885 15879 15878
f 15885 15886 15880 15879
f 15886 15887 15881 15880
f 15887 15888 15882 15881
f 15888 15883 15877 15882
f 15886 15885 15884 15883
f 15888 15887 15886 15883
f 15877 15878 15879 15880
f 15877 15880 15881 15882
f 15895 15896 15890 15889
f 15896 15897 15891 15890
f 15897 15898 15892 15891
f 15898 15899 15893 15892
f 15899 15900 15894 15893
f 15900 15895 15889 15894
f 15898 15897 15896 15895
f 15900 15899 15898 15895
f 15889 15890 15891 15892
f 15889 15892 15893 15894
f 15907 15908 15902 15901
f 15908 15909 15903 15902
f 15909 15910 15904 15903
f 15910 15911 15905 15904
f 15911 15912 15906 15905
f 15912 15907 15901 15906
f 15910 15909 15908 15907
f 15912 15911 15910 15907
f 15901 15902 15903 15904
f 15901 15904 15905 15906
f 15919 15920 15914 15913
f 15920 15921 15915 15914
f 15921 15922 15916 15915
f 15922 15923 15917 15916
f 15923 15924 15918 15917
f 15924 15919 15913 15918
f 15922 15921 15920 15919
f 15924 15923 15922 15919
f 15913 15914 15915 15916
f 15913 15916 15917 15918
f 15931 15932 15926 15925
f 15932 15933 15927 15926
f 15933 15934 15928 15927
f 15934 15935 15929 15928
f 15935 15936 15930 15929
f 15936 15931 15925 15930
f 15934 15933 15932 15931
f 15936 15935 15934 15931
f 15925 15926 15927 15928
f 15925 15928 15929 15930
f 15943 15944 15938 15937
f 15944 15945 15939 15938
f 15945 15946 15940 15939
f 15946 15947 15941 15940
f 15947 15948 15942 15941
f 15948 15943 15937 15942
f 15946 15945 15944 15943
f 15948 15947 15946 15943
f 15937 15938 15939 15940
f 15937 15940 15941 15942
f 15955 15956 15950 15949
f 15956 15957 15951 15950
f 15957 15958 15952 15951
f 15958 15959 15953 15952
f 15959 15960 15954 15953
f 15960 15955 15949 15954
f 15958 15957 15956 15955
f 15960 15959 15958 15955
f 15949 15950 15951 15952
f 15949 15952 15953 15954
f 15967 15968 15962 15961
f 15968 15969 15963 15962
f 15969 15970 15964 15963
f 15970 15971 15965 15964
f 15971 15972 15966 15965
f 15972 15967 15961 15966
f 15970 15969 15968 15967
f 15972 15971 15970 15967
f 15961 15962 15963 15964
f 15961 15964 15965 15966
f 15979 15980 15974 15973
f 15980 15981 15975 15974
f 15981 15982 15976 15975
f 15982 15983 15977 15976
f 15983 15984 15978 15977
f 15984 15979 15973 15978
f 15982 15981 15980 15979
f 15984 15983 15982 15979
f 15973 15974 15975 15976
f 15973 15976 15977 15978
f 15991 15992 15986 15985
f 15992 15993 15987 15986
f 15993 15994 15988 15987
f 15994 15995 15989 15988
f 15995 15996 15990 15989
f 15996 15991 15985 15990
f 15994 15993 15992 15991
f 15996 15995 15994 15991
f 15985 15986 15987 15988
f 15985 15988 15989 15990
f 16003 16004 15998 15997
f 16004 16005 15999 15998
f 16005 16006 16000 15999
f 16006 16007 16001 16000
f 16007 16008 16002 16001
f 16008 16003 15997 16002
f 16006 16005 16004 16003
f 16008 16007 16006 16003
f 15997 15998 15999 16000
f 15997 16000 16001 16002
f 16015 16016 16010 16009
f 16016 16017 16011 16010
f 16017 16018 16012 16011
f 16018 16019 16013 16012
f 16019 16020 16014 16013
f 16020 16015 16009 16014
f 16018 16017 16016 16015
f 16020 16019 16018 16015
f 16009 16010 16011 16012
f 16009 16012 16013 16014
f 16027 16028 16022 16021
f 16028 16029 16023 16022
f 16029 16030 16024 16023
f 16030 16031 16025 16024
f 16031 16032 16026 16025
f 16032 16027 16021 16026
f 16030 16029 16028 16027
f 16032 16031 16030 16027
f 16021 16022 16023 16024
f 16021 16024 16025 16026
f 16039 16040 16034 16033
f 16040 16041 16035 16034
f 16041 16042 16036 16035
f 16042 16043 16037 16036
f 16043 16044 16038 16037
f 16044 16039 16033 16038
f 16042 16041 16040 16039
f 16044 16043 16042 16039
f 16033 16034 16035 16036
f 16033 16036 16037 16038
f 16051 16052 16046 16045
f 16052 16053 16047 16046
f 16053 16054 16048 16047
f 16054 16055 16049 16048
f 16055 16056 16050 16049
f 16056 16051 16045 16050
f 16054 16053 16052 16051
f 16056 16055 16054 16051
f 16045 16046 16047 16048
f 16045 16048 16049 16050
f 16063 16064 16058 16057
f 16064 16065 16059 16058
f 16065 16066 16060 16059
f 16066 16067 16061 16060
f 16067 16068 16062 16061
f 16068 16063 16057 16062
f 16066 16065 16064 16063
f 16068 16067 16066 16063
f 16057 16058 16059 16060
f 16057 16060 16061 16062
f 16075 16076 16070 16069
f 16076 16077 16071 16070
f 16077 16078 16072 16071
f 16078 16079 16073 16072
f 16079 16080 16074 16073
f 16080 16075 16069 16074
f 16078 16077 16076 16075
f 16080 16079 16078 16075
f 16069 16070 16071 16072
f 16069 16072 16073 16074
f 16087 16088 16082 16081
f 16088 16089 16083 16082
f 16089 16090 16084 16083
f 16090 16091 16085 16084
f 16091 16092 16086 16085
f 16092 16087 16081 16086
f 16090 16089 16088 16087
f 16092 16091 16090 16087
f 16081 16082 16083 16084
f 16081 16084 16085 16086
f 16099 16100 16094 16093
f 16100 16101 16095 16094
f 16101 16102 16096 16095
f 16102 16103 16097 16096
f 16103 16104 16098 16097
f 16104 16099 16093 16098
f 16102 16101 16100 16099
f 16104 16103 16102 16099
f 16093 16094 16095 16096
f 16093 16096 16097 16098
f 16111 16112 16106 16105
f 16112 16113 16107 16106
f 16113 16114 16108 16107
f 16114 16115 16109 16108
f 16115 16116 16110 16109
f 16116 16111 16105 16110
f 16114 16113 16112 16111
f 16116 16115 16114 16111
f 16105 16106 16107 16108
f 16105 16108 16109 16110
f 16123 16124 16118 16117
f 16124 16125 16119 16118
f 16125 16126 16120 16119
f 16126 16127 16121 16120
f 16127 16128 16122 16121
f 16128 16123 16117 16122
f 16126 16125 16124 16123
f 16128 16127 16126 16123
f 16117 16118 16119 16120
f 16117 16120 16121 16122
f 16135 16136 16130 16129
f 16136 16137 16131 16130
f 16137 16138 16132 16131
f 16138 16139 16133 16132
f 16139 16140 16134 16133
f 16140 16135 16129 16134
f 16138 16137 16136 16135
f 16140 16139 16138 16135
f 16129 16130 16131 16132
f 16129 16132 16133 16134
f 16147 16148 16142 16141
f 16148 16149 16143 16142
f 16149 16150 16144 16143
f 16150 16151 16145 16144
f 16151 16152 16146 16145
f 16152 16147 16141 16146
f 16150 16149 16148 16147
f 16152 16151 16150 16147
f 16141 16142 16143 16144
f 16141 16144 16145 16146
f 16159 16160 16154 16153
f 16160 16161 16155 16154
f 16161 16162 16156 16155
f 16162 16163 16157 16156
f 16163 16164 16158 16157
f 16164 16159 16153 16158
f 16162 16161 16160 16159
f 16164 16163 16162 16159
f 16153 16154 16155 16156
f 16153 16156 16157 16158
f 16171 16172 16166 16165
f 16172 16173 16167 16166
f 16173 16174 16168 16167
f 16174 16175 16169 16168
f 16175 16176 16170 16169
f 16176 16171 16165 16170
f 16174 16173 16172 16171
f 16176 16175 16174 16171
f 16165 16166 16167 16168
f 16165 16168 16169 16170
f 16183 16184 16178 16177
f 16184 16185 16179 16178
f 16185 16186 16180 16179
f 16186 16187 16181 16180
f 16187 16188 16182 16181
f 16188 16183 16177 16182
f 16186 16185 16184 16183
f 16188 16187 16186 16183
f 16177 16178 16179 16180
f 16177 16180 16181 16182
f 16195 16196 16190 16189
f 16196 16197 16191 16190
f 16197 16198 16192 16191
f 16198 16199 16193 16192
f 16199 16200 16194 16193
f 16200 16195 16189 16194
f 16198 16197 16196 16195
f 16200 16199 16198 16195
f 16189 16190 16191 16192
f 16189 16192 16193 16194
f 16205 16206 16202 16201
f 16206 16207 16203 16202
f 16207 16208 16204 16203
f 16208 16205 16201 16204
f 16208 16207 16206 16205
f 16201 16202 16203 16204
f 16213 16214 16210 16209
f 16214 16215 16211 16210
f 16215 16216 16212 16211
f 16216 16213 16209 16212
f 16216 16215 16214 16213
f 16209 16210 16211 16212
f 16221 16222 16218 16217
f 16222 16223 16219 16218
f 16223 16224 16220 16219
f 16224 16221 16217 16220
f 16224 16223 16222 16221
f 16217 16218 16219 16220
f 16229 16230 16226 16225
f 16230 16231 16227 16226
f 16231 16232 16228 16227
f 16232 16229 16225 16228
f 16232 16231 16230 16229
f 16225 16226 16227 16228
f 16237 16238 16234 16233
f 16238 16239 16235 16234
f 16239 16240 16236 16235
f 16240 16237 16233 16236
f 16240 16239 16238 16237
f 16233 16234 16235 16236
f 16245 16246 16242 16241
f 16246 16247 16243 16242
f 16247 16248 16244 16243
f 16248 16245 16241 16244
f 16248 16247 16246 16245
f 16241 16242 16243 16244
f 16253 16254 16250 16249
f 16254 16255 16251 16250
f 16255 16256 16252 16251
f 16256 16253 16249 16252
f 16256 16255 16254 16253
f 16249 16250 16251 16252
f 16261 16262 16258 16257
f 16262 16263 16259 16258
f 16263 16264 16260 16259
f 16264 16261 16257 16260
f 16264 16263 16262 16261
f 16257 16258 16259 16260
f 16269 16270 16266 16265
f 16270 16271 16267 16266
f 16271 16272 16268 16267
f 16272 16269 16265 16268
f 16272 16271 16270 16269
f 16265 16266 16267 16268
f 16277 16278 16274 16273
f 16278 16279 16275 16274
f 16279 16280 16276 16275
f 16280 16277 16273 16276
f 16280 16279 16278 16277
f 16273 16274 16275 16276
f 16285 16286 16282 16281
f 16286 16287 16283 16282
f 16287 16288 16284 16283
f 16288 16285 16281 16284
f 16288 16287 16286 16285
f 16281 16282 16283 16284
f 16293 16294 16290 16289
f 16294 16295 16291 16290
f 16295 16296 16292 16291
f 16296 16293 16289 16292
f 16296 16295 16294 16293
f 16289 16290 16291 16292
f 16301 16302 16298 16297
f 16302 16303 16299 16298
f 16303 16304 16300 16299
f 16304 16301 16297 16300
f 16304 16303 16302 16301
f 16297 16298 16299 16300
f 16309 16310 16306 16305
f 16310 16311 16307 16306
f 16311 16312 16308 16307
f 16312 16309 16305 16308
f 16312 16311 16310 16309
f 16305 16306 16307 16308
f 16317 16318 16314 16313
f 16318 16319 16315 16314
f 16319 16320 16316 16315
f 16320 16317 16313 16316
f 16320 16319 16318 16317
f 16313 16314 16315 16316
f 16325 16326 16322 16321
f 16326 16327 16323 16322
f 16327 16328 16324 16323
f 16328 16325 16321 16324
f 16328 16327 16326 16325
f 16321 16322 16323 16324
f 16333 16334 16330 16329
f 16334 16335 16331 16330
f 16335 16336 16332 16331
f 16336 16333 16329 16332
f 16336 16335 16334 16333
f 16329 16330 16331 16332
f 16341 16342 16338 16337
f 16342 16343 16339 16338
f 16343 16344 16340 16339
f 16344 16341 16337 16340
f 16344 16343 16342 16341
f 16337 16338 16339 16340
f 16349 16350 16346 16345
f 16350 16351 16347 16346
f 16351 16352 16348 16347
f 16352 16349 16345 16348
f 16352 16351 16350 16349
f 16345 16346 16347 16348
f 16357 16358 16354 16353
f 16358 16359 16355 16354
f 16359 16360 16356 16355
f 16360 16357 16353 16356
f 16360 16359 16358 16357
f 16353 16354 16355 16356
f 16365 16366 16362 16361
f 16366 16367 16363 16362
f 16367 16368 16364 16363
f 16368 16365 16361 16364
f 16368 16367 16366 16365
f 16361 16362 16363 16364
f 16373 16374 16370 16369
f 16374 16375 16371 16370
f 16375 16376 16372 16371
f 16376 16373 16369 16372
f 16376 16375 16374 16373
f 16369 16370 16371 16372
f 16381 16382 16378 16377
f 16382 16383 16379 16378
f 16383 16384 16380 16379
f 16384 16381 16377 16380
f 16384 16383 16382 16381
f 16377 16378 16379 16380
f 16389 16390 16386 16385
f 16390 16391 16387 16386
f 16391 16392 16388 16387
f 16392 16389 16385 16388
f 16392 16391 16390 16389
f 16385 16386 16387 16388
f 16397 16398 16394 16393
f 16398 16399 16395 16394
f 16399 16400 16396 16395
f 16400 16397 16393 16396
f 16400 16399 16398 16397
f 16393 16394 16395 16396
f 16405 16406 16402 16401
f 16406 16407 16403 16402
f 16407 16408 16404 16403
f 16408 16405 16401 16404
f 16408 16407 16406 16405
f 16401 16402 16403 16404
f 16413 16414 16410 16409
f 16414 16415 16411 16410
f 16415 16416 16412 16411
f 16416 16413 16409 16412
f 16416 16415 16414 16413
f 16409 16410 16411 16412
f 16421 16422 16418 16417
f 16422 16423 16419 16418
f 16423 16424 16420 16419
f 16424 16421 16417 16420
f 16424 16423 16422 16421
f 16417 16418 16419 16420
f 16429 16430 16426 16425
f 16430 16431 16427 16426
f 16431 16432 16428 16427
f 16432 16429 16425 16428
f 16432 16431 16430 16429
f 16425 16426 16427 16428
f 16437 16438 16434 16433
f 16438 16439 16435 16434
f 16439 16440 16436 16435
f 16440 16437 16433 16436
f 16440 16439 16438 16437
f 16433 16434 16435 16436
f 16445 16446 16442 16441
f 16446 16447 16443 16442
f 16447 16448 16444 16443
f 16448 16445 16441 16444
f 16448 16447 16446 16445
f 16441 16442 16443 16444
f 16453 16454 16450 16449
f 16454 16455 16451 16450
f 16455 16456 16452 16451
f 16456 16453 16449 16452
f 16456 16455 16454 16453
f 16449 16450 16451 16452
f 16461 16462 16458 16457
f 16462 16463 16459 16458
f 16463 16464 16460 16459
f 16464 16461 16457 16460
f 16464 16463 16462 16461
f 16457 16458 16459 16460
f 16469 16470 16466 16465
f 16470 16471 16467 16466
f 16471 16472 16468 16467
f 16472 16469 16465 16468
f 16472 16471 16470 16469
f 16465 16466 16467 16468
f 16477 16478 16474 16473
f 16478 16479 16475 16474
f 16479 16480 16476 16475
f 16480 16477 16473 16476
f 16480 16479 16478 16477
f 16473 16474 16475 16476
f 16485 16486 16482 16481
f 16486 16487 16483 16482
f 16487 16488 16484 16483
f 16488 16485 16481 16484
f 16488 16487 16486 16485
f 16481 16482 16483 16484
f 16493 16494 16490 16489
f 16494 16495 16491 16490
f 16495 16496 16492 16491
f 16496 16493 16489 16492
f 16496 16495 16494 16493
f 16489 16490 16491 16492
f 16501 16502 16498 16497
f 16502 16503 16499 16498
f 16503 16504 16500 16499
f 16504 16501 16497 16500
f 16504 16503 16502 16501
f 16497 16498 16499 16500
f 16509 16510 16506 16505
f 16510 16511 16507 16506
f 16511 16512 16508 16507
f 16512 16509 16505 16508
f 16512 16511 16510 16509
f 16505 16506 16507 16508
f 16517 16518 16514 16513
f 16518 16519 16515 16514
f 16519 16520 16516 16515
f 16520 16517 16513 16516
f 16520 16519 16518 16517
f 16513 16514 16515 16516
f 16525 16526 16522 16521
f 16526 16527 16523 16522
f 16527 16528 16524 16523
f 16528 16525 16521 16524
f 16528 16527 16526 16525
f 16521 16522 16523 16524
f 16533 16534 16530 16529
f 16534 16535 16531 16530
f 16535 16536 16532 16531
f 16536 16533 16529 16532
f 16536 16535 16534 16533
f 16529 16530 16531 16532
f 16541 16542 16538 16537
f 16542 16543 16539 16538
f 16543 16544 16540 16539
f 16544 16541 16537 16540
f 16544 16543 16542 16541
f 16537 16538 16539 16540
f 16549 16550 16546 16545
f 16550 16551 16547 16546
f 16551 16552 16548 16547
f 16552 16549 16545 16548
f 16552 16551 16550 16549
f 16545 16546 16547 16548
f 16557 16558 16554 16553
f 16558 16559 16555 16554
f 16559 16560 16556 16555
f 16560 16557 16553 16556
f 16560 16559 16558 16557
f 16553 16554 16555 16556
f 16565 16566 16562 16561
f 16566 16567 16563 16562
f 16567 16568 16564 16563
f 16568 16565 16561 16564
f 16568 16567 16566 16565
f 16561 16562 16563 16564
f 16573 16574 16570 16569
f 16574 16575 16571 16570
f 16575 16576 16572 16571
f 16576 16573 16569 16572
f 16576 16575 16574 16573
f 16569 16570 16571 16572
f 16581 16582 16578 16577
f 16582 16583 16579 16578
f 16583 16584 16580 16579
f 16584 16581 16577 16580
f 16584 16583 16582 16581
f 16577 16578 16579 16580
f 16589 16590 16586 16585
f 16590 16591 16587 16586
f 16591 16592 16588 16587
f 16592 16589 16585 16588
f 16592 16591 16590 16589
f 16585 16586 16587 16588
f 16597 16598 16594 16593
f 16598 16599 16595 16594
f 16599 16600 16596 16595
f 16600 16597 16593 16596
f 16600 16599 16598 16597
f 16593 16594 16595 16596
f 16605 16606 16602 16601
f 16606 16607 16603 16602
f 16607 16608 16604 16603
f 16608 16605 16601 16604
f 16608 16607 16606 16605
f 16601 16602 16603 16604
f 16613 16614 16610 16609
f 16614 16615 16611 16610
f 16615 16616 16612 16611
f 16616 16613 16609 16612
f 16616 16615 16614 16613
f 16609 16610 16611 16612
f 16621 16622 16618 16617
f 16622 16623 16619 16618
f 16623 16624 16620 16619
f 16624 16621 16617 16620
f 16624 16623 16622 16621
f 16617 16618 16619 16620
f 16629 16630 16626 16625
f 16630 16631 16627 16626
f 16631 16632 16628 16627
f 16632 16629 16625 16628
f 16632 16631 16630 16629
f 16625 16626 16627 16628
f 16637 16638 16634 16633
f 16638 16639 16635 16634
f 16639 16640 16636 16635
f 16640 16637 16633 16636
f 16640 16639 16638 16637
f 16633 16634 16635 16636
f 16645 16646 16642 16641
f 16646 16647 16643 16642
f 16647 16648 16644 16643
f 16648 16645 16641 16644
f 16648 16647 16646 16645
f 16641 16642 16643 16644
f 16653 16654 16650 16649
f 16654 16655 16651 16650
f 16655 16656 16652 16651
f 16656 16653 16649 16652
f 16656 16655 16654 16653
f 16649 16650 16651 16652
f 16661 16662 16658 16657
f 16662 16663 16659 16658
f 16663 16664 16660 16659
f 16664 16661 16657 16660
f 16664 16663 16662 16661
f 16657 16658 16659 16660
f 16669 16670 16666 16665
f 16670 16671 16667 16666
f 16671 16672 16668 16667
f 16672 16669 16665 16668
f 16672 16671 16670 16669
f 16665 16666 16667 16668
f 16677 16678 16674 16673
f 16678 16679 16675 16674
f 16679 16680 16676 16675
f 16680 16677 16673 16676
f 16680 16679 16678 16677
f 16673 16674 16675 16676
f 16685 16686 16682 16681
f 16686 16687 16683 16682
f 16687 16688 16684 16683
f 16688 16685 16681 16684
f 16688 16687 16686 16685
f 16681 16682 16683 16684
f 16693 16694 16690 16689
f 16694 16695 16691 16690
f 16695 16696 16692 16691
f 16696 16693 16689 16692
f 16696 16695 16694 16693
f 16689 16690 16691 16692
f 16701 16702 16698 16697
f 16702 16703 16699 16698
f 16703 16704 16700 16699
f 16704 16701 16697 16700
f 16704 16703 16702 16701
f 16697 16698 16699 16700
f 16709 16710 16706 16705
f 16710 16711 16707 16706
f 16711 16712 16708 16707
f 16712 16709 16705 16708
f 16712 16711 16710 16709
f 16705 16706 16707 16708
